codigo_viejo,codigo_nuevo,descripcion,estado,ts,error
PR000000000002,PR000001592336,Puente 230 para canales 60x230mm U23X,FAIL_VERIFY,2026-09-29T09:46:42,refs Also=4 Ferros=0 solo_Also=4 solo_Ferros=0
PR000000000004,PR000001592337,Placa universal toma de gases 93 U48X color blanco RAL9010,OK,2026-09-25T11:02:43,
PR000000000005,PR000001592339,Placa toma de gases 93 diámetro 39mm U48X aluminio,OK,2026-09-25T11:02:51,
PR000000000011,PR000001592340,Bandeja de escalera aislante 67 135x600 U48X gris RAL7035,OK,2026-09-25T11:02:58,
PR000000000013,PR000001592341,Bandeja de escalera aislante 67 85x400 U48X gris RAL7035,OK,2026-09-25T11:03:05,
PR000000000014,PR000001592342,Bandeja de escalera aislante 67 85x500 U48X gris RAL7035,OK,2026-09-25T11:03:12,
PR000000000020,PR000001592343,Cruce 67 85x200 R300 U48X gris RAL7035,OK,2026-09-25T11:03:20,
PR000000000026,PR000001592344,Curva plana de 45º 67 135x200 R600 U48X gris RAL7035,OK,2026-09-25T11:03:27,
PR000000000055,PR000001592345,Base atornillable poliamida 6.6 natural,OK,2026-09-25T11:03:34,
PR000000000068,PR000001592346,Ángulo vertical 67 135x600 U48X gris RAL7035,OK,2026-09-25T11:03:42,
PR000000000074,PR000001592347,Tornillo DIN 6921 60 M8x35 AISI 316,OK,2026-09-25T11:03:49,
PR000000000099,PR000001592348,Taco presión U63X diámetro 8mm poliamida 6 negro,OK,2026-09-25T11:03:56,
PR000000000101,PR000001592349,Base continua 31 140 U23X gris RAL7035,OK,2026-09-25T11:04:03,
PR000000000111,PR000001592350,Tornillo DIN 6921 66 con tuerca M8x25 acero galvanizado clase 6,OK,2026-09-25T11:04:10,
PR000000000139,PR000001592351,Base adhesiva poliamida 6.6 19mm natural,OK,2026-09-25T11:04:18,
PR000000000141,PR000001592352,Placa toma de gases 93 diámetro 48mm U48X color blanco RAL9010,OK,2026-09-25T11:04:25,
PR000000000205,PR000001592353,Tornillo PVC-M1 U23X M8x20 DIN603,OK,2026-09-25T11:04:32,
PR000000000208,PR000001592354,"Brida de uso exterior 7,6x520 U61X negro",OK,2026-09-25T11:04:40,
PR000000000219,PR000001592355,Canal 93 2 tapas 70x210 U23X blanco nieve,OK,2026-09-25T11:04:47,
PR000000000261,PR000001592356,Adaptador para 1 mecanismo SIMON U24X PVC blanco nieve,OK,2026-09-25T11:04:54,
PR000000000275,PR000001592357,Angulo plano 20x50 U42X blanco nieve,OK,2026-09-25T11:05:01,
PR000000000288,PR000001592358,Moldura sin tabique 78 PVC-M1 20x30 U23X blanco nieve,OK,2026-09-25T11:05:09,
PR000000000301,PR000001592359,Moldura autoadhesiva 16x16 U23X blanco nieve,OK,2026-09-25T11:05:16,
PR000000000313,PR000001592360,Angulo interior PVC P/78033/78083 U24X blanco nieve,OK,2026-09-25T11:05:23,
PR000000000335,PR000001592361,Canal 73 PC+ABS 40x60 U41X blanco nieve,OK,2026-09-25T11:05:30,
PR000000000337,PR000001592370,Canal 73 PC+ABS 60x110 U41X blanco nieve,OK,2026-09-25T11:05:38,
PR000000000345,PR000001592371,Tabique separador PVC-M1 P/83-72/73 U23X blanco,OK,2026-09-25T11:05:45,
PR000000000348,PR000001592372,Canal 72/73 PVC-M1 60x90 U23X blanco nieve,OK,2026-09-25T11:05:52,
PR000000000350,PR000001592373,Canal 72/73 PVC-M1 60x150 U23X blanco nieve,OK,2026-09-25T11:05:59,
PR000000000351,PR000001592374,Canal 72/73 PVC-M1 60x110 U23X blanco nieve,OK,2026-09-25T11:06:06,
PR000000000353,PR000001592375,Canal 72/73 PVC-M1 60x130 U23X blanco nieve,OK,2026-09-25T11:06:14,
PR000000000354,PR000001592376,Canal 72/73 PVC-M1 40x60 U23X blanco nieve,OK,2026-09-25T11:06:21,
PR000000000355,PR000001592377,Canal 72/73 PVC-M1 40x40 U23X blanco nieve,OK,2026-09-25T11:06:28,
PR000000000359,PR000001592378,Canal 72/73 PVC-M1 30x40 U23X blanco nieve,OK,2026-09-25T11:06:35,
PR000000000366,PR000001592379,Canal 60x150 U23X gris RAL7035,OK,2026-09-25T11:06:43,
PR000000000386,PR000001592380,Soporte horizontal aislante gris RAL7038 200 U48X,OK,2026-09-25T11:06:50,
PR000000000397,PR000001592381,Tapa final reducción PVC-M1 P/66100/1 U23X gris,OK,2026-09-25T11:06:57,
PR000000000400,PR000001592382,Soporte L A-152mm senzimir,OK,2026-09-25T11:07:04,
PR000000000414,PR000001592383,Soporte horizontal PVC-M1 P/66200/1 U23X gris,OK,2026-09-25T11:07:11,
PR000000000433,PR000001592384,Curva plana 90º 60x200 U23X gris RAL7035,OK,2026-09-25T11:07:18,
PR000000000475,PR000001592385,Canal 07 PVC-M1 U23X 60x100 gris,OK,2026-09-25T11:07:26,
PR000000000477,PR000001592386,Canal 07 PVC-M1 U23X 60x60 gris,OK,2026-09-25T11:07:33,
PR000000000480,PR000001592387,Canal 07 PVC-M1 U23X 42x43 gris,OK,2026-09-25T11:07:40,
PR000000000487,PR000001592388,Tapa bandeja 60x300 PC+ABS sin halógenos U41X gris,OK,2026-09-25T11:07:49,
PR000000000497,PR000001592389,"Brida HD U71X 7,6x376 en color negro",OK,2026-09-25T11:07:57,
PR000000000499,PR000001592391,"Brida HD U71X 4,8x188 en color negro",OK,2026-09-25T11:08:05,
PR000000000500,PR000001592392,Bisagra horizontal gris RAL7035 60 U23X,OK,2026-09-25T11:08:13,
PR000000000529,PR000001592393,"Brida HD U71X 4,8x287 en color negro",OK,2026-09-25T11:08:20,
PR000000000550,PR000001592394,Tapa 150 U23X gris RAL7035,OK,2026-09-25T11:08:28,
PR000000000567,PR000001592395,Tapa curva plana 90º 200 U23X gris RAL7035,OK,2026-09-25T11:08:35,
PR000000000573,PR000001592396,Canal 93 1 tapa 50x80 U23X blanco nieve,OK,2026-09-25T11:08:44,
PR000000000582,PR000001592397,Manguito metros 18x1000 PVC plastificado amarillo,OK,2026-09-25T11:08:53,
PR000000000628,PR000001592398,Adaptador 1 mecanismo SYSTIMAX U24X 65mm blanco nieve,OK,2026-09-25T11:09:01,
PR000000000664,PR000001592399,Embellecedor suelo U24X gris,OK,2026-09-25T11:09:10,
PR000000000715,PR000001592400,Tapa final 50x80 U24X blanco nieve,OK,2026-09-25T11:09:19,
PR000000000765,PR000001592401,Tapa final PC+ABS 50x80 U42X blanco nieve,OK,2026-09-25T11:09:27,
PR000000000783,PR000001592402,Taco presión U63X diámetro 8mm poliamida 6 gris,OK,2026-09-25T11:09:37,
PR000000000789,PR000001592403,Canal PVC-M1 100x60 U23X gris,OK,2026-09-25T11:09:46,
PR000000000846,PR000001592404,Cubrejuntas 50x80 U24X blanco nieve,OK,2026-09-25T11:09:54,
PR000000000855,PR000001592405,Angulo plano PVC 72/73 Y 70 U24X blanco nieve,OK,2026-09-25T11:10:02,
PR000000000862,PR000001592406,Tabique separador para 73 60 U41X,OK,2026-09-25T11:10:11,
PR000000000872,PR000001592407,Canal para cableado 88 PC+ABS 42x60 U42X gris,OK,2026-09-25T11:10:19,
PR000000000884,PR000001592408,Tabique separador 50 U23X PVC-M1,OK,2026-09-25T11:10:27,
PR000000000890,PR000001592409,Adaptador 4 módulos MOSAIC 65 U24X blanco nieve,OK,2026-09-25T11:10:36,
PR000000000911,PR000001592410,Cubrejuntas 50x150 U24X blanco nieve,OK,2026-09-25T11:10:44,
PR000000000913,PR000001592411,Tapa final 50x150 U24X blanco nieve,OK,2026-09-25T11:28:41,
PR000000000914,PR000001592412,Angulo interior 50x150 U24X blanco nieve,OK,2026-09-25T11:28:49,
PR000000000917,PR000001592413,Canal 93 2 tapas 50x170 U23X blanco nieve,OK,2026-09-25T11:28:56,
PR000000000947,PR000001592414,"Placa para 4 módulos 22,5x45 MOSAIC U24X PVC blanco nieve",OK,2026-09-25T11:29:04,
PR000000000948,PR000001592415,"Placa para 2 módulos 22,5x45 MOSAIC U24X PVC blanco nieve",OK,2026-09-25T11:29:11,
PR000000000953,PR000001592416,Marco para mecanismo PVC 110x281mm U24X blanco nieve,OK,2026-09-25T11:29:18,
PR000000000958,PR000001592417,Tapa final PVC 72/73 para 73083 U24X blanco nieve,OK,2026-09-25T11:29:25,
PR000000000981,PR000001592418,Tapa final 60x150 U42X blanco nieve,OK,2026-09-25T11:29:33,
PR000000001000,PR000001592419,Canal 93 2 tapas 70x170 U23X blanco nieve,OK,2026-09-25T11:29:40,
PR000000001018,PR000001592420,Canal 93 1 tapa 70x100 U23X blanco nieve,OK,2026-09-25T11:29:47,
PR000000001025,PR000001592421,Bandeja 66 lisa U23X 100x200 gris,OK,2026-09-25T11:29:54,
PR000000001028,PR000001592422,Bandeja 66 lisa U23X 60x75 gris,OK,2026-09-25T11:30:01,
PR000000001031,PR000001592423,Taco presión U63X diámetro 6mm poliamida 6 negro,OK,2026-09-25T11:30:09,
PR000000001034,PR000001592424,Unión tramos U23X PVC-M1,OK,2026-09-25T11:30:16,
PR000000001037,PR000001592425,Angulo exterior 50x150 U24X blanco nieve,OK,2026-09-25T11:30:24,
PR000000001038,PR000001592426,Angulo plano 50x150 U24X blanco nieve,OK,2026-09-25T11:30:32,
PR000000001039,PR000001592427,Canal 93 2 tapas 50x150 U23X blanco nieve,OK,2026-09-25T11:30:39,
PR000000001042,PR000001592428,Caja SIMON 27 PVC modular 78 U24X blanco nieve,OK,2026-09-25T11:30:46,
PR000000001071,PR000001592429,Angulo plano PVC PARA 78031 U24X blanco nieve,OK,2026-09-25T11:30:53,
PR000000001073,PR000001592430,Caja alemana 60 blanco,OK,2026-09-25T11:31:00,
PR000000001075,PR000001592431,"Placa para 6 módulos 22,5x45 MOSAIC U24X PVC blanco nieve",OK,2026-09-25T11:40:23,
PR000000001076,PR000001592432,Marco para mecanismo PVC 130x286mm U24X blanco nieve,OK,2026-09-25T11:40:31,
PR000000001080,PR000001592433,Tapa final PVC 72/73 para 73084 U24X blanco nieve,OK,2026-09-25T11:40:39,
PR000000001176,PR000001592434,Canal para cableado 77 PVC-M1 60x80 U23X gris,OK,2026-09-25T11:40:48,
PR000000001177,PR000001592435,Canal para cableado 77 PVC-M1 60x60 U23X gris,OK,2026-09-25T11:40:56,
PR000000001180,PR000001592436,Canal para cableado 77 PVC-M1 42x43 U23X gris,OK,2026-09-25T11:41:05,
PR000000001191,PR000001592437,Unión tramos PVC-M1 U23X altura 60 gris,OK,2026-09-25T11:41:13,
PR000000001192,PR000001592438,Bisagra PVC-M1 U23X altura 60 gris,OK,2026-09-25T11:41:21,
PR000000001203,PR000001592439,Bandeja 66 lisa PVC-M1 U23X 60x100 gris,OK,2026-09-25T11:41:30,
PR000000001211,PR000001592440,Unión tramos sin perno U23X altura 60 gris,OK,2026-09-25T11:41:50,
PR000000001278,PR000001592441,Canal para cableado 77 PVC-M1 80x30mm U23X gris,OK,2026-09-25T11:41:58,
PR000000001280,PR000001592442,Soporte L A-252mm senzimir,OK,2026-09-25T11:42:06,
PR000000001283,PR000001592443,Canal para cableado 77 PVC-M1 80x43 U23X gris,OK,2026-09-25T11:42:13,
PR000000001284,PR000001592444,Canal para cableado 77 PVC-M1 60x43 U23X gris,OK,2026-09-25T11:42:20,
PR000000001288,PR000001592445,Canal para cableado 77 PVC-M1 25x20 U23X gris,OK,2026-09-25T11:42:27,
PR000000001299,PR000001592446,Tabique separador PVC-M1 altura 60 U23X gris,OK,2026-09-25T11:42:35,
PR000000001315,PR000001592447,Bandeja 66 lisa PVC-M1 U23X 60x300 gris,OK,2026-09-25T11:42:42,
PR000000001317,PR000001592448,Cubierta PVC-M1 P/66200/1 U23X gris,OK,2026-09-25T11:42:49,
PR000000001318,PR000001592449,Bandeja 66 lisa PVC-M1 U23X 60x200 gris,OK,2026-09-25T11:42:56,
PR000000001319,PR000001592450,Bandeja 66 perforada PVC-M1 U23X 60x200 gris,OK,2026-09-25T11:43:07,
PR000000001320,PR000001592451,Soporte vertical PVC-M1 66100/1 66150/1 U23X gris,OK,2026-09-25T11:49:42,
PR000000001321,PR000001592452,Bandeja 66 lisa PVC-M1 U23X 60x150 gris,OK,2026-09-25T11:49:51,
PR000000001323,PR000001592453,Cubierta PVC-M1 P/66100/1 U23X gris,OK,2026-09-25T11:49:59,
PR000000001324,PR000001592454,Cubierta PVC-M1 P/66070/1 U23X gris,OK,2026-09-25T11:50:08,
PR000000001328,PR000001592455,"Brida de uso exterior poliamida 6.6W 76x7,7x299 negro",OK,2026-09-25T11:50:16,
PR000000001330,PR000001592456,"Brida de uso exterior poliamida 6.6W 50x7,7x213 negro",OK,2026-09-25T11:50:24,
PR000000001332,PR000001592457,"Brida de uso interior poliamida 6.6 102x4,8x370 natural",OK,2026-09-25T11:50:33,
PR000000001333,PR000001592458,"Brida de uso exterior poliamida 6.6W 76x4,8x287 negro",OK,2026-09-25T11:50:41,
PR000000001334,PR000001592459,"Brida de uso interior poliamida 6.6 76x4,8x287 natural",OK,2026-09-25T11:50:53,
PR000000001335,PR000001592460,"Brida de uso exterior poliamida 6.6W 75x3,6x279 negro",OK,2026-09-25T11:51:01,
PR000000001336,PR000001592461,"Brida de uso exterior poliamida 6.6W 50x3,6x196 negro",OK,2026-09-25T11:51:11,
PR000000001349,PR000001592462,"Brida de uso exterior poliamida 6.6W 50x2,5x190 negro",OK,2026-09-25T11:51:19,
PR000000001409,PR000001592463,"Brida de uso exterior poliamida 6.6W 102x4,8x370 negro",OK,2026-09-25T11:51:27,
PR000000001410,PR000001592464,"Brida de uso exterior poliamida 6.6W 45x4,8x188 negro",OK,2026-09-25T11:51:35,
PR000000001411,PR000001592465,"Brida de uso interior poliamida 6.6 45x4,8x188 natural",OK,2026-09-25T11:51:44,
PR000000001412,PR000001592466,"Brida de uso interior poliamida 6.6 75x3,6x279 natural",OK,2026-09-25T11:51:52,
PR000000001413,PR000001592467,"Brida de uso interior poliamida 6.6 50x3,6x196 natural",OK,2026-09-25T11:52:01,
PR000000001479,PR000001592468,"Brida de uso interior poliamida 6.6 203x7,7x704 natural",OK,2026-09-25T11:52:09,
PR000000001480,PR000001592469,"Brida de uso exterior poliamida 6.6W 102x7,7x376 negro",OK,2026-09-25T11:52:18,
PR000000001579,PR000001592470,Adaptador 93 SIMON 500 CIMA 65 U24X blanco,OK,2026-09-25T11:52:26,
PR000000001602,PR000001592471,Conmutador de superficie de la gama MUREVA STYL gris,OK,2026-09-25T11:59:19,
PR000000001669,PR000001592472,Baliza LED multifunción 100-230V AC con zumbador ámbar,OK,2026-09-25T11:59:28,
PR000000001711,PR000001592473,Marco con 1 elemento antivandalico orificio fijar sellable,OK,2026-09-25T11:59:37,
PR000000001752,PR000001592474,Minutero automático escalera 230V CA MINT,OK,2026-09-25T11:59:45,
PR000000001764,PR000001592475,Bloque contacto estándar simple 1 NA tornillo,OK,2026-09-25T11:59:56,
PR000000001811,PR000001592476,Servodrive LEXIUM 28 schneider LXM28AU07M3X  750W,OK,2026-09-25T12:00:05,
PR000000001885,PR000001592477,Limitador sobretensión IPRD40 40KA 350V 3P+N,OK,2026-09-25T12:00:13,
PR000000001905,PR000001592478,Terminal Schneider  HMI 7 W   HMIST6400,OK,2026-09-25T12:00:22,
PR000000001956,PR000001592479,"Variador de velocidad ALTIVAR-320C 0,37Kw 230V monofásico compacto",OK,2026-09-25T12:00:31,
PR000000001959,PR000001592480,Variador de velocidad ALTIVAR-320B 11Kw 400V trifásico book,OK,2026-09-25T12:00:39,
PR000000001966,PR000001592481,Cabeza potenciómetro XB5 R10K,OK,2026-09-25T12:00:47,
PR000000001978,PR000001592482,"Cable potencia / freno 1,5mm2 5m",OK,2026-09-25T12:00:55,
PR000000001986,PR000001592483,Schuko doble RAPTOR rojo,OK,2026-09-25T12:01:04,
PR000000002013,PR000001592484,Zumbador luminoso rojo continuo o intermitente 24V AC/DC,OK,2026-09-25T12:01:13,
PR000000002028,PR000001592485,Interruptor automático en miniatura ACTI 9 IC40F 1PN C 32A 6000A/6kA,OK,2026-09-25T12:01:20,
PR000000002037,PR000001592486,Interruptor de persianas antracita,OK,2026-09-25T12:01:27,
PR000000002038,PR000001592487,Interruptor 2 módulos antracita,OK,2026-09-25T12:01:35,
PR000000002043,PR000001592488,Base enchufe schuko componible 10A MUREVA STYL gris para instalación en superficie o empotrada (IP5,OK,2026-09-25T12:01:42,
PR000000002069,PR000001592489,Conexión SwitchNOGest_5x100TXRJ45,OK,2026-09-25T12:01:50,
PR000000002104,PR000001592490,Interruptor automático RESI9 2P 10A curva C 230V 6000A,OK,2026-09-25T12:01:58,
PR000000002105,PR000001592491,Interruptor automático RESI9 2P 20A curva C 230V 6000A,OK,2026-09-25T12:09:39,
PR000000002106,PR000001592492,Interruptor automático RESI9 2P 16A curva C 230V 6000A,OK,2026-09-25T12:09:49,
PR000000002110,PR000001592493,Interruptor / seccionador COMPACT 100A 4P empotrable negro,OK,2026-09-25T12:10:02,
PR000000002112,PR000001592494,Interruptor / seccionador COMPACT 40A 4P empotrable negro,OK,2026-09-25T12:10:24,
PR000000002136,PR000001592495,Interruptor NSX250NA AC 4P 250A,OK,2026-09-25T12:10:32,
PR000000002206,PR000001592496,Marco 2 elementos Deco antracita,OK,2026-09-25T12:10:40,
PR000000002208,PR000001592497,Marco 1 elemento Deco antracita,OK,2026-09-25T12:10:49,
PR000000002235,PR000001592498,Interruptor INTERPACT INS250-160A 4P estándar,OK,2026-09-25T12:10:57,
PR000000002298,PR000001592499,Baliza LED multifunción 100-230V AC con zumbador rojo,OK,2026-09-25T12:11:06,
PR000000002312,PR000001592500,Schuko doble RAPTOR polar,OK,2026-09-25T12:11:14,
PR000000002365,PR000001592501,Base 2P+TT F conexión sin tornillo de la gama MUREVA STYL blanco,OK,2026-09-25T12:11:23,
PR000000002373,PR000001592502,Interfaz ETHERNET conector RJ45-RJ45,OK,2026-09-25T12:11:31,
PR000000002382,PR000001592503,Bobina MX 208-277V CA/CC para NSXm/PP-B,OK,2026-09-25T12:11:40,
PR000000002404,PR000001592504,Base de fijación XB5A,OK,2026-09-25T12:11:48,
PR000000002431,PR000001592505,Elemento de contacto NA,OK,2026-09-25T12:11:57,
PR000000002479,PR000001592506,Terminal HMI 10''W básico,OK,2026-09-25T12:12:05,
PR000000002503,PR000001592507,Unidad de control NSX400 AC 4P4R 320A 1.3M,OK,2026-09-25T12:12:14,
PR000000002523,PR000001592508,Interruptor 1 modulo polar,OK,2026-09-25T12:12:22,
PR000000002545,PR000001592509,Caratula RJ45 1 modulo Keystone polar,OK,2026-09-25T12:12:31,
PR000000002550,PR000001592510,Cabeza potenciómetro R10K XB4BD912R10K,OK,2026-09-25T12:12:39,
PR000000002563,PR000001592511,"Variador de velocidad ALTIVAR-320B 7,5Kw 400V trifásico book",FAIL_VERIFY,2026-09-29T09:46:46,no existe en Ferros (¿sync 50013?)
PR000000002580,PR000001592513,Termostato de habitación 8A antracita,FAIL_VERIFY,2026-09-29T09:46:50,no existe en Ferros (¿sync 50013?)
PR000000002607,PR000001592514,Marco 3 elementos Deco antracita,FAIL_VERIFY,2026-09-29T09:46:54,no existe en Ferros (¿sync 50013?)
PR000000002608,PR000001592515,Marco 3 elementos Deco blanco Mate,FAIL_VERIFY,2026-09-29T09:46:58,no existe en Ferros (¿sync 50013?)
PR000000002609,PR000001592516,Marco 2 elementos Deco blanco Mate,FAIL_VERIFY,2026-09-29T09:47:02,no existe en Ferros (¿sync 50013?)
PR000000002612,PR000001592517,Marco 1 elemento Deco blanco Mate,OK,2026-09-25T12:39:23,
PR000000002616,PR000001592518,Interruptor / seccionador COMPACT 160A 4P empotrable negro,OK,2026-09-25T12:39:33,
PR000000002617,PR000001592519,Interruptor / seccionador COMPACT 125A 4P empotrable negro,OK,2026-09-25T12:39:42,
PR000000002618,PR000001592520,Interruptor / seccionador COMPACT 80A 4P empotrable negro,OK,2026-09-25T12:39:51,
PR000000002676,PR000001592521,Interruptor INTERPACT INS400 4P estándar,OK,2026-09-25T12:39:59,
PR000000002677,PR000001592522,Interruptor INTERPACT INS250 4P estándar,OK,2026-09-25T12:40:08,
PR000000002679,PR000001592523,Interruptor INTERPACT INS250-200A 4P estándar,OK,2026-09-25T12:40:17,
PR000000002681,PR000001592524,Voltímetro digital 0-600V,OK,2026-09-25T12:40:25,
PR000000002737,PR000001592525,Pulsador emergencia diámetro 40 TTR XB4BS8442,OK,2026-09-25T12:40:33,
PR000000002776,PR000001592526,Interruptor automático magnetotérmico iC60N 2P 20A curva-C,OK,2026-09-25T12:40:41,
PR000000002777,PR000001592527,Interruptor magneto schneider A9F79210 2P 10A curva-C,OK,2026-09-25T12:40:50,
PR000000002783,PR000001592528,Contactor 32A 1 NA/1 NC 230V 50-60Hz,OK,2026-09-25T12:40:58,
PR000000002795,PR000001592529,Repartidor modular 4P 100A con 28 conexiones,OK,2026-09-25T12:41:07,
PR000000002815,PR000001592530,Interruptor magneto schneider A9F79410 4P 10A curva-C,OK,2026-09-25T12:41:15,
PR000000002821,PR000001592531,Piloto LED diámetro 22 230-240V rojo embellecedor metálico,OK,2026-09-25T12:41:24,
PR000000002831,PR000001592533,Cartucho M221 con 2 entradas analógicas de corriente E/S extensión,OK,2026-09-25T13:44:46,
PR000000002834,PR000001592534,Elemento luminoso LED XVU verde,OK,2026-09-25T13:44:55,
PR000000002840,PR000001592535,Cabeza selector diámetro 22 maneta corta negra 3 fijación embellecedor metálico,OK,2026-09-25T13:45:03,
PR000000002847,PR000001592536,Selector diámetro 22 maneta corta negro 2 NA 3 fijaciones embellecedor metálico,OK,2026-09-25T13:45:11,
PR000000002865,PR000001592537,Portafusibles sin piloto 1P 32A fusible 10x38,OK,2026-09-25T13:45:19,
PR000000002892,PR000001592538,Portafusibles 1P/N 32A 10x38mm,OK,2026-09-25T13:45:28,
PR000000002893,PR000001592539,Harmony XB4 - Pulsador luminoso led 24v na+nc rojo XB4BW34B5,OK,2026-09-25T13:45:36,
PR000000002907,PR000001592540,Contacto auxiliar lateral NA+NC,OK,2026-09-25T13:45:44,
PR000000002911,PR000001592541,Contactor 25A 1 NA/1 NC 230V 50-60Hz 4P,OK,2026-09-25T13:45:52,
PR000000002913,PR000001592542,Selector maneta negra 3 posiciones fijas,OK,2026-09-25T13:46:01,
PR000000002926,PR000001592543,Disyuntor Magneto schneider GV2ME16 9-14A,OK,2026-09-25T13:46:09,
PR000000002927,PR000001592544,"Disyuntor magneto schneider GV2ME10 4-6,3A",OK,2026-09-25T13:46:18,
PR000000002938,PR000001592545,Interruptor seccionable schneider VBF5 3P 125A principal,OK,2026-09-25T13:46:26,
PR000000002960,PR000001592546,Pulsador rasante diámetro 22 1 NA verde embellecedor metálico,OK,2026-09-25T13:46:34,
PR000000002962,PR000001592547,Interruptor seccionable 3P 25A principal + emergencia,OK,2026-09-25T13:46:42,
PR000000002978,PR000001592548,Interruptor automático magnetotérmico iK60N 4P 50A curva-C,OK,2026-09-25T13:46:50,
PR000000002992,PR000001592549,Conmutador ISSW CM con 3 posiciones 1 contacto 20A 250V,OK,2026-09-25T13:46:59,
PR000000003001,PR000001592550,"Disyuntor magnetotérmico 4-6,3A conexión por resorte",OK,2026-09-25T13:47:07,
PR000000003014,PR000001592551,Interruptor automático magnetotérmico iC60N 4P 16A curva-D,OK,2026-09-25T13:47:15,
PR000000003057,PR000001592552,Bloque diferencial VIGIC120 clase AC 4P 30mA instantáneo,OK,2026-09-25T13:47:23,
PR000000003058,PR000001592553,Pulsador luminoso rasante diámetro 22 230-240V verde embellecedor metálico,OK,2026-09-25T13:53:38,
PR000000003069,PR000001592554,Pulsador seta diámetro 40 girar rojo embellecedor metálico,OK,2026-09-25T13:53:46,
PR000000003082,PR000001592555,"Disyuntor magnetotérmico 0,63-1A",OK,2026-09-25T13:53:53,
PR000000003087,PR000001592556,Kit zócalo frontal 800x100mm,OK,2026-09-25T13:54:00,
PR000000003089,PR000001592557,Interruptor magneto schneider A9F79340 3P 40A curva-C,OK,2026-09-25T13:54:07,
PR000000003100,PR000001592558,Contacto auxiliar frontal NA/NC,OK,2026-09-25T13:54:15,
PR000000003116,PR000001592559,"Disyuntor magnetotérmico 1,6-2,5A 50-60Hz",OK,2026-09-25T13:54:22,
PR000000003125,PR000001592560,Interruptor automático magnetotérmico iK60N 4P 40A curva-C,OK,2026-09-25T13:54:29,
PR000000003142,PR000001592561,Elemento luminoso LED XVU rojo,OK,2026-09-25T13:54:37,
PR000000003146,PR000001592562,Interruptor automático magnetotérmico iC60N 4P 40A curva-C,OK,2026-09-25T13:54:44,
PR000000003149,PR000001592563,Tubo aluminio diámetro 20 con escuadra metálica 400x413mm,OK,2026-09-25T13:54:51,
PR000000003156,PR000001592564,"Portafusibles sin piloto 1P 25A fusible 8,5x31,5",OK,2026-09-25T13:54:59,
PR000000003172,PR000001592565,Interruptor magneto schneider A9K17425 4P 25A curva-C,OK,2026-09-25T13:55:06,
PR000000003202,PR000001592566,Contactor 40A 1 NA/1 NC 230V 50-60Hz 4P,OK,2026-09-25T13:55:13,
PR000000003239,PR000001592567,Interruptor  magneto schneider A9F79216 2P 16A curva-C,OK,2026-09-25T13:55:20,
PR000000003240,PR000001592568,Interruptor seccionable principal 3P 16A cofre,OK,2026-09-25T13:55:28,
PR000000003250,PR000001592569,Contactor modular 16A 2 NA 220/240V 50Hz,OK,2026-09-25T13:55:35,
PR000000003262,PR000001592570,Interruptor automático magnetotérmico iC60N 4P 32A curva-D,OK,2026-09-25T13:55:43,
PR000000003272,PR000001592571,Cabeza pulsador luminoso Ø22 verde schneider ZB4BW333,OK,2026-09-25T13:55:50,
PR000000003277,PR000001592572,Cabeza pulsador luminoso diámetro 22 rasante roja embellecedor metálico,OK,2026-09-25T13:55:57,
PR000000003281,PR000001592573,Kit condenación mecanismo 115/150,OK,2026-09-25T14:02:35,
PR000000003311,PR000001592574,Repartidor modular 4P 125A con 60 conexiones,OK,2026-09-25T14:02:43,
PR000000003329,PR000001592575,Cabeza selector diámetro 22 maneta corta negra 3 vuelta contacto embellecedor metálico,OK,2026-09-25T14:02:51,
PR000000003360,PR000001592576,Polo N schneider VZ13 125-175A,OK,2026-09-25T14:02:59,
PR000000003372,PR000001592577,Contactor modular 25A 2 NC 220/240V 50Hz,OK,2026-09-25T14:03:07,
PR000000003377,PR000001592578,Cabeza selector diámetro 22 maneta corta negra 2 fijación embellecedor plástico,OK,2026-09-25T14:03:15,
PR000000003379,PR000001592579,Interruptor magneto schneider A9F79316 3P 16A curva-C,OK,2026-09-25T14:03:24,
PR000000003411,PR000001592580,Interruptor automático magnetotérmico iC60N 2P 25A curva-C,OK,2026-09-25T14:03:32,
PR000000003414,PR000001592581,Mando rotativo prolongador frontal INS40 160A,OK,2026-09-25T14:03:40,
PR000000003425,PR000001592582,Cpu compacta CA 9E/7S relé ETHERNET,OK,2026-09-25T14:03:47,
PR000000003435,PR000001592583,Base 10/16A 2P+TT apriete posterior 65x85 azul,OK,2026-09-25T14:03:54,
PR000000003444,PR000001592584,Contactor 25A 1 NA/1 NC 230V 50-60Hz,OK,2026-09-25T14:04:01,
PR000000003496,PR000001592585,Cabeza pulsador seta diámetro 22 40mm roja embellecedor metálico,OK,2026-09-25T14:04:09,
PR000000003503,PR000001592586,Elemento luminoso LED XVU blanco,OK,2026-09-25T14:04:17,
PR000000003512,PR000001592587,Cabeza pulsador diámetro 22 rasante rojo embellecedor plástico,OK,2026-09-25T14:04:25,
PR000000003519,PR000001592588,Cabeza selector diámetro 22 maneta corta negra 2 fijación embellecedor metálico,OK,2026-09-25T14:04:35,
PR000000003528,PR000001592589,Portafusibles 1P 32A 10x38mm 1000V DC,OK,2026-09-25T14:04:43,
PR000000003534,PR000001592590,Interruptor magneto Schneider A9F79310 3P 10A curva-C,OK,2026-09-25T14:04:51,
PR000000003548,PR000001592591,Polo N 63-80A,OK,2026-09-25T14:05:00,
PR000000003553,PR000001592592,Bobina protección sobretensiones IMSU EN50550,OK,2026-09-25T14:05:08,
PR000000003571,PR000001592593,Temporizador intermitente 24V DC/24...240V AC relé,OK,2026-09-25T14:11:25,
PR000000003598,PR000001592594,Interruptor automático magnetotérmico iC60N 4P 40A curva-D,OK,2026-09-25T14:11:33,
PR000000003602,PR000001592595,Harmony XB4 - Pulsador luminoso led 24v na+nc blanco XB4BW31B5,OK,2026-09-25T14:11:40,
PR000000003612,PR000001592596,cabeza pulsador schneider ZB4BA4 Ø22 rojo,OK,2026-09-25T14:11:47,
PR000000003613,PR000001592597,Bloque básico 63A,OK,2026-09-25T14:11:54,
PR000000003656,PR000001592598,Interruptor automático magnetotérmico iC60N 2P 16A curva-D,OK,2026-09-25T14:12:03,
PR000000003661,PR000001592599,Contactor 115A 4P 230V 50-60Hz,OK,2026-09-25T14:12:11,
PR000000003691,PR000001592600,Telerruptor ITL 1P 16A 230V CA 110V CC,OK,2026-09-25T14:12:19,
PR000000003711,PR000001592601,Interruptor magneto schneider A9K24340 3P 40A curva-C,OK,2026-09-25T14:12:27,
PR000000003723,PR000001592602,Interruptor magneto schneider A9F79420 4P 20A curva-C,OK,2026-09-25T14:12:34,
PR000000003724,PR000001592603,Caja gris claro con tapa gris antracita con taladro 2,OK,2026-09-25T14:12:42,
PR000000003727,PR000001592604,Harmony XB4 - Pulsador luminoso led 24v na+nc verde XB4BW33B5,OK,2026-09-25T14:12:49,
PR000000003733,PR000001592605,Bloque asociación GV2/LC1D,OK,2026-09-25T14:12:56,
PR000000003735,PR000001592606,Cpu compacta Schneider TM221CE24R,OK,2026-09-25T14:13:04,
PR000000003748,PR000001592607,Interruptor magneto Schneider A9F79463 4P 63A curva-C,OK,2026-09-25T14:13:11,
PR000000003753,PR000001592608,Contactor 9A 1 NA/1 NC 230V 50-60Hz,OK,2026-09-25T14:13:18,
PR000000003755,PR000001592609,Disyuntor magnetotérmico 20-25A,OK,2026-09-25T14:13:25,
PR000000003762,PR000001592610,Pulsador rasante diámetro 22 1 NC rojo embellecedor metálico,OK,2026-09-25T14:13:32,
PR000000003788,PR000001592611,"Pulsador parada de emergencia SCHNEIDER XB4BS8444, Ø40 rojo 2NC",OK,2026-09-25T14:13:40,
PR000000003789,PR000001592612,Cuerpo diámetro 22mm 1 NC con conexión tornillo embellecedor metálico,OK,2026-09-25T14:13:48,
PR000000003790,PR000001592613,Contactor 25A 1 NA/1 NC 24V 50-60Hz 4P,OK,2026-09-25T14:20:13,
PR000000003847,PR000001592614,Bloque diferencial VIGIC120 clase AC 4P 300mA instantáneo,OK,2026-09-25T14:20:21,
PR000000003852,PR000001592615,Contactor 18A 1 NA/1 NC 230V 50-60Hz,OK,2026-09-25T14:20:30,
PR000000003869,PR000001592617,Interruptor automático magnetotérmico iK60N 4P 32A curva-C,OK,2026-09-25T14:20:38,
PR000000003898,PR000001592618,Selector maneta negra 2 posiciones fijas,OK,2026-09-25T14:20:47,
PR000000003929,PR000001592619,"Disyuntor magneto schneider GV2ME04 0,40-0,63A",OK,2026-09-25T14:20:55,
PR000000003952,PR000001592620,Disyuntor magnetotérmico 6-10A,OK,2026-09-25T14:21:04,
PR000000003959,PR000001592621,Base empotrar con brida 10/16A 2P+TT lateral toma gris,OK,2026-09-25T14:21:13,
PR000000003962,PR000001592622,Selector diámetro 22 maneta corta negro 3 vuelta contacto embellecedor metálico,OK,2026-09-25T14:21:22,
PR000000003975,PR000001592623,Repartidor modular 4P 125A con 48 conexiones,OK,2026-09-25T14:21:30,
PR000000003994,PR000001592624,Repartidor modular 4P 160A con 48 conexiones,OK,2026-09-25T14:21:38,
PR000000004022,PR000001592625,Cabeza pulsador seta diámetro 22 40mm negra embellecedor metálico,OK,2026-09-25T14:21:47,
PR000000004041,PR000001592626,Piloto LED diámetro 22 230-240V verde embellecedor metálico,OK,2026-09-25T14:21:55,
PR000000004058,PR000001592627,Cpu DC 14E/10S PNP ETHERNET CANOPEN,OK,2026-09-25T14:22:03,
PR000000004061,PR000001592628,Interruptor automático magnetotérmico iK60N 3P+N 63A curva-C,OK,2026-09-25T14:22:12,
PR000000004081,PR000001592629,Caja gris clase tapa amarilla con taladro 1,OK,2026-09-25T14:22:20,
PR000000004091,PR000001592630,Selector diámetro 22 maneta corta negro 1 NA 2 fijaciones embellecedor metálico,OK,2026-09-25T14:22:28,
PR000000004102,PR000001592631,Interruptor automático magnetotérmico iC60N 2P 10A curva-D,OK,2026-09-25T14:22:37,
PR000000004110,PR000001592632,Cabeza pulsador seta diámetro 40 girar roja embellecedor metálico,OK,2026-09-25T14:22:44,
PR000000004165,PR000001592633,Contactor 38A 1 NA/1 NC 230V 50-60Hz,OK,2026-09-25T14:22:53,
PR000000004180,PR000001592634,Cabeza pulsador diámetro 22 rasante verde embellecedor plástico,OK,2026-09-25T14:29:04,
PR000000004193,PR000001592635,Interruptor magneto schneider A9F74202 2P 2A curva-C,OK,2026-09-25T14:29:13,
PR000000004226,PR000001592636,Mando giratorio Schneider KAF3PZ 90x90mm,OK,2026-09-25T14:29:21,
PR000000004232,PR000001592637,Interruptor automático magnetotérmico A9F79263 iC60N 2P 63A curva-C,OK,2026-09-25T14:29:29,
PR000000004245,PR000001592638,Interruptor automático magnetotérmico iK60N 4P 16A curva-C,OK,2026-09-25T14:29:38,
PR000000004250,PR000001592639,Interruptor magneto Schneider A9F79306 3P 6A curva-C,OK,2026-09-25T14:29:46,
PR000000004260,PR000001592640,Selector 2 posiciones contacto abierto retorno maneta corta,OK,2026-09-25T14:29:54,
PR000000004274,PR000001592641,Disyuntor magnético 1P 10A,OK,2026-09-25T14:30:03,
PR000000004288,PR000001592642,Pulsador seta diámetro 40 girar rojo embellecedor plástico,OK,2026-09-25T14:30:11,
PR000000004320,PR000001592643,Temporizador multifunción 12...240V AC/DC relé 10h,OK,2026-09-25T14:30:19,
PR000000004324,PR000001592644,Interruptor magneto schneider A9F79450 4P 50A curva-C,OK,2026-09-25T14:30:27,
PR000000004343,PR000001592645,Kit zócalo frontal 1000x100mm,OK,2026-09-25T14:30:35,
PR000000004348,PR000001592646,Botón parada seta diámetro 40mm rojo desenclavamiento,OK,2026-09-25T14:30:44,
PR000000004355,PR000001592647,Cabeza piloto luminoso diámetro 22 redonda con lente lisa rojo,OK,2026-09-25T14:30:52,
PR000000004359,PR000001592648,Bloque diferencial VIGI C120 clase-A 4P 300mA instantáneo,OK,2026-09-25T14:31:00,
PR000000004392,PR000001592649,Interruptor automático magnetotérmico iK60N 2P 6A curva-C,OK,2026-09-25T14:31:08,
PR000000004419,PR000001592650,Interruptor automático magnetotérmico iC60N 4P 32A curva-C,OK,2026-09-25T14:31:16,
PR000000004423,PR000001592651,Cuerpo diámetro 22mm 24V con tornillo LED blanco embellecedor metálico,OK,2026-09-25T14:31:24,
PR000000004428,PR000001592652,Unidad Schneider XVUC21B 24V CC/CA negro,OK,2026-09-25T14:31:32,
PR000000004429,PR000001592653,Cabeza emisor ZB5R rojo,OK,2026-09-25T14:31:40,
PR000000004471,PR000001592654,Mando giratorio frontal KCF para V3/V4 maneta roja con 3 candados,OK,2026-09-25T14:38:28,
PR000000004472,PR000001592655,Cabeza pulsador diámetro 22 rasante sin placa verde embellecedor metálico,OK,2026-09-25T14:38:36,
PR000000004479,PR000001592656,Bobina de disparo MX 220-240V 208-277V 50/60Hz,OK,2026-09-25T14:38:43,
PR000000004496,PR000001592657,Interruptor  magneto schneider A9F79416 4P 16A curva-C,OK,2026-09-25T14:38:51,
PR000000004513,PR000001592658,Contactor 40A 1 NA/1 NC 230V 50-60Hz 2P,OK,2026-09-25T14:38:59,
PR000000004516,PR000001592659,Relé enchufable 2 NA/NC 8A 230V AC,OK,2026-09-25T14:39:08,
PR000000004521,PR000001592660,Bobina de disparo IMX 100-415V CA,OK,2026-09-25T14:39:16,
PR000000004534,PR000001592661,Interruptor automático magnetotérmico iC60N 4P 25A curva-C,OK,2026-09-25T14:39:25,
PR000000004559,PR000001592662,Interruptor magneto schneider A9F79206 2P 6A curva-C,OK,2026-09-25T14:39:34,
PR000000004593,PR000001592663,Caja gris claro con tapa gris antracita con taladro 1,OK,2026-09-25T14:39:42,
PR000000004598,PR000001592664,Cabeza piloto luminoso diámetro 22 redonda con lente lisa verde,OK,2026-09-25T14:39:51,
PR000000004603,PR000001592665,Interruptor automático magnetotérmico iK60N 3P+N 25A curva-C,OK,2026-09-25T14:39:59,
PR000000004624,PR000001592666,Cuerpo diámetro 22mm 1 NA con conexión tornillo embellecedor metálico,OK,2026-09-25T14:40:08,
PR000000004636,PR000001592667,Filtro senoidal IP20 25A,OK,2026-09-25T14:40:16,
PR000000005357,PR000001592668,Motor BCH2HF0733CA5C 80mm 750W,OK,2026-09-25T14:40:23,
PR000000005362,PR000001592669,Base  terminales Schneider RGZE1S48M 2CO,OK,2026-09-25T14:40:30,
PR000000005631,PR000001592670,Limitador sobretensión IPRD40R 40KA 350V 3P+N,OK,2026-09-25T14:40:37,
PR000000005822,PR000001592671,Contactor iCT 40A 4NA LED,OK,2026-09-25T14:40:45,
PR000000005930,PR000001592672,Servodrive para D 24-48V 10A oscilador,OK,2026-09-25T14:40:53,
PR000000006019,PR000001592673,Cabeza selector llave 455 XB5 2 NA 3 posiciones fijas color gris,OK,2026-09-25T14:41:00,
PR000000006206,PR000001592674,Relé RSB y zócalo 2 NA/NC 8A 24V DC con diodo,OK,2026-09-25T14:47:11,
PR000000006653,PR000001592675,Armario poliéster PLM 847x636x300 IP66 placa metálica 7035,OK,2026-09-25T14:47:19,
PR000000006953,PR000001592676,Tapa ciega 2 módulos polar,OK,2026-09-25T14:47:27,
PR000000006990,PR000001592677,Pulsador 2 módulos LED localización polar,OK,2026-09-25T14:47:36,
PR000000007043,PR000001592678,Soporte rail Pemsa 41x82,OK,2026-09-25T14:47:44,
PR000000007049,PR000001592679,"Varilla roscada para elementos de soporte o fijación. M10, M10, con sistema de protección EZ, acab",OK,2026-09-25T14:47:52,
PR000000007133,PR000001592680,"Varilla roscada para elementos de soporte o fijación, M 8x1000, en acero, acabado galvanizado calie",OK,2026-09-25T14:48:01,
PR000000007164,PR000001592681,"Tubo rígido enchufable RLH libre de halógenos 750, IP44, DN20 en color Gris RAL 7035.",OK,2026-09-25T14:48:09,
PR000000007178,PR000001592682,"Tubo flexible anillado ST-PA de poliamida 6, DN23 en color Gris RAL 7011",OK,2026-09-25T14:48:17,
PR000000007183,PR000001592683,"Varilla roscada para elementos de soporte o fijación, M10x1000, en acero inoxidable AISI 316L",OK,2026-09-25T14:48:25,
PR000000007191,PR000001592684,"Tubo rígido enchufable RLH libre de halógenos 1250, IP44, DN25 en color Gris RAL 7035.",OK,2026-09-25T14:48:33,
PR000000007202,PR000001592685,"Tubo rígido enchufable RLH libre de halógenos 750, IP44, DN25 en color Gris RAL 7035.",OK,2026-09-25T14:48:40,
PR000000007226,PR000001592686,"Prensaestopas PK hexagonal de poliamida 6, M20, cable 9/12 mm en color Gris RAL 7035 para instalacio",OK,2026-09-25T14:48:47,
PR000000007312,PR000001592687,"Soporte reforzado RPLUS para bandejas Rejiband, Pemsaband y Megaband de 400 mm de ancho, en acero in",OK,2026-09-25T14:48:55,
PR000000007315,PR000001592688,"Soporte reforzado RPLUS para bandejas Rejiband, Pemsaband y Megaband de 150 mm de ancho, en acero in",OK,2026-09-25T14:49:03,
PR000000007455,PR000001592689,"Bandeja de rejilla Rejiband altura 60 mm y ancho 300 mm con borde de seguridad, en acero inoxidable",OK,2026-09-25T14:49:11,
PR000000007456,PR000001592690,"Bandeja de rejilla Rejiband altura 60 mm y ancho 200 mm con borde de seguridad, en acero inoxidable",OK,2026-09-25T14:49:19,
PR000000007457,PR000001592691,"Bandeja de rejilla Rejiband altura 60 mm y ancho 100 mm con borde de seguridad, en acero inoxidable",OK,2026-09-25T14:49:28,
PR000000007470,PR000001592692,"Bandeja de rejilla Rejiband RAPIDE, altura 60 mm y ancho 60 mm con sistema Click de unión rápida,",OK,2026-09-25T14:49:37,
PR000000007481,PR000001592693,"Bandeja de rejilla Rejiband RAPIDE, altura 60 mm y ancho 200 mm con sistema Click de unión rápida,",OK,2026-09-25T14:49:44,
PR000000007482,PR000001592694,"Bandeja de rejilla Rejiband RAPIDE, altura 60 mm y ancho 100 mm con sistema Click de unión rápida,",FAIL_VERIFY,2026-09-29T09:47:06,no existe en Ferros (¿sync 50013?)
PR000000007490,PR000001592696,"Bandeja de rejilla Rejiband altura 60 mm y ancho 200 mm con borde de seguridad, en acero, acabado el",FAIL_VERIFY,2026-09-29T09:47:10,no existe en Ferros (¿sync 50013?)
PR000000007491,PR000001592697,"Bandeja de rejilla Rejiband altura 60 mm y ancho 150 mm con borde de seguridad, en acero, acabado el",FAIL_VERIFY,2026-09-29T09:47:14,no existe en Ferros (¿sync 50013?)
PR000000007492,PR000001592698,"Bandeja de rejilla Rejiband altura 60 mm y ancho 100 mm con borde de seguridad, en acero, acabado el",FAIL_VERIFY,2026-09-29T09:47:19,no existe en Ferros (¿sync 50013?)
PR000000007495,PR000001592699,"Bandeja de rejilla Rejiband altura 100 mm y ancho 500 mm con borde de seguridad, en acero inoxidable",FAIL_VERIFY,2026-09-29T09:47:23,no existe en Ferros (¿sync 50013?)
PR000000007504,PR000001592700,"Bandeja de rejilla Rejiband altura 60 mm y ancho 200 mm con borde de seguridad, en acero inoxidable",FAIL_VERIFY,2026-09-29T09:47:27,no existe en Ferros (¿sync 50013?)
PR000000007510,PR000001592701,"Bandeja de rejilla Rejiband altura 60 mm y ancho 200 mm con borde de seguridad, en acero, acabado ga",FAIL_VERIFY,2026-09-29T09:47:31,no existe en Ferros (¿sync 50013?)
PR000000007511,PR000001592702,"Bandeja de rejilla Rejiband altura 60 mm y ancho 100 mm con borde de seguridad, en acero, acabado ga",OK,2026-09-25T14:56:29,
PR000000007525,PR000001592703,Bandeja portacables Pemsa Pemsaband perforada 100x60x3000mm acero inoxidable AISI 316,OK,2026-09-25T14:56:37,
PR000000007575,PR000001592704,"Tapa recta para protección de bandejas aislantes Metatray para el soporte, protección y conducció",OK,2026-09-25T14:56:45,
PR000000007663,PR000001592705,"Bandeja de rejilla Rejiband RAPIDE, altura 60 mm y ancho 150 mm con sistema Click de unión rápida,",OK,2026-09-25T14:56:54,
PR000000007665,PR000001592706,"Bandeja de rejilla Rejiband RAPIDE, altura 60 mm y ancho 60 mm con sistema Click de unión rápida,",OK,2026-09-25T14:57:02,
PR000000007672,PR000001592707,"Bandeja de rejilla Rejiband altura 60 mm y ancho 60 mm con borde de seguridad, en acero inoxidable A",OK,2026-09-25T14:57:10,
PR000000007676,PR000001592708,"Bandeja de rejilla Rejiband altura 60 mm y ancho 150 mm con borde de seguridad, en acero inoxidable",OK,2026-09-25T14:57:21,
PR000000007678,PR000001592709,"Bandeja de rejilla Rejiband altura 60 mm y ancho 300 mm con borde de seguridad, en acero, acabado el",OK,2026-09-25T14:57:29,
PR000000007691,PR000001592710,"Bandeja de rejilla Rejiband altura 60 mm y ancho 60 mm con borde de seguridad, en acero, acabado gal",OK,2026-09-25T14:57:37,
PR000000007749,PR000001592711,Suspensión Omega SPLUS para montaje a techo con varilla de bandejas de rejilla Rejiband y bandejas,OK,2026-09-25T14:57:45,
PR000000007751,PR000001592712,"Soporte omega techo SPLUS para bandejas Rejiband y Pemsaband, de 150 mm de ancho, en acero inoxidabl",OK,2026-09-25T14:57:53,
PR000000007752,PR000001592713,"Soporte omega techo SPLUS para bandejas Rejiband y Pemsaband, de 100 mm de ancho, en acero inoxidabl",OK,2026-09-25T14:58:02,
PR000000007756,PR000001592714,"Soporte ligero 60 para instalación a techo de la bandeja de rejilRejiband de 35 y 60, ancho 60 mm",OK,2026-09-25T14:58:09,
PR000000007757,PR000001592715,"Curva flexible para la conexión de tubos RPVC, DN32 en color Gris RAL 7035.",OK,2026-09-25T15:04:25,
PR000000007758,PR000001592716,"Curva flexible para la conexión de tubos RPVC, DN25 en color Gris RAL 7035.",OK,2026-09-25T15:04:33,
PR000000007759,PR000001592717,"Curva flexible para la conexión de tubos RPVC, DN20 en color Gris RAL 7035.",OK,2026-09-25T15:04:40,
PR000000007762,PR000001592718,"Curva flexible para la conexión de tubos libre de halógenos, DN25 en color Gris RAL 7035.",OK,2026-09-25T15:04:47,
PR000000007767,PR000001592719,"Codo 90º enchufable para la conexión de tubos RPVC, DN20 en color Gris RAL 7035.",OK,2026-09-25T15:04:55,
PR000000007770,PR000001592720,"Curva 90º enchufable para la conexión de tubos RPVC, DN20 en color Gris RAL 7035.",OK,2026-09-25T15:05:02,
PR000000007773,PR000001592721,"Manguito enchufable para la conexión de tubos RPVC, DN40 en color Gris RAL 7035.",OK,2026-09-25T15:05:09,
PR000000007775,PR000001592722,"Manguito enchufable para la conexión de tubos RPVC, DN16 en color Gris RAL 7035.",OK,2026-09-25T15:05:16,
PR000000007777,PR000001592723,"Manguito enchufable para la conexión de tubos libre de halógenos, DN32 en color Gris RAL 7035.",OK,2026-09-25T15:05:24,
PR000000007778,PR000001592724,"Manguito enchufable para la conexión de tubos libre de halógenos, DN25 en color Gris RAL 7035.",OK,2026-09-25T15:05:31,
PR000000007779,PR000001592725,"Manguito enchufable para la conexión de tubos libre de halógenos, DN20 en color Gris RAL 7035.",OK,2026-09-25T15:05:38,
PR000000007780,PR000001592726,"Tubo rígido enchufable RPVC 1250, IP44, DN50 en color Gris RAL 7035.",OK,2026-09-25T15:05:45,
PR000000007781,PR000001592727,"Tubo rígido enchufable RPVC 1250, IP44, DN40 en color Gris RAL 7035.",OK,2026-09-25T15:05:52,
PR000000007832,PR000001592728,"Soporte omega techo SPLUS para bandejas Rejiband y Pemsaband, de 200 mm de ancho, en acero inoxidabl",OK,2026-09-25T15:05:59,
PR000000007834,PR000001592729,"Soporte omega universal SPLUS para bandejas Rejiband y Pemsaband de 200 mm de ancho, montaje pared/t",OK,2026-09-25T15:06:06,
PR000000007843,PR000001592730,"Codo 90º enchufable para la conexión de tubos RPVC, DN25 en color Gris RAL 7035.",OK,2026-09-25T15:06:13,
PR000000007850,PR000001592731,"Curva 90º enchufable para la conexión de tubos libre de halógenos, DN25 en color Gris RAL 7035.",OK,2026-09-25T15:06:20,
PR000000007851,PR000001592732,"Curva 90º enchufable para la conexión de tubos libre de halógenos, DN20 en color Gris RAL 7035.",OK,2026-09-25T15:06:27,
PR000000007860,PR000001592733,"Tubo rígido enchufable RPVC 1250, IP44, DN16 en color Gris RAL 7035.",OK,2026-09-25T15:06:34,
PR000000008154,PR000001592734,"Tuerca de poliamida TCP para conexión de racores o elementos roscados, M16 en color Gris RAL 7001.",OK,2026-09-25T15:06:41,
PR000000008161,PR000001592735,Bandeja de chapa perforada y embutida Pemsaband One para conducción de cableado de cargas 75832200,OK,2026-09-25T15:12:50,
PR000000008162,PR000001592736,Bandeja de chapa perforada y embutida Pemsaband One para conducción de cableado de cargas 75832100,OK,2026-09-25T15:12:58,
PR000000008243,PR000001592737,"Soporte omega universal SPLUS para bandejas Rejiband y Pemsaband de 100 mm de ancho, montaje pared/t",OK,2026-09-25T15:13:07,
PR000000008247,PR000001592738,Bandeja de chapa perforada y embutida Pemsaband One para conducción de cableado de cargas 75832150,OK,2026-09-25T15:13:15,
PR000000008288,PR000001592739,"Fijación para la unión de soportes a la bandeja Rejiband M 6x30, en acero, acabado galvanizado cal",OK,2026-09-25T15:13:23,
PR000000008310,PR000001592740,"Soporte omega techo SPLUS para bandejas Rejiband y Pemsaband, de 300 mm de ancho, en acero, acabado",OK,2026-09-25T15:13:31,
PR000000008313,PR000001592741,"Soporte omega universal SPLUS para bandejas Rejiband y Pemsaband de 200 mm de ancho, montaje pared/t",OK,2026-09-25T15:13:40,
PR000000008366,PR000001592742,"Tuerca de poliamida TCP para conexión de racores o elementos roscados, M20 en color Gris RAL 7001.",OK,2026-09-25T15:13:48,
PR000000008571,PR000001592743,"Tuerca de poliamida TCP para conexión de racores o elementos roscados, PG13 en color Gris RAL 7001.",OK,2026-09-25T15:13:57,
PR000000008581,PR000001592744,"Prensaestopas IRIS de poliamida 6 autoextinguible, M20, cable 6/12 mm en color Gris RAL 7001 para in",OK,2026-09-25T15:14:05,
PR000000008598,PR000001592745,"Prensaestopas IRIS de poliamida 6 autoextinguible, M20, cable 6/12 mm en color Gris RAL 7035 para in",OK,2026-09-25T15:14:13,
PR000000008661,PR000001592746,"Soporte reforzado RPLUS para bandejas Rejiband, Pemsaband y Megaband de 100 mm de ancho, en acero, a",OK,2026-09-25T15:14:22,
PR000000008692,PR000001592747,"Curva 90º enchufable para la conexión de tubos RAL, DN20 de aluminio.",OK,2026-09-25T15:14:30,
PR000000008699,PR000001592748,"Manguito enchufable para la conexión de tubos RL, DN32 de acero en acabado electrocincado EZ.",OK,2026-09-25T15:14:39,
PR000000008732,PR000001592749,"Tuerca de poliamida TCP para conexión de racores o elementos roscados, PG48 en color Negro RAL 9005",OK,2026-09-25T15:14:47,
PR000000008764,PR000001592750,"Curva 90º enchufable para la conexión de tubos RL, DN32 de acero en acabado electrocincado EZ.",OK,2026-09-25T15:14:55,
PR000000008796,PR000001592751,"Manguito enchufable para la conexión de tubos RAL, DN20 de aluminio.",OK,2026-09-25T15:15:03,
PR000000008952,PR000001592752,"Junta plana exterior para colocación en rosca exterior de racores y prensaestopas, PG16 en color Az",OK,2026-09-25T15:15:11,
PR000000009206,PR000001592753,Soporte pared Rejiband 62061060 en acero,OK,2026-09-25T15:15:20,
PR000000009217,PR000001592754,"Tapa recta para cubrir tramos de bandejas, ancho 150 mm, en acero, acabado sendzimir PG",OK,2026-09-25T15:15:28,
PR000000009218,PR000001592755,"Tapa recta para cubrir tramos de bandejas, ancho 100 mm, en acero, acabado sendzimir PG",OK,2026-09-25T15:21:34,
PR000000009258,PR000001592756,"Tubo rígido enchufable RL, DN40 acabado electrocincado EZ.",OK,2026-09-25T15:21:41,
PR000000009259,PR000001592757,"Tubo rígido enchufable RL, DN32 acabado electrocincado EZ.",OK,2026-09-25T15:21:48,
PR000000009306,PR000001592758,"Tapa recta para cubrir tramos de bandejas, ancho 200 mm, en acero, acabado sendzimir PG",OK,2026-09-25T15:21:55,
PR000000009328,PR000001592759,"Tapón TPK de poliamida 6, M25 en color Gris RAL 7035.",OK,2026-09-25T15:22:02,
PR000000009336,PR000001592760,"Tuerca de poliamida TCP para conexión de racores o elementos roscados, M25 en color Gris RAL 7035.",OK,2026-09-25T15:22:09,
PR000000009340,PR000001592761,"Tuerca metálica TCM para tubos sistema Pemsaflex, M50 acabado niquelado.",OK,2026-09-25T15:22:16,
PR000000009344,PR000001592762,"Racor unión termofusión ABN CT Faser RD polipropileno (PPR) 25x3/4"" rosca H",OK,2026-09-25T15:22:23,
PR000000009346,PR000001592763,"Racor unión termofusión ABN CT Faser RD polipropileno (PPR) 40x1 1/4"" rosca H",OK,2026-09-25T15:22:30,
PR000000009386,PR000001592764,"Placa unión para fijación de bandejas Rejiband, en acero, acabado electrocincado EZ",OK,2026-09-25T15:22:37,
PR000000009387,PR000001592765,"Unión reforzada para tramos de bandejas Rejiband, en acero, acabado electrocincado EZ",OK,2026-09-25T15:22:44,
PR000000009388,PR000001592766,"Fijación para la unión de soportes a la bandeja Rejiband M 6x20, en acero, acabado electrocincado",OK,2026-09-25T15:22:51,
PR000000009409,PR000001592767,"Racor metálico RMT para conexión de tubos rígidos metálicos a cajas, M20(DN20) acabado latón ni",OK,2026-09-25T15:22:58,
PR000000009479,PR000001592768,"Unión reforzada para tramos de bandejas Rejiband, en acero inoxidable AISI 316L",OK,2026-09-25T15:23:05,
PR000000009480,PR000001592769,"Fijación para la unión de soportes a la bandeja Rejiband M 6x20, en acero inoxidable AISI 316L",OK,2026-09-25T15:23:11,
PR000000009481,PR000001592770,Placa de unión lateral PEMSA  64010041,OK,2026-09-25T15:23:19,
PR000000009483,PR000001592771,"Racor metálico RMT para conexión de tubos rígidos metálicos a cajas, M50(DN50) acabado latón ni",OK,2026-09-25T15:23:27,
PR000000009575,PR000001592772,"Tubo flexible metálico recubierto de PVC. Ecoflex, DN21 en color Gris RAL 7031.",OK,2026-09-25T15:23:35,
PR000000009700,PR000001592773,"Racor REP recto de poliamida con rosca exterior para tubos flexibles de la gama Pemsaflex LG-PA, ST-",OK,2026-09-25T15:23:43,
PR000000009768,PR000001592774,"Distanciador metálico para montaje a pared vertical, horizontal y a suelo de bandejas Rejiband y Pe",OK,2026-09-25T15:23:51,
PR000000009770,PR000001592775,Placa Soporte Vertical para rail 41x41 mm para el montaje de railes como estructuras de soporte en i,OK,2026-09-25T15:30:18,
PR000000009793,PR000001592776,"Racor de poliamida para montaje de tubos flexibles libre de halógenos, M40 (DN29), en color gris.",OK,2026-09-25T15:30:26,
PR000000009938,PR000001592777,"Curva 90º enchufable para la conexión de tubos RPVC, DN40 en color Gris RAL 7035 con manguito",OK,2026-09-25T15:30:35,
PR000000009994,PR000001592778,"Racor de poliamida para montaje de tubos flexibles libre de halógenos, PG13 (DN17), en color gris.",OK,2026-09-25T15:30:43,
PR000000010270,PR000001592779,"Tuerca de poliamida TCP para conexión de racores o elementos roscados, PG36 en color Gris RAL 7035.",OK,2026-09-25T15:30:51,
PR000000010711,PR000001592780,"Terminal protector de la salida del cable en los extremos de tubos rígidos metálicos, DN25.",OK,2026-09-25T15:30:59,
PR000000010719,PR000001592781,"Racor a caja roscado para tubos rígidos RPVC, M40(DN40) en color Gris RAL 7035.",OK,2026-09-25T15:31:08,
PR000000010720,PR000001592782,"Racor a caja roscado para tubos rígidos RPVC, M20(DN20) en color Gris RAL 7035.",OK,2026-09-25T15:31:16,
PR000000010797,PR000001592783,"Racor a caja roscado para tubos rígidos RPVC, M25(DN25) en color Gris RAL 7035.",OK,2026-09-25T15:31:24,
PR000000010979,PR000001592784,"Manguito enchufable para la conexión de tubos RLGC, DN50 de acero en acabado galvanizado caliente G",OK,2026-09-25T15:31:32,
PR000000010981,PR000001592785,"Tubo rígido enchufable RPVC 750, IP44, DN25 en color Gris RAL 7035.",OK,2026-09-25T15:31:40,
PR000000011047,PR000001592786,"Manguito enchufable para la conexión de tubos RLGC, DN32 de acero en acabado galvanizado caliente G",OK,2026-09-25T15:31:49,
PR000000011052,PR000001592787,"Tubo rígido enchufable RPVC 750, IP44, DN16 en color Gris RAL 7035.",OK,2026-09-25T15:31:57,
PR000000011058,PR000001592788,"Tubo rígido enchufable RLGC, DN50 acabado galvanizado caliente GC.",OK,2026-09-25T15:32:05,
PR000000011223,PR000001592789,"Curva 90º enchufable para la conexión de tubos RLGC, DN20 de acero en acabado galvanizado caliente",OK,2026-09-25T15:32:13,
PR000000011233,PR000001592790,"Curva 90º enchufable para la conexión de tubos RLGC, DN32 de acero en acabado galvanizado caliente",OK,2026-09-25T15:32:22,
PR000000011435,PR000001592791,Suspensión Omega SPLUS para montaje a techo con varilla de bandejas de rejilla Rejiband y bandejas,OK,2026-09-25T15:32:30,
PR000000011612,PR000001592792,Caja superficie PdT 3 columnas,OK,2026-09-25T15:32:38,
PR000000011616,PR000001592793,Caja empotrar PdT 3 columnas,OK,2026-09-25T15:32:46,
PR000000011681,PR000001592794,Puesto de trabajo 3 columnas empotrar polar,OK,2026-09-25T15:32:54,
PR000000011703,PR000001592795,Zócalo de superficie 1 elemento Studio polar,OK,2026-09-25T15:39:09,
PR000000011765,PR000001592796,Motor paso a paso trifásico VRDM397/50LHA OOIP41 OO D9O 60 OOOS400,OK,2026-09-25T15:39:17,
PR000000011801,PR000001592797,"Variador de velocidad ATV320C 5,5Kw 600V trifásico compacto",OK,2026-09-25T15:39:26,
PR000000011833,PR000001592798,Prensaestopas + tuerca inoxidable 316L M32,OK,2026-09-25T15:39:34,
PR000000011834,PR000001592799,Prensaestopas + tuerca inoxidable 316L M25,OK,2026-09-25T15:39:42,
PR000000012057,PR000001592800,Interruptor automático en miniatura ACTI 9 IC40F 1PN C 10A 6000A/6kA,OK,2026-09-25T15:39:51,
PR000000012446,PR000001592801,Manguito esparrago roscado M8 electrozincado,OK,2026-09-25T15:39:59,
PR000000012459,PR000001592802,Manguito Aiscan-Rexa E diámetro 25,OK,2026-09-25T15:40:07,
PR000000012547,PR000001592803,Codo blindado diámetro 16,OK,2026-09-25T15:40:15,
PR000000012575,PR000001592804,"Tubo corrugado TEI colores 20"" sin guía marrón",OK,2026-09-25T15:40:23,
PR000000012580,PR000001592805,Tubo metálico enchufable diámetro 20mm galvanizado caliente,OK,2026-09-25T15:40:31,
PR000000012986,PR000001592806,"Tubo corrugado TEI colores 32"" sin guía azul",OK,2026-09-25T15:40:40,
PR000000013047,PR000001592807,Tapa bandeja certificada 100 galvanizado caliente,OK,2026-09-25T15:40:48,
PR000000013075,PR000001592808,"Tubo Aiscan DBL rígido diámetro 110, rojo",OK,2026-09-25T15:40:56,
PR000000013077,PR000001592809,"Tubo Aiscan-DRN (rollo) diámetro 75, IP54, rojo",OK,2026-09-25T15:41:04,
PR000000013080,PR000001592810,"Tubo Aiscan-DRN (rollo) diámetro 40, IP54, rojo",OK,2026-09-25T15:41:12,
PR000000013086,PR000001592811,"Tubo Aiscan DRL curvo diámetro 63, rojo",OK,2026-09-25T15:41:20,
PR000000013121,PR000001592812,Manguito MEHF diámetro 25 enchufable gris,OK,2026-09-25T15:41:28,
PR000000013125,PR000001592813,Curva enchufable Aiscan-REXA E diámetro 32,OK,2026-09-25T15:41:36,
PR000000013127,PR000001592814,Tubo Termoflex corrugado azul diámetro 23,OK,2026-09-25T15:41:45,
PR000000013129,PR000001592815,Tubo Termoflex corrugado rojo diámetro 23,OK,2026-09-25T15:47:35,
PR000000013176,PR000001592816,Curva CFLH flexible libre de halógenos diámetro 25,OK,2026-09-25T15:47:43,
PR000000013179,PR000001592817,Curva metálica enchufable diámetro 50mm,OK,2026-09-25T15:47:50,
PR000000013246,PR000001592818,Tubo Aiscan-EHF diámetro 20 rígido libre halógenos,OK,2026-09-25T15:47:57,
PR000000013252,PR000001592819,Curva CEHF diámetro 32 enchufable libre de halógenos gris,OK,2026-09-25T15:48:04,
PR000000013280,PR000001592820,Tubo Aiscan-EHF diámetro 32 rígido libre halógenos,OK,2026-09-25T15:48:11,
PR000000013330,PR000001592821,Manguito Aiscan-Rexa E diámetro 32,OK,2026-09-25T15:48:18,
PR000000013350,PR000001592822,Curva CEHF diámetro 20 enchufable libre de halógenos gris,OK,2026-09-25T15:48:25,
PR000000013369,PR000001592823,Tubo Aiscan-B blindado diámetro 25 enchufable gris,OK,2026-09-25T15:48:34,
PR000000013371,PR000001592824,"Bandeja ciega certificada 60x10, galvanizado senzimir",OK,2026-09-25T15:48:41,
PR000000013400,PR000001592825,Manguito tubo metálico enchufable diámetro 20mm galvanizado caliente,OK,2026-09-25T15:48:48,
PR000000013408,PR000001592826,Tubo Aiscan-CHF corrugado diámetro 32 IP5 gris,OK,2026-09-25T15:48:56,
PR000000013427,PR000001592827,Tubo Aiscan-C corrugado diámetro 20 negro,OK,2026-09-25T15:49:03,
PR000000013478,PR000001592828,Tubo metálico enchufable diámetro 50mm,OK,2026-09-25T15:49:10,
PR000000013479,PR000001592829,Curva enchufable Aiscan-REXA E diámetro 20,OK,2026-09-25T15:49:17,
PR000000013511,PR000001592830,Tubo Aiscan-CHF corrugado diámetro 40 IP5 gris,OK,2026-09-25T15:49:24,
PR000000013550,PR000001592831,Tubo Aiscan-RHF (rígido) diámetro 25,OK,2026-09-25T15:49:31,
PR000000013554,PR000001592832,Tubo Aiscan-C corrugado diámetro 32 negro,OK,2026-09-25T15:49:39,
PR000000013565,PR000001592833,Curva diámetro 20 para tubo RHF/EHF,OK,2026-09-25T15:49:46,
PR000000013571,PR000001592834,"Bandeja ciega  60x100, galvanizado",OK,2026-09-25T15:49:53,
PR000000013572,PR000001592835,Manguito MEHF diámetro 16 enchufable gris,OK,2026-09-25T15:55:44,
PR000000013576,PR000001592836,Curva enchufable Aiscan-REXA E diámetro 25,OK,2026-09-25T15:55:52,
PR000000013593,PR000001592837,Tubo rígido Aiscan-Rexa E diámetro 32 para exterior,OK,2026-09-25T15:55:59,
PR000000013627,PR000001592838,Manguito tubo metálico enchufable diámetro 32mm galvanizado caliente,OK,2026-09-25T15:56:07,
PR000000013732,PR000001592839,Carril rail 41x21 3000 galvanizado caliente,OK,2026-09-25T15:56:14,
PR000000013757,PR000001592840,Tubo metálico enchufable diámetro 32mm,OK,2026-09-25T15:56:22,
PR000000013784,PR000001592841,Tubo Aiscan-B blindado diámetro 20 enchufable negro,OK,2026-09-25T15:56:29,
PR000000013789,PR000001592842,Tubo Aiscan-C corrugado diámetro 25 negro,OK,2026-09-25T15:56:37,
PR000000013791,PR000001592843,Tubo rígido Aiscan-Rexa E diámetro 40 para exterior,OK,2026-09-25T15:56:44,
PR000000013832,PR000001592844,Manguito tubo metálico enchufable diámetro 50mm galvanizado caliente,OK,2026-09-25T15:56:52,
PR000000013841,PR000001592845,Carril raíl 41x21 2000mm galvanizado caliente,OK,2026-09-25T15:56:59,
PR000000013870,PR000001592846,Curva Aiscan-CF flexible diámetro 20 gris,OK,2026-09-25T15:57:06,
PR000000013890,PR000001592847,Tubo Aiscan TEI diámetro 50 pvc gris,OK,2026-09-25T15:57:13,
PR000000013899,PR000001592848,Racor blindado diámetro 25,OK,2026-09-25T15:57:20,
PR000000013996,PR000001592849,Manguito diámetro 32 enchufable gris,OK,2026-09-25T15:57:27,
PR000000013999,PR000001592850,Tubo Aiscan-CHF corrugado diámetro 20 IP5 gris,OK,2026-09-25T15:57:34,
PR000000014019,PR000001592851,Curva CFLH flexible libre de halógenos diámetro 20,OK,2026-09-25T15:57:42,
PR000000014030,PR000001592852,Curva metálica enchufable diámetro 32mm,OK,2026-09-25T15:57:50,
PR000000014097,PR000001592853,Manguito diámetro 110 enchufable negro,OK,2026-09-25T15:57:58,
PR000000014106,PR000001592854,Tubo Aiscan TEI diámetro 20 pvc gris,OK,2026-09-25T15:58:06,
PR000000014179,PR000001592855,Racor blindado diámetro 32,OK,2026-09-25T16:04:11,
PR000000014244,PR000001592856,Bandeja metálica portacables de rejilla electrosoldada 200x60mm con recubrimiento exclusivo Aiscan,OK,2026-09-25T16:04:19,
PR000000014292,PR000001592857,Soporte Omega coliso 200 galvanizado caliente,OK,2026-09-25T16:04:27,
PR000000014504,PR000001592858,"Grapa fijación puente diámetro 25 15x1,2 GFP cincado blanco",OK,2026-09-25T16:04:36,
PR000000014523,PR000001592859,Tubo Aiscan-UV doble pared diámetro 63 negro,OK,2026-09-25T16:04:45,
PR000000014526,PR000001592860,"Cinta perforada ondulada 17x0,8 rollo 10m galvanizada",OK,2026-09-25T16:04:52,
PR000000014529,PR000001592861,Limitador de sobretensión monobloc tipo 2 3P+N 15 kA 440/275V,OK,2026-09-25T16:04:59,
PR000000014555,PR000001592862,Caja de superficie golf VF con 1 fila 8 módulos opaca blanca,OK,2026-09-25T16:05:06,
PR000000014594,PR000001592863,Caja empotrar golf VF 2 filas 36 módulos puerta blanca regleta QC,OK,2026-09-25T16:05:14,
PR000000014598,PR000001592864,Caja empotrar golf VF con 1 fila 8 módulos puerta opaca blanca,OK,2026-09-25T16:05:21,
PR000000014610,PR000001592865,Caja empotrar golf VF con 1 fila 12 módulos puerta opaca blanca,OK,2026-09-25T16:05:28,
PR000000014654,PR000001592866,Caja modular superficie con 4 mecanismos 45x45 blanco nieve,OK,2026-09-25T16:05:35,
PR000000014831,PR000001592867,Bloque diferencial tipo-AC 30mA 2P 40A,OK,2026-09-25T16:05:41,
PR000000014961,PR000001592868,"Interruptor horario esfera diaria 16A, 1 contacto NA, con reserva 200h",OK,2026-09-25T16:05:49,
PR000000015242,PR000001592869,Canal de distribución LFF de PVC 40x40mm blanco RAL9016,OK,2026-09-25T16:05:56,
PR000000015257,PR000001592870,Minicanal LF PVC de 6x9mm tapa abisagrada blanco RAL9016 adhesiva,OK,2026-09-25T16:06:03,
PR000000015272,PR000001592871,Minicanal LF PVC de 10x15mm tapa abisagrada blanco RAL9016 adhesiva,OK,2026-09-25T16:06:10,
PR000000015281,PR000001592872,Minicanal LF PVC de 15x15mm blanco RAL9016 adhesiva,OK,2026-09-25T16:06:18,
PR000000015652,PR000001592873,Filtro recambio para rejilla FL224Z,OK,2026-09-25T16:06:25,
PR000000015776,PR000001592874,Caja modular superficie con 2 mecanismos 45x45 blanco nieve,OK,2026-09-25T16:06:32,
PR000000016171,PR000001592875,Automático magnetotérmico ML curva-C 1P+N 6A,OK,2026-09-25T16:12:14,
PR000000016173,PR000001592876,Automático magnetotérmico ML curva-C 1P+N 10A,OK,2026-09-25T16:12:21,
PR000000016270,PR000001592877,Interruptor automático 1P+N 10A curva-C 6kA 1 módulo,OK,2026-09-25T16:12:28,
PR000000016272,PR000001592878,Interruptor automático 1P+N 16A curva-C 6kA 1 módulo,OK,2026-09-25T16:12:36,
PR000000016279,PR000001592879,Diferencial 2P 40A 300mA tipo-AC,OK,2026-09-25T16:12:43,
PR000000016424,PR000001592880,Caja distribución vector VE superficie con 2 filas 36 IP55,OK,2026-09-25T16:12:51,
PR000000016429,PR000001592881,Caja distribución vector VE superficie con 1 fila 8+2 IP55,OK,2026-09-25T16:12:59,
PR000000016433,PR000001592882,Caja distribución vector VE superficie con 1 fila 4+2 IP55,OK,2026-09-25T16:13:07,
PR000000016528,PR000001592883,Tecla simple persiana AM R1 blanco polar brillo,OK,2026-09-25T16:13:15,
PR000000016615,PR000001592884,Mecanismo interruptor unipolar 10A 250V,OK,2026-09-25T16:13:23,
PR000000016811,PR000001592885,Controlador led con 3 canales 24V,OK,2026-09-25T16:13:31,
PR000000017191,PR000001592886,Marco con 2 elementos horizontal K1 blanco polar,OK,2026-09-25T16:13:39,
PR000000017643,PR000001592887,Toma schuko triple horizontal 16A IP55 estanca gris HAG,OK,2026-09-25T16:13:48,
PR000000017644,PR000001592888,Toma schuko estanca 16A IP55 gris,OK,2026-09-25T16:13:56,
PR000000017646,PR000001592889,Toma schuko completa superficie 16A estanca gris HAG,OK,2026-09-25T16:14:04,
PR000000017679,PR000001592890,Conmutador superficie estanca gris,OK,2026-09-25T16:14:12,
PR000000017684,PR000001592891,Conmutador estanca gris,OK,2026-09-25T16:14:20,
PR000000017864,PR000001592892,Válvula electrotérmica KNX 230V,OK,2026-09-25T16:14:28,
PR000000018734,PR000001592893,Minutero escalera 30s 230V 50-60Hz,OK,2026-09-25T16:14:37,
PR000000019440,PR000001592894,Juego rejillas de ventilación IP2x(2u),OK,2026-09-25T16:14:45,
PR000000019955,PR000001592895,Toma Schuko 16A,OK,2026-09-25T16:20:48,
PR000000020308,PR000001592896,"Minicanal ATA PVC 12x20mm blanco RAL9016 longitud 2,10m adhesiva",OK,2026-09-25T16:20:56,
PR000000021055,PR000001592897,Toma schuko doble 16A horizontal IP55 estanca gris HAG,OK,2026-09-25T16:21:03,
PR000000021093,PR000001592898,Caja de superficie estanca IP55 con 1 elemento gris HAG,OK,2026-09-25T16:21:10,
PR000000021094,PR000001592899,Caja de superficie estanca con 2 elementos vertical gris,OK,2026-09-25T16:21:17,
PR000000021177,PR000001592900,Caja superficie estanca vector VE exterior IP55 1 fila 12 módulos,OK,2026-09-25T16:21:24,
PR000000021215,PR000001592901,Contactor 25A 2NA 230V,OK,2026-09-25T16:21:31,
PR000000021341,PR000001592902,Canal para distribución industrial+tapa B7A 60x100 gris,OK,2026-09-25T16:21:39,
PR000000021737,PR000001592903,Base enchufe schuko 10/16A 230V 2P+TT,OK,2026-09-25T16:21:46,
PR000000021739,PR000001592904,Base enchufe francés 16A 230V 2P+TT con piloto,OK,2026-09-25T16:21:53,
PR000000021767,PR000001592905,Diferencial Hager 2P 40A 30mA tipo-A,OK,2026-09-25T16:22:00,
PR000000022000,PR000001592906,Perfil DIN para montaje borne vertical 2m,OK,2026-09-25T16:22:07,
PR000000022794,PR000001592907,Minutero escalera 30s 16A 230V 50-60Hz,OK,2026-09-25T16:22:14,
PR000000022804,PR000001592908,Ángulo plano para minicanal LFC 10x15mm blanco RAL9016 (Bolsa 10u),OK,2026-09-25T16:22:21,
PR000000022805,PR000001592909,Junta unión para minicanal LFC 10x15mm blanco RAL9016 (Bolsa 10u),OK,2026-09-25T16:22:29,
PR000000022806,PR000001592910,Ángulo interior para minicanal LFC 10x15mm blanco RAL9016 (Bolsa 10u),OK,2026-09-25T16:22:37,
PR000000022951,PR000001592911,Programador multifunción 1 vía con Bluetooth,OK,2026-09-25T16:22:45,
PR000000022959,PR000001592912,Telerruptor 230V 1NA+1NC,OK,2026-09-25T16:22:53,
PR000000024955,PR000001592913,Contactor schneider  LC1G330KUEN 3P 100-250V,OK,2026-09-25T16:23:01,
PR000000025009,PR000001592914,Interruptor automático RESI9 ID 2P 40A 30mA AC,OK,2026-09-25T16:23:09,
PR000000025013,PR000001592915,Dispositivo de protección sobretensiones ACTI9 Combi SPU 3P+N 32A,OK,2026-09-25T16:29:23,
PR000000025065,PR000001592916,"Batería FXC 85 ProCORE 18V 4,0Ah (Caja 1u)",OK,2026-09-25T16:29:32,
PR000000025069,PR000001592917,Taco químico FIS VS Plus 300 T DIY (Cartucho 1u),OK,2026-09-25T16:29:40,
PR000000025070,PR000001592918,Adhesivo sellador SOLUCION TOTAL agarre extremo blanco (cartucho 290ml),OK,2026-09-25T16:29:48,
PR000000025085,PR000001592919,Taco nylon SX 6x30 KP 12K (Blíster 12u),OK,2026-09-25T16:29:57,
PR000000025129,PR000001592920,Taco SX 12 S (Bolsa 6u),OK,2026-09-25T16:30:05,
PR000000025130,PR000001592921,Juego tacos SX 6x30 (Cubo 750u),OK,2026-09-25T16:30:13,
PR000000025141,PR000001592922,Adhesivo sellador SOLUCION TOTAL piedra natural (cartucho 290ml),OK,2026-09-25T16:30:20,
PR000000025179,PR000001592923,Taco SX Plus 6x50 L (Caja 100u),OK,2026-09-25T16:30:27,
PR000000025227,PR000001592924,Taco SX Plus 10x50 (Bote 200u),OK,2026-09-25T16:30:34,
PR000000025291,PR000001592925,Taco SX Plus 10x50 10K (Blíster 10u),OK,2026-09-25T16:30:41,
PR000000025308,PR000001592926,Taco SX Plus 8 WH BPK 8B (Bolsa 8u),OK,2026-09-25T16:30:48,
PR000000025385,PR000001592927,Taco Fischer DUOTEC 10,OK,2026-09-25T16:30:56,
PR000000025459,PR000001592928,Varilla roscada RG M 16x380 (Caja 10u),OK,2026-09-25T16:31:02,
PR000000025615,PR000001592929,Tornillo de aglomerado FSL 10 T-L (M8x80) (Bolsa 16u),OK,2026-09-25T16:31:10,
PR000000025652,PR000001592930,Varilla roscada FIS A M12x1000 (5.8) (Caja 10u),OK,2026-09-25T16:31:17,
PR000000025658,PR000001592931,Tornillo de aglomerado FIS H 12x85 K (Bolsa 8u),OK,2026-09-25T16:31:24,
PR000000025683,PR000001592932,Soporte recto ALK 31/37-600 (Caja 5u),OK,2026-09-25T16:31:31,
PR000000025704,PR000001592933,Espuma PU Fire Stop EI240 pistola 750ml (Bote 1u),OK,2026-09-25T16:31:38,
PR000000025758,PR000001592934,Hidrofugante concentrado 5 litros,OK,2026-09-25T16:31:46,
PR000000025879,PR000001592935,Tornillos + tacos WL 10x70 (Blíster 2u),OK,2026-09-25T16:37:33,
PR000000025890,PR000001592936,Taco VHP K2 pared hueca (Blíster 2u),OK,2026-09-25T16:37:41,
PR000000026040,PR000001592937,Taco N6x40 M6 diámetro 6 clavo roscado unión M6 (Caja 50u),OK,2026-09-25T16:37:49,
PR000000026057,PR000001592938,Taco N6x40 A2 diámetro 6 con clavo roscado inoxidable A2 (Caja 50u),OK,2026-09-25T16:37:57,
PR000000026059,PR000001592939,Taco N6x60 A2 diámetro 6 con clavo roscado inoxidable A2 (Caja 50u),OK,2026-09-25T16:38:05,
PR000000026146,PR000001592940,Grapa metálica BSM 15 (Caja 50u),OK,2026-09-25T16:38:12,
PR000000026213,PR000001592941,Taco macho 6 S diámetro 8 (Caja 100u),OK,2026-09-25T16:38:20,
PR000000026228,PR000001592942,Taco vuelco metálico VVR M4 diámetro 10 (Caja 50u),OK,2026-09-25T16:38:28,
PR000000026232,PR000001592943,Taco S-6 diámetro 6mm (Caja 100u),OK,2026-09-25T16:38:36,
PR000000026235,PR000001592944,Broca SDS Plus II V Pointer 22/400/450 (1u),OK,2026-09-25T16:38:45,
PR000000026492,PR000001592945,Limpiador PVC 500ml (Bote 1u),OK,2026-09-25T16:38:53,
PR000000026626,PR000001592946,Abrazadera FRSN 80-83 M8/M10,OK,2026-09-25T16:39:01,
PR000000026629,PR000001592947,Espuma poliuretano 750m (Bote 1u),OK,2026-09-25T16:39:09,
PR000000026630,PR000001592948,Grapa metálica BSM 32 (Caja 50u),OK,2026-09-25T16:39:17,
PR000000026655,PR000001592949,Grapa metálica BSM 25,OK,2026-09-25T16:39:25,
PR000000026776,PR000001592950,Anclaje metálico standard FSL M8x80 D10 cincado (Caja 50u),OK,2026-09-25T16:39:33,
PR000000026882,PR000001592951,Abrazadera isofónica LGS 90 para conducto ventilador (Caja 25u),OK,2026-09-25T16:39:41,
PR000000026892,PR000001592952,Mordaza viga TKL L M8 (Caja 50u),OK,2026-09-25T16:39:49,
PR000000026921,PR000001592953,Limpiador Espuma PU Clean Xtreme 500 ml (Bote 1u),OK,2026-09-25T16:39:57,
PR000000026985,PR000001592954,Tornillo cabeza hexagonal SKS 10x30 (Caja 100u),OK,2026-09-25T16:40:05,
PR000000026997,PR000001592955,Tuerca hexagonal MU M12 (Caja 100u),OK,2026-09-25T16:46:13,
PR000000027017,PR000001592956,Adhesivo PVC 1l (Bote 1u),OK,2026-09-25T16:46:21,
PR000000027050,PR000001592957,"Brida nylon 4,5x250 negro (Bolsa 100u)",OK,2026-09-25T16:46:29,
PR000000027071,PR000001592958,Taco universal UX 8x50 R DIY (Caja 50u),OK,2026-09-25T16:46:37,
PR000000027134,PR000001592959,Limpiador espumas poliuretano manual/pistola 500ml (Bote 1u),OK,2026-09-25T16:46:46,
PR000000027138,PR000001592960,Tirafondo roscado métrica STS 8x60 (Caja 100u),OK,2026-09-25T16:46:54,
PR000000027142,PR000001592961,Mordaza individual para viga TKL M-10 (Caja 50u),OK,2026-09-25T16:47:02,
PR000000027178,PR000001592962,Tirafondo roscado métrica STS 8x80 (Caja 100u),OK,2026-09-25T16:47:10,
PR000000027192,PR000001592963,Limpiador paneles fotovoltaicos garrafa 5 litros,OK,2026-09-25T16:47:18,
PR000000027209,PR000001592964,Abrazadera Nylon 20-25 FGC (Caja 50u),OK,2026-09-25T16:47:26,
PR000000027233,PR000001592965,Estuche brocas SDS Plus QUATTRIC II 5-12mm 7E (Estuche 1u),OK,2026-09-25T16:47:35,
PR000000028243,PR000001592966,Broca percutora SDS PLUS 16x310 (1u),OK,2026-09-25T16:47:43,
PR000000028344,PR000001592967,Cinta de doble cara SCLM (Blíster 1u),OK,2026-09-25T16:47:51,
PR000000028432,PR000001592968,Abrazadera FRSM 165-171 M10/12 (Caja 20u),OK,2026-09-25T16:47:59,
PR000000028449,PR000001592969,Arandela diámetro 8 especial (Caja 200u),OK,2026-09-25T16:48:08,
PR000000028672,PR000001592970,Tapa bandeja aislante libre de halógenos TBPE 300 LH7038 color gris RAL 7038,OK,2026-09-25T16:48:16,
PR000000028704,PR000001592971,Abrazadera metálica pie ABRP 16 AL aluminio,OK,2026-09-25T16:48:24,
PR000000028863,PR000001592972,"Tuerca para tubo roscado TTR M20X1,5 EZ acero electrozincado (EZ)",OK,2026-09-25T16:48:32,
PR000000028906,PR000001592973,Tubo metálico liso TML 40 3M EZ acero electrozincado (EZ),OK,2026-09-25T16:48:40,
PR000000029052,PR000001592974,Curva tubo flexible CFR2 16mm PVC IP 64 RAL 7035,OK,2026-09-25T16:48:48,
PR000000029188,PR000001592975,Curva tubo flexible CFR2 32mm PVC IP 64 RAL 7035,OK,2026-09-25T16:54:54,
PR000000029213,PR000001592976,Arandela DIN125 M6 acero inoxidable I304,OK,2026-09-25T16:55:02,
PR000000029291,PR000001592977,Arandela ancha DIN9021 M8 cincado (EZ),OK,2026-09-25T16:55:11,
PR000000029451,PR000001592978,Racor BGQ 42M40 PA6 libre de halógenos gris RAL 7031,OK,2026-09-25T16:55:19,
PR000000029498,PR000001592979,Tubo corrugado COFLEX 32mm Reforzado (2J) libre de halógenos LH 7035,OK,2026-09-25T16:55:27,
PR000000029499,PR000001592980,Tubo corrugado COFLEX 25mm Reforzado (2J) libre de halógenos LH 7035,OK,2026-09-25T16:55:34,
PR000000029500,PR000001592981,Tubo corrugado COFLEX 20mm Reforzado (2J) libre de halógenos LH 7035,OK,2026-09-25T16:55:42,
PR000000029614,PR000001592982,Curva tubo CPR 20mm RLH libre de halógenos RAL 7035,OK,2026-09-25T16:55:50,
PR000000029880,PR000001592983,Anclaje a hormigón CCM M6x60mm cincado (EZ),OK,2026-09-25T16:55:59,
PR000000030122,PR000001592984,Manguito de prolongación para varilla MVR M8 cincado (EZ),OK,2026-09-25T16:56:08,
PR000000030165,PR000001592985,Bandeja perforada ERE 300x60mm galvanizado en caliente (GC),OK,2026-09-25T16:56:16,
PR000000030306,PR000001592986,Bandeja perforada reforzada FRE 400x60mm galvanizado sendzimir (GS),OK,2026-09-25T16:56:24,
PR000000030477,PR000001592987,Conjunto grapa y tornillo CGBF galvanizado en caliente (GC),OK,2026-09-25T16:56:32,
PR000000030719,PR000001592988,Tuerca DIN934 M6 I304 acero zincado AISI 304,OK,2026-09-25T16:56:41,
PR000000030770,PR000001592989,Curva plana tubo CPR 25mm PVC RAL 7035,OK,2026-09-25T16:56:49,
PR000000030792,PR000001592990,Arandela ancha DIN9021 M10 acero inoxidable I304,OK,2026-09-25T16:56:58,
PR000000030828,PR000001592991,Tornillo DIN933 M6x20 cincado (EZ),OK,2026-09-25T16:57:06,
PR000000030836,PR000001592992,Pack tuercas DIN934-100 M10 I304 acero inoxidable AISI 304 (100u),OK,2026-09-25T16:57:14,
PR000000030864,PR000001592993,Tuerca DIN934 M6 EZ acero electrozincado (EZ),OK,2026-09-25T16:57:23,
PR000000030982,PR000001592994,Tornillo DIN933 M10x30 acero inoxidable I304,OK,2026-09-25T16:57:31,
PR000000031173,PR000001592995,Arandela DIN125 M6 cincado (EZ),OK,2026-09-25T17:03:21,
PR000000031181,PR000001592996,Tuerca DIN6923 M8 acero inoxidable I304,OK,2026-09-25T17:03:28,
PR000000031184,PR000001592997,Tornillo DIN933 M8x20 acero inoxidable I304,OK,2026-09-25T17:03:36,
PR000000031499,PR000001592998,Bandeja portacables Unex Serie 66 U23X perforada 200x100x3000mm PVC 66220,OK,2026-09-25T17:03:43,
PR000000031585,PR000001592999,"Cable ENERGY Class RV-K FOC 1KV 3G1,5mm2 negro (Se suministra en Rollo)",OK,2026-09-25T17:03:50,
PR000000031606,PR000001593000,"Cable GENLIS-R Class H07V-U /H07V-R 1x1,5 azul (Se suministra en Caja)",OK,2026-09-25T17:03:58,
PR000000031611,PR000001593001,Cable ENERGY Class RV-K FOC 1KV 1x70mm2 negro,OK,2026-09-25T17:04:06,
PR000000031632,PR000001593002,"Cable Exzhellent Compact 1kV RZ1-K 3G1,5 verde (Se suministra en Rollo)",OK,2026-09-25T17:04:13,
PR000000031633,PR000001593003,Cable Afumex  RZ1-K 5G35 verde,OK,2026-09-25T17:04:20,
PR000000031634,PR000001593004,Cable Exzhellent Compact 1kV RZ1-K 5G25 verde (Se suministra en Bobina),OK,2026-09-25T17:04:27,
PR000000031639,PR000001593005,"Cable GENLIS-F Class H05V-K/H07V-K 1x1,5 marrón (Se suministra en Caja)",OK,2026-09-25T17:04:35,
PR000000031642,PR000001593006,Cable AEROPREX Class RZ AL 1KV 2x16 negro (Se suministra en Bobina),OK,2026-09-25T17:04:42,
PR000000031673,PR000001593007,Cable ENERGY Class RV-K FOC 1KV 5G4mm2 negro (Se suministra en Rollo),OK,2026-09-25T17:04:49,
PR000000031681,PR000001593008,Cable Exzhellent Compact 1kV RZ1-K 1x150 verde (Se suministra en Bobina),OK,2026-09-25T17:04:56,
PR000000031689,PR000001593009,Cable Exzhellent Compact 1kV RZ1-K 5G10 verde (Se suministra en Bobina),OK,2026-09-25T17:05:03,
PR000000031690,PR000001593010,Cable EXZHELLENT Class 750V AS H07Z1-K 1x35 negro (Se suministra en Caja),OK,2026-09-25T17:05:11,
PR000000031691,PR000001593011,Cable EXZHELLENT Class 750V AS H07Z1-K 1x35 amarillo / verde (Se suministra en Caja),OK,2026-09-25T17:05:18,
PR000000031692,PR000001593012,Cable ENERGY Class RV-K FOC 1KV 1x35mm2 negro (Se suministra en Bobina),OK,2026-09-25T17:05:25,
PR000000031701,PR000001593013,"Cable ENERGY Class RV-K FOC 1KV 3G1,5mm2 negro",OK,2026-09-25T17:05:32,
PR000000031711,PR000001593014,"Cable ENERGY Class RV-K FOC 1KV 3G2,5mm2 negro (Se suministra en Rollo)",OK,2026-09-25T17:05:39,
PR000000031748,PR000001593015,Cable EXZHELLENT Class 750V AS H07Z1-K 1x16 negro (Se suministra en Caja),OK,2026-09-25T17:11:12,
PR000000031749,PR000001593016,Cable EXZHELLENT Class 750V AS H07Z1-K 1x16 gris (Se suministra en Caja),OK,2026-09-25T17:11:19,
PR000000031753,PR000001593017,Cable Exzhellent Compact 1kV RZ1-K 1x35 verde (Se suministra en Bobina),OK,2026-09-25T17:11:26,
PR000000031774,PR000001593018,Cable ARMIGRON Class -F RVFV 5G10 negro (Se suministra en Bobina),OK,2026-09-25T17:11:33,
PR000000031802,PR000001593019,"Cable Exzhellent Compact 1kV RZ1-K 4G2,5 verde (Se suministra en Rollo)",OK,2026-09-25T17:11:40,
PR000000031805,PR000001593020,Cable Exzhellent Compact 1kV RZ1-K 1x50 verde (Se suministra en Bobina),OK,2026-09-25T17:11:47,
PR000000031806,PR000001593021,"Cable Exzhellent Compact 1kV RZ1-K 5G1,5 verde (Se suministra en Rollo)",OK,2026-09-25T17:11:54,
PR000000031818,PR000001593022,Cable GENLIS-F Class H05V-K/H07V-K 1x10 negro (Se suministra en Caja),OK,2026-09-25T17:12:01,
PR000000031825,PR000001593023,Manguera BIGGFLEX Class H05VV-F 4G1 blanco (Se suministra en Rollo),OK,2026-09-25T17:12:09,
PR000000031857,PR000001593024,"Cable Exzhellent Compact 1kV RZ1-K 5G2,5 verde (Se suministra en Rollo)",OK,2026-09-25T17:12:15,
PR000000031858,PR000001593025,Cable Exzhellent Compact 1kV RZ1-K 4x16 verde (Se suministra en Bobina),OK,2026-09-25T17:12:22,
PR000000031878,PR000001593026,Cable ENERGY Class RV-K FOC 1KV 4G4mm2 negro,OK,2026-09-25T17:12:30,
PR000000031891,PR000001593027,Cable ENERGY Class RV-K FOC 1KV 4x6mm2 negro (Se suministra en Bobina),OK,2026-09-25T17:12:36,
PR000000031904,PR000001593028,Cable EXZHELLENT Class 750V AS H07Z1-K 1x16 azul (Se suministra en Caja),OK,2026-09-25T17:12:44,
PR000000031916,PR000001593029,Cable EXZHELLENT Class 750V AS H07Z1-K 1x10 azul (Se suministra en Caja),OK,2026-09-25T17:12:52,
PR000000031917,PR000001593030,Cable EXZHELLENT Class 750V AS H07Z1-K 1x10 amarillo / verde (Se suministra en Caja),OK,2026-09-25T17:13:00,
PR000000031928,PR000001593031,Cable Afumex Class ATEX 1000V (AS) RZ1MZ1-K (AS) 3G2.5 (Se suministra en Bobina),OK,2026-09-25T17:13:08,
PR000000031943,PR000001593032,Cable ENERGY Class RV-K FOC 1KV 5G16mm2 negro (Se suministra en Bobina),OK,2026-09-25T17:13:16,
PR000000031961,PR000001593033,"Cable Exzhellent 1kV Multiple RZ1-K 10G1,5 (Se suministra en Bobina)",OK,2026-09-25T17:13:24,
PR000000031969,PR000001593034,Cable EXZHELLENT Class 750V AS H07Z1-K 1x25 marrón (Se suministra en Caja),OK,2026-09-25T17:13:32,
PR000000031972,PR000001593035,Cable Exzhellent Compact 1kV RZ1-K 5G6 verde (Se suministra en Rollo),OK,2026-09-25T17:19:50,
PR000000031975,PR000001593036,Cable Exzhellent Compact 1kV RZ1-K 3x6 verde (Se suministra en Bobina),OK,2026-09-25T17:19:59,
PR000000031985,PR000001593037,"Cable PLASTIGRON Class VV-K 0,6/1kV 24G1,5 negro (Se suministra en Bobina)",OK,2026-09-25T17:20:07,
PR000000031990,PR000001593038,Cable ENERGY Class RV-K FOC 1KV 4x16mm2 negro (Se suministra en Bobina),OK,2026-09-25T17:20:15,
PR000000032014,PR000001593039,Cable EXZHELLENT Class 750V AS H07Z1-K 1x25 negro (Se suministra en Caja),OK,2026-09-25T17:20:23,
PR000000032016,PR000001593040,"Cable Exzhellent Compact 1kV RZ1-K 4G1,5 verde (Se suministra en Rollo)",OK,2026-09-25T17:20:31,
PR000000032017,PR000001593041,Cable Exzhellent Compact 1kV RZ1-K 3G6 verde (Se suministra en Bobina),OK,2026-09-25T17:20:39,
PR000000032020,PR000001593042,Cable Exzhellent Compact 1kV RZ1-K 3x25 verde (Se suministra en Bobina),OK,2026-09-25T17:20:48,
PR000000032024,PR000001593043,Cable Exzhellent Compact 1kV RZ1-K 4x6 verde (Se suministra en Bobina),OK,2026-09-25T17:20:56,
PR000000032038,PR000001593044,"Cable ENERGY Class RV-K FOC 1KV 3G2,5mm2 negro (Se suministra en Rollo)",OK,2026-09-25T17:21:04,
PR000000032040,PR000001593045,"Cable ENERGY Class RV-K FOC 1KV 4G2,5mm2 negro (Se suministra en Rollo)",OK,2026-09-25T17:21:13,
PR000000032041,PR000001593046,"Manguera BIGGFLEX Class H05VV-F 3G1,5 blanco (Se suministra en Rollo)",OK,2026-09-25T17:21:21,
PR000000032043,PR000001593047,"Cable GENLIS-F Class H05V-K/H07V-K 1x1,5 azul (Se suministra en Caja)",OK,2026-09-25T17:21:29,
PR000000032067,PR000001593048,Cable EXZHELLENT Class 750V AS H07Z1-K 1x16 marrón (Se suministra en Caja),OK,2026-09-25T17:21:37,
PR000000032068,PR000001593049,Cable EXZHELLENT Class 750V AS H07Z1-K 1x25 gris (Se suministra en Caja),OK,2026-09-25T17:21:45,
PR000000032074,PR000001593050,Cable Exzhellent Compact 1kV RZ1-K 3x10 verde (Se suministra en Bobina),OK,2026-09-25T17:21:53,
PR000000032079,PR000001593051,Cable GENLIS-F Class H05V-K/H07V-K 1x6 negro (Se suministra en Caja),OK,2026-09-25T17:22:01,
PR000000032099,PR000001593052,Cable ENERGY Class RV-K FOC 1KV 3G4mm2 negro,OK,2026-09-25T17:22:10,
PR000000032102,PR000001593053,"Cable Exzhellent Compact 1kV RZ1-K 5G2,5 verde (Se suministra en Bobina)",OK,2026-09-25T17:22:18,
PR000000032103,PR000001593054,Cable Exzhellent Compact 1kV RZ1-K 4G10 verde (Se suministra en Bobina),OK,2026-09-25T17:22:26,
PR000000032106,PR000001593055,"Cable Exzhellent Compact 1kV RZ1-K 3G2,5 verde (Se suministra en Bobina)",OK,2026-09-25T17:28:15,
PR000000032108,PR000001593056,"Cable EXZHELLENT Class 750V AS H07Z1-K 1x2,5 negro (Se suministra en Caja)",OK,2026-09-25T17:28:22,
PR000000032118,PR000001593057,Cable GENLIS-F Class H05V-K/H07V-K 1x10 amarillo / verde (Se suministra en Caja),OK,2026-09-25T17:28:29,
PR000000032134,PR000001593058,Cable Exzhellent Compact 1kV RZ1-K 5G4 verde (Se suministra en Rollo),OK,2026-09-25T17:28:36,
PR000000032135,PR000001593059,Cable Exzhellent Compact 1kV RZ1-K 4G6 verde (Se suministra en Rollo),OK,2026-09-25T17:28:44,
PR000000032184,PR000001593060,Tubo termoretráctil PTPM 19/6 pared media,OK,2026-09-25T17:28:51,
PR000000032272,PR000001593061,"Cinta P1000 PVC aislante 20mx19mmx0,13mm amarillo",OK,2026-09-25T17:28:58,
PR000000032273,PR000001593062,"Cinta P1000 PVC aislante 20mx19mmx0,13mm rojo",OK,2026-09-25T17:29:05,
PR000000032274,PR000001593063,"Cinta P1000 PVC aislante 20mx19mmx0,13mm marrón",OK,2026-09-25T17:29:12,
PR000000032368,PR000001593064,"Enlace junta cónica H figura 340 1/2"" galvanizado",OK,2026-09-25T17:29:19,
PR000000032411,PR000001593065,"Manguito rosca derecha H figura 270 1.1/4"" negro",OK,2026-09-25T17:29:25,
PR000000032476,PR000001593066,"Alargadera reducida laton figura 246 H-M 1x3/4"" negro",OK,2026-09-25T17:29:33,
PR000000032490,PR000001593067,"Tubo acero DIN 2440 ST33.2 DN25 1"" galvanizado",OK,2026-09-25T17:29:40,
PR000000032516,PR000001593068,"Machón doble rosca derecha M FIG280 3"" galvanizado",OK,2026-09-25T17:29:46,
PR000000032520,PR000001593069,"Manguito rosca derecha H figura 270 3/4"" galvanizado",OK,2026-09-25T17:29:53,
PR000000032522,PR000001593070,"Manguito rosca derecha H figura 270 2"" negro",OK,2026-09-25T17:30:01,
PR000000032546,PR000001593071,"Curva 90º M-H fundición figura 1 1/2"" galvanizado",OK,2026-09-25T17:30:08,
PR000000032601,PR000001593072,"Tubo acero DIN 2440 ST33.2 DN80 3"" galvanizado",OK,2026-09-25T17:30:15,
PR000000032626,PR000001593073,"Enlace junta cónica M-H figura 341 3"" galvanizado",OK,2026-09-25T17:30:22,
PR000000032631,PR000001593074,"Enlace junta cónica M-H figura 341 3/8"" galvanizado",OK,2026-09-25T17:30:29,
PR000000032635,PR000001593075,"Enlace junta cónica M-H figura 341 3/4"" negro",OK,2026-09-25T17:36:04,
PR000000032655,PR000001593076,"Codo 90 H fundición figura 90 1.1/4"" galvanizado",OK,2026-09-25T17:36:11,
PR000000032696,PR000001593077,"Tapón M figura 290 1.1/2"" galvanizado",OK,2026-09-25T17:36:20,
PR000000032698,PR000001593078,"Tapón M figura 290 1.1/2"" negro",OK,2026-09-25T17:36:28,
PR000000032748,PR000001593079,"Curva 90º M-H fundición figura 1 2"" galvanizado",OK,2026-09-25T17:36:35,
PR000000032811,PR000001593080,"Manguito redondo figura 240 H 1/2x3/8"" galvanizado",OK,2026-09-25T17:36:42,
PR000000032839,PR000001593081,"Codo 90 H fundición figura 90 3"" galvanizado",OK,2026-09-25T17:36:49,
PR000000033030,PR000001593082,"Machón redondo figura 245 M 1/2x3/8"" galvanizado",OK,2026-09-25T17:36:56,
PR000000033050,PR000001593083,"Tubo acero DIN 2440 ST33.2 DN50 2"" galvanizado",OK,2026-09-25T17:37:03,
PR000000033051,PR000001593084,"Tubo acero DIN 2440 ST33.2 DN100 4"" galvanizado",OK,2026-09-25T17:37:11,
PR000000033080,PR000001593085,"Machón doble rosca derecha M figura 280 3/4"" negro",OK,2026-09-25T17:37:18,
PR000000033088,PR000001593086,"Te H fundición figura 130 1/2"" galvanizado",OK,2026-09-25T17:37:25,
PR000000033111,PR000001593087,"Curva 90º M-H fundición figura 1 2.1/2"" galvanizado",OK,2026-09-25T17:37:32,
PR000000033199,PR000001593088,"Manguito rosca derecha H figura 270 1/2"" galvanizado",OK,2026-09-25T17:37:39,
PR000000033215,PR000001593089,"Curva 45º M-H fundición figura 40 2.1/2"" galvanizado",OK,2026-09-25T17:37:45,
PR000000033222,PR000001593090,"Te red figura 130 H 3x1"" galvanizado",OK,2026-09-25T17:37:52,
PR000000033282,PR000001593091,Tubo acero DIN 2440 ST33.2 DN32 1.1/4 galvanizado,OK,2026-09-25T17:37:59,
PR000000033284,PR000001593092,"Tubo acero DIN 2440 ST33.2 DN15 1/2"" galvanizado",OK,2026-09-25T17:38:07,
PR000000033307,PR000001593093,"Bifurcación 90 curvada H figura 132 1"" galvanizado",OK,2026-09-25T17:38:13,
PR000000033314,PR000001593094,"Manguito rosca derecha H FIG270 2"" galvanizado",OK,2026-09-25T17:38:20,
PR000000033329,PR000001593095,"Codo 90 M-H fundición figura 92 3/8"" galvanizado",OK,2026-09-25T17:44:17,
PR000000033360,PR000001593096,"Tubo ISO soldado DN20 3/4"" galvanizado",OK,2026-09-25T17:44:25,
PR000000033421,PR000001593097,"Enlace junta cónica M-H figura 341 1"" galvanizado",OK,2026-09-25T17:44:34,
PR000000033424,PR000001593098,"Enlace junta cónica M-H figura 341 2"" negro",OK,2026-09-25T17:44:43,
PR000000033521,PR000001593099,"Curva 90º M-H fundición figura 1 1.1/4"" galvanizado",OK,2026-09-25T17:44:51,
PR000000033522,PR000001593100,"Curva 90º M-H fundición figura 1 1/4"" galvanizado",OK,2026-09-25T17:45:00,
PR000000033589,PR000001593101,"Manguito redondo figura 240 H 1x1/2"" galvanizado",OK,2026-09-25T17:45:08,
PR000000033634,PR000001593102,"Te redondo figura 130 H 4x2"" galvanizado",OK,2026-09-25T17:45:17,
PR000000033726,PR000001593103,"Manguito redondo figura 246 H-M 3x2"" galvanizado",OK,2026-09-25T17:45:25,
PR000000033808,PR000001593104,"Machón redondo figura 245 M 3/4x3/8"" galvanizado",OK,2026-09-25T17:45:34,
PR000000033813,PR000001593105,"Tubo acero DIN 2440 ST33.2 DN20 3/4"" galvanizado",OK,2026-09-25T17:45:42,
PR000000033820,PR000001593106,"Tuerca redondo M-H figura 241 1x1/2"" galvanizado",OK,2026-09-25T17:45:50,
PR000000033837,PR000001593107,"Machón doble rosca derecha M FIG280 2"" galvanizado",OK,2026-09-25T17:45:59,
PR000000033838,PR000001593108,"Machón doble rosca derecha M FIG280 1.1/4"" galvanizado",OK,2026-09-25T17:46:07,
PR000000033840,PR000001593109,"Machón doble rosca derecha M figura 280 3"" negro",OK,2026-09-25T17:46:14,
PR000000033862,PR000001593110,"Codo 90 M-H fundición figura 92 3/4"" negro",OK,2026-09-25T17:46:22,
PR000000033923,PR000001593111,Tubo PVC 1m diámetro 160 serie B,OK,2026-09-25T17:46:29,
PR000000033924,PR000001593112,Tubo PVC 1m diámetro 125 serie B,OK,2026-09-25T17:46:37,
PR000000033925,PR000001593113,Tubo PVC 1m diámetro 75 serie B,OK,2026-09-25T17:46:44,
PR000000033927,PR000001593114,Tubo PVC 3m diámetro 160 serie B,OK,2026-09-25T17:46:51,
PR000000033928,PR000001593115,Tubo PVC 3m diámetro 125 serie B,OK,2026-09-25T17:52:58,
PR000000033929,PR000001593116,Tubo PVC 3m diámetro 110 serie B,OK,2026-09-25T17:53:06,
PR000000033930,PR000001593117,Tubo PVC 3m diámetro 75 serie B,OK,2026-09-25T17:53:14,
PR000000033940,PR000001593118,Tubo PVC (6kg-cm2) diámetro 110 encolada,OK,2026-09-25T17:53:22,
PR000000033962,PR000001593119,Tubo longitud 3m diámetro 90 EUME,OK,2026-09-25T17:53:30,
PR000000033981,PR000001593120,Tapón ciego diámetro 315,OK,2026-09-25T17:53:38,
PR000000034006,PR000001593121,Tubo PVC (10kg-cm2) diámetro 160 encolada,OK,2026-09-25T17:53:47,
PR000000034019,PR000001593122,Tubo multicapa PERT/AL/PERT diámetro 20,OK,2026-09-25T17:53:56,
PR000000034021,PR000001593123,Enlace 3 piezas M-H diámetro 50,OK,2026-09-25T17:54:04,
PR000000034025,PR000001593124,Tubo polietileno PE-40 diámetro 25 1MPa fleje azul,OK,2026-09-25T17:54:12,
PR000000034048,PR000001593125,Manguito unión H-H diámetro 50 encolada,OK,2026-09-25T17:54:20,
PR000000034049,PR000001593126,Manguito reparación H-H diámetro 40 encolada,OK,2026-09-25T17:54:28,
PR000000034101,PR000001593127,"Válvula esfera M-H 3/4""",OK,2026-09-25T17:54:37,
PR000000034102,PR000001593128,"Válvula esfera M-H 1""",OK,2026-09-25T17:54:45,
PR000000034119,PR000001593129,Tubo polietileno PE-100 diámetro 63 1MPa fleje azul,OK,2026-09-25T17:54:53,
PR000000034160,PR000001593130,Sumidero PVC salida horizontal 20x20-90,OK,2026-09-25T17:55:01,
PR000000034234,PR000001593131,Tubo PVC (10kg-cm2) diámetro 110 encolada,OK,2026-09-25T17:55:09,
PR000000034271,PR000001593132,Manguito transición circular diámetro 90 EUME,OK,2026-09-25T17:55:18,
PR000000034306,PR000001593133,Tubo PVC (20kg-cm2) diámetro 20 encolada,OK,2026-09-25T17:55:26,
PR000000034309,PR000001593134,Tubo PVC (16kg-cm2) diámetro 160 encolada,OK,2026-09-25T17:55:34,
PR000000034314,PR000001593135,"Válvula cierre mini 1/2""",OK,2026-09-25T18:01:27,
PR000000034331,PR000001593136,Tubo polietileno PE-100 diámetro 32 1MPa fleje azul,OK,2026-09-25T18:01:34,
PR000000034345,PR000001593137,Sumidero PVC salida vertical 15x15-50,OK,2026-09-25T18:01:41,
PR000000034355,PR000001593138,Manguito unión H-H diámetro 40,OK,2026-09-25T18:01:48,
PR000000034362,PR000001593139,Codo sanitario PVC blanco H-H 87º 30' diámetro 32,OK,2026-09-25T18:01:55,
PR000000034406,PR000001593140,Porta bridas PN-16 diámetro 250,OK,2026-09-25T18:02:03,
PR000000034417,PR000001593141,"Tubo polietileno PE-100 diámetro 90 2,5MPa fleje blanco",OK,2026-09-25T18:02:10,
PR000000034435,PR000001593142,"Reducción polietileno M-H 1-3/4""",OK,2026-09-25T18:02:17,
PR000000034436,PR000001593143,"Reducción M-H 3/4-1/2""",OK,2026-09-25T18:02:24,
PR000000034450,PR000001593144,Enlace reducido diámetro 40-32,OK,2026-09-25T18:02:31,
PR000000034453,PR000001593145,Te igual diámetro 25,OK,2026-09-25T18:02:38,
PR000000034455,PR000001593146,Tapón final tubo diámetro 40,OK,2026-09-25T18:02:45,
PR000000034470,PR000001593147,Enlace mixto M 63,OK,2026-09-25T18:02:52,
PR000000034475,PR000001593148,Codo 90º diámetro 125,OK,2026-09-25T18:02:59,
PR000000034498,PR000001593149,Enlace recto diámetro 63,OK,2026-09-25T18:03:06,
PR000000034506,PR000001593150,Codo rosca H diámetro 25,OK,2026-09-25T18:03:13,
PR000000034524,PR000001593151,"Válvula esfera metálica 1.1/4"" paso total",OK,2026-09-25T18:03:21,
PR000000034527,PR000001593152,Brida loca acero diámetro 125,OK,2026-09-25T18:03:28,
PR000000034551,PR000001593153,Enlace recto diámetro 63,OK,2026-09-25T18:03:36,
PR000000034552,PR000001593154,Enlace recto diámetro 50,OK,2026-09-25T18:03:43,
PR000000034556,PR000001593155,Enlace mixto H 40,OK,2026-09-25T18:09:21,
PR000000034557,PR000001593156,Enlace mixto M 32,OK,2026-09-25T18:09:28,
PR000000034558,PR000001593157,Enlace mixto M 20,OK,2026-09-25T18:09:36,
PR000000034560,PR000001593158,"Collarín toma polipropileno diámetro 110-1""",OK,2026-09-25T18:09:43,
PR000000034564,PR000001593159,"Collarín toma polipropileno diámetro 63-3/4""",OK,2026-09-25T18:09:50,
PR000000034565,PR000001593160,"Collarín toma polipropileno diámetro 50-1""",OK,2026-09-25T18:09:57,
PR000000034566,PR000001593161,"Collarín toma polipropileno diámetro 50-3/4""",OK,2026-09-25T18:10:05,
PR000000034574,PR000001593162,Manguito H-H diámetro 160 serie lisa PVC,OK,2026-09-25T18:10:12,
PR000000034575,PR000001593163,Casquillo reducción diámetro 160/125 serie lisa PVC,OK,2026-09-25T18:10:19,
PR000000034589,PR000001593164,Manguito H-H diámetro 125 PVC serie B gris,OK,2026-09-25T18:10:26,
PR000000034590,PR000001593165,Manguito H-H diámetro 90 serie lisa PVC,OK,2026-09-25T18:10:33,
PR000000034627,PR000001593166,Codo 90º H-H diámetro 25 serie mixta PVC,OK,2026-09-25T18:10:40,
PR000000034635,PR000001593167,Tubo PVC (16kg-cm2) diámetro 90 junta elástica,OK,2026-09-25T18:10:47,
PR000000034639,PR000001593168,Tubo PVC (10kg-cm2) diámetro 50 encolada,OK,2026-09-25T18:10:55,
PR000000034653,PR000001593169,Manguito unión pasante evacuación H-H diámetro 50,OK,2026-09-25T18:11:02,
PR000000034654,PR000001593170,Manguito unión pasante evacuación H-H diámetro 75,OK,2026-09-25T18:11:09,
PR000000034689,PR000001593171,"Racor H 20x1/2"" PRESSFITTING multicapa",OK,2026-09-25T18:11:17,
PR000000034701,PR000001593172,Rejilla reforzada 40x40,OK,2026-09-25T18:11:26,
PR000000034715,PR000001593173,Manguito unión 20 PRESSFITTING multicapa,OK,2026-09-25T18:11:34,
PR000000034716,PR000001593174,Manguito unión 16 PRESSFITTING multicapa,OK,2026-09-25T18:11:41,
PR000000034729,PR000001593175,"Válvula bola 1/2"" serie roscada PVC",OK,2026-09-25T18:17:29,
PR000000034730,PR000001593176,Válvula bola 90 serie lisa PVC,OK,2026-09-25T18:17:37,
PR000000034731,PR000001593177,Válvula bola 63 serie lisa PVC,OK,2026-09-25T18:17:44,
PR000000034736,PR000001593178,Tapón H 315 PVC,OK,2026-09-25T18:17:51,
PR000000034749,PR000001593179,Manguito H-H diámetro 315 serie lisa PVC,OK,2026-09-25T18:17:59,
PR000000034813,PR000001593180,Codo 45º H-H diámetro 110 serie lisa PVC,OK,2026-09-25T18:18:06,
PR000000034814,PR000001593181,Codo 45º H-H diámetro 75 serie lisa PVC,OK,2026-09-25T18:18:13,
PR000000034815,PR000001593182,Codo 45º H-H diámetro 32 serie lisa PVC,OK,2026-09-25T18:18:20,
PR000000034819,PR000001593183,Casquillo reducción diámetro 125/110 serie lisa PVC,OK,2026-09-25T18:18:26,
PR000000034820,PR000001593184,Casquillo reducción diámetro 110/90 serie lisa PVC,OK,2026-09-25T18:18:34,
PR000000034828,PR000001593185,Unión 3 piezas H-H diámetro 25 serie lisa PVC,OK,2026-09-25T18:18:41,
PR000000034831,PR000001593186,Tapón H 63 serie lisa PVC,OK,2026-09-25T18:18:48,
PR000000034835,PR000001593187,Te 90º igual H 75 serie lisa PVC,OK,2026-09-25T18:18:55,
PR000000034838,PR000001593188,Codo 90º H-H diámetro 50 serie lisa PVC,OK,2026-09-25T18:19:02,
PR000000034839,PR000001593189,Codo 90º H-H diámetro 75 serie lisa PVC,OK,2026-09-25T18:19:09,
PR000000034840,PR000001593190,Manguito H-H diámetro 20 serie lisa PVC,OK,2026-09-25T18:19:16,
PR000000034841,PR000001593191,Reducción exterior excéntrica diámetro 250/200 PVC,OK,2026-09-25T18:19:23,
PR000000034851,PR000001593192,Adhesivo bote 1000cc PVC,OK,2026-09-25T18:19:31,
PR000000034856,PR000001593193,"Tubo polietileno 1/2"" riego para goteo",OK,2026-09-25T18:19:38,
PR000000034871,PR000001593194,Bajada exterior derecha 33 PVC,OK,2026-09-25T18:19:45,
PR000000034872,PR000001593195,Reducción 110/90 PVC,OK,2026-09-25T18:25:36,
PR000000034883,PR000001593196,Te igual diámetro 32 electrosoldable PN-16,OK,2026-09-25T18:25:44,
PR000000034884,PR000001593197,Codo 90º diámetro 40 electrosoldable PN-16,OK,2026-09-25T18:25:52,
PR000000034893,PR000001593198,"Codo rosca M 25x3/4"" PRESSFITTING multicapa",OK,2026-09-25T18:26:01,
PR000000034897,PR000001593199,"Codo base fijación 16x1/2"" PRESSFITTING multicapa",OK,2026-09-25T18:26:09,
PR000000034905,PR000001593200,Te reducida 20-16-16 PRESSFITTING multicapa,OK,2026-09-25T18:26:17,
PR000000034917,PR000001593201,COLECTOR CONICO PPSU 25/16-16-16,OK,2026-09-25T18:26:25,
PR000000034920,PR000001593202,"Codo placa diámetro 20x1/2"" latón",OK,2026-09-25T18:26:32,
PR000000034951,PR000001593203,Te reducida diámetro 25-20-25 GPF PRESS,OK,2026-09-25T18:26:39,
PR000000035010,PR000001593204,Manguito unión electrosoldable diámetro 50mm,OK,2026-09-25T18:26:46,
PR000000035031,PR000001593205,"Te iguales 90º H-H diámetro 32 1"" mixta PVC",OK,2026-09-25T18:26:53,
PR000000035072,PR000001593206,Manguito unión diámetro 32 GPF PRESS,OK,2026-09-25T18:27:01,
PR000000035075,PR000001593207,"Racor móvil 32x1"" GPF PRESS",OK,2026-09-25T18:27:08,
PR000000035078,PR000001593208,"Racor móvil 20x1/2"" GPF PRESS",OK,2026-09-25T18:27:15,
PR000000035108,PR000001593209,"Racor móvil 25x1"" latón",OK,2026-09-25T18:27:22,
PR000000035166,PR000001593210,Tubo de presión PVC (16kg-cm2) 5m diámetro 32mm encolada azul,OK,2026-09-25T18:27:29,
PR000000035251,PR000001593211,Tubo de presión PVC (10kg-cm2) 5m diámetro 90mm encolada azul,OK,2026-09-25T18:27:36,
PR000000035266,PR000001593212,"Tubo polietileno PE-100 diámetro 20 2,0mm PN16 fleje verde",OK,2026-09-25T18:27:43,
PR000000035286,PR000001593213,Tubo de presión PVC (10kg-cm2) 5m diámetro 75mm encolada azul,OK,2026-09-25T18:27:50,
PR000000035287,PR000001593214,Tubo evacuación PVC 5m diámetro 50mm Serie B gris,OK,2026-09-25T18:27:58,
PR000000035299,PR000001593215,Tubo evacuación PVC 5m diámetro 90mm Serie B gris,OK,2026-09-25T18:33:37,
PR000000035303,PR000001593216,Tubo PVC 1m diámetro 110 serie B,OK,2026-09-25T18:33:45,
PR000000035307,PR000001593217,Tubo PVC 5m diámetro 250 serie B,OK,2026-09-25T18:33:54,
PR000000035309,PR000001593218,Tubo PVC 5m diámetro 90 serie B,OK,2026-09-25T18:34:02,
PR000000035320,PR000001593219,Tubo polietileno reticulado serie 5.0 diámetro 16,OK,2026-09-25T18:34:10,
PR000000035373,PR000001593220,Tubo PVC 3m diámetro 125 serie B,OK,2026-09-25T18:34:18,
PR000000035388,PR000001593221,Tubo multicapa PERT/AL/PERT diámetro 32,OK,2026-09-25T18:34:26,
PR000000035389,PR000001593222,Tubo multicapa PERT/AL/PERT diámetro 25,OK,2026-09-25T18:34:35,
PR000000035392,PR000001593223,Unión 3 piezas H-H diámetro 50 serie lisa PVC,OK,2026-09-25T18:34:43,
PR000000035476,PR000001593224,Tubo polietileno PE-80 diámetro 32 1MPa fleje azul,OK,2026-09-25T18:34:51,
PR000000035529,PR000001593225,Tubo polietileno PE-40 diámetro 32 1MPa fleje azul,OK,2026-09-25T18:34:59,
PR000000035612,PR000001593226,Abrazadera tubo cuadrado EUME,OK,2026-09-25T18:35:07,
PR000000035616,PR000001593227,Codo 90º diámetro 50,OK,2026-09-25T18:35:16,
PR000000035619,PR000001593228,Codo 45º diámetro 50,OK,2026-09-25T18:35:24,
PR000000035676,PR000001593229,Válvula enlace polietileno diámetro 50,OK,2026-09-25T18:35:32,
PR000000035690,PR000001593230,Gancho S galvanizado 7,OK,2026-09-25T18:35:40,
PR000000035793,PR000001593231,Tubo polietileno PE-100 diámetro 50 1MPa fleje azul,OK,2026-09-25T18:35:48,
PR000000035815,PR000001593232,Tapón final tubo diámetro 50,OK,2026-09-25T18:35:56,
PR000000035818,PR000001593233,Te igual diámetro 20,OK,2026-09-25T18:36:04,
PR000000035821,PR000001593234,Tapón final tubo diámetro 32,OK,2026-09-25T18:36:13,
PR000000035822,PR000001593235,Tapón final tubo diámetro 63,OK,2026-09-25T18:41:51,
PR000000035823,PR000001593236,Te igual diámetro 63,OK,2026-09-25T18:42:00,
PR000000035827,PR000001593237,Enlace mixto H 32,OK,2026-09-25T18:42:08,
PR000000035828,PR000001593238,Enlace mixto H 50,OK,2026-09-25T18:42:16,
PR000000035845,PR000001593239,Enlace rosca M diámetro 32,OK,2026-09-25T18:42:24,
PR000000035854,PR000001593240,Codo igual diámetro 40,OK,2026-09-25T18:42:32,
PR000000035874,PR000001593241,"Válvula esfera metálica 2.1/2"" paso total",OK,2026-09-25T18:42:40,
PR000000035877,PR000001593242,"Válvula esfera metálica 3/4"" paso total",OK,2026-09-25T18:42:48,
PR000000035882,PR000001593243,Brida loca acero diámetro 90,OK,2026-09-25T18:42:56,
PR000000035896,PR000001593244,"Reducción M-H 1.1/2-3/4""",OK,2026-09-25T18:43:04,
PR000000035906,PR000001593245,Enlace mixto M 50,OK,2026-09-25T18:43:12,
PR000000035934,PR000001593246,Te 90º igual H 125 serie lisa PVC,OK,2026-09-25T18:43:20,
PR000000035936,PR000001593247,Manguito H-H diámetro 110 serie lisa PVC,OK,2026-09-25T18:43:28,
PR000000035957,PR000001593248,Tubo polietileno PE-40 diámetro 40 1MPa fleje azul,OK,2026-09-25T18:43:36,
PR000000035964,PR000001593249,Manguito unión diámetro 25 serie mixta PVC,OK,2026-09-25T18:43:45,
PR000000035966,PR000001593250,Codo 90º H-H diámetro 40 serie lisa PVC,OK,2026-09-25T18:43:53,
PR000000035967,PR000001593251,Codo 90º H-H diámetro 32 serie lisa PVC,OK,2026-09-25T18:44:01,
PR000000035968,PR000001593252,Codo 90º H-H diámetro 25 serie lisa PVC,OK,2026-09-25T18:44:09,
PR000000035970,PR000001593253,Casquillo reducción diámetro 40/32 serie lisa PVC,OK,2026-09-25T18:44:17,
PR000000035971,PR000001593254,Casquillo reducción diámetro 63/50 serie lisa PVC,OK,2026-09-25T18:44:25,
PR000000035978,PR000001593255,Tubo PVC (16kg-cm2) diámetro 90 encolada,OK,2026-09-25T18:50:17,
PR000000035979,PR000001593256,Tubo PVC (16kg-cm2) diámetro 75 encolada,OK,2026-09-25T18:50:26,
PR000000035980,PR000001593257,Tubo PVC (16kg-cm2) diámetro 63 encolada,OK,2026-09-25T18:50:34,
PR000000035981,PR000001593258,Tubo PVC (10kg-cm2) diámetro 90 encolada,OK,2026-09-25T18:50:42,
PR000000035985,PR000001593259,Tubo PVC (16kg-cm2) diámetro 32 encolada,OK,2026-09-25T18:50:50,
PR000000035986,PR000001593260,Tubo PVC (16kg-cm2) diámetro 25 encolada,OK,2026-09-25T18:50:59,
PR000000035991,PR000001593261,Tubo PVC 3m diámetro 110 serie Standard,OK,2026-09-25T18:51:07,
PR000000036021,PR000001593262,Codo encolar PVC M-H 45º Ø125,OK,2026-09-25T18:51:14,
PR000000036043,PR000001593263,Te igual diámetro 20 PRESSFITTING multicapa,OK,2026-09-25T18:51:21,
PR000000036068,PR000001593264,"Racor H 25x3/4"" PRESSFITTING multicapa",OK,2026-09-25T18:51:28,
PR000000036071,PR000001593265,Te igual diámetro 25 PRESSFITTING multicapa,OK,2026-09-25T18:51:35,
PR000000036072,PR000001593266,"Te salida H 20-1/2""-20 PRESSFITTING multicapa",OK,2026-09-25T18:51:42,
PR000000036077,PR000001593267,"Collarín toma polipropileno diámetro 40-3/4""",OK,2026-09-25T18:51:49,
PR000000036085,PR000001593268,Válvula bola 50 serie lisa PVC,OK,2026-09-25T18:51:56,
PR000000036117,PR000001593269,Manguito brida diámetro 110 serie lisa PVC,OK,2026-09-25T18:52:03,
PR000000036119,PR000001593270,Manguito diámetro 200 PVC,OK,2026-09-25T18:52:10,
PR000000036140,PR000001593271,Brida loca diámetro 63 serie lisa PVC,OK,2026-09-25T18:52:17,
PR000000036155,PR000001593272,Codo 45º H-H diámetro 125 serie lisa PVC,OK,2026-09-25T18:52:24,
PR000000036156,PR000001593273,Codo 45º H-H diámetro 90 serie lisa PVC,OK,2026-09-25T18:52:31,
PR000000036157,PR000001593274,Codo 45º H-H diámetro 40 serie lisa PVC,OK,2026-09-25T18:52:38,
PR000000036158,PR000001593275,Codo 45º H-H diámetro 50 serie lisa PVC,OK,2026-09-25T18:58:28,
PR000000036176,PR000001593276,Tapón H 32 serie lisa PVC,OK,2026-09-25T18:58:36,
PR000000036181,PR000001593277,Te 90º igual H 63 serie lisa PVC,OK,2026-09-25T18:58:43,
PR000000036186,PR000001593278,Manguito H-H diámetro 75 serie lisa PVC,OK,2026-09-25T18:58:50,
PR000000036188,PR000001593279,Manguito H-H diámetro 50 serie lisa PVC,OK,2026-09-25T18:58:57,
PR000000036190,PR000001593280,Manguito H-H diámetro 32 serie lisa PVC,OK,2026-09-25T18:59:04,
PR000000036191,PR000001593281,Manguito H-H diámetro 25 serie lisa PVC,OK,2026-09-25T18:59:11,
PR000000036197,PR000001593282,Limpiador bote 1000cc PVC,OK,2026-09-25T18:59:18,
PR000000036212,PR000001593283,"Tubo polietileno PE-40 diámetro 20 0,63MPa fleje negro",OK,2026-09-25T18:59:25,
PR000000036213,PR000001593284,"Tubo polietileno PE-40 diámetro 25 0,63MPa fleje negro",OK,2026-09-25T18:59:33,
PR000000036214,PR000001593285,Bajada exterior izquierda 33 PVC,OK,2026-09-25T18:59:40,
PR000000036225,PR000001593286,Codo 45º diámetro 40 electrosoldable PN-16,OK,2026-09-25T18:59:48,
PR000000036227,PR000001593287,Codo 90º diámetro 32 electrosoldable PN-16,OK,2026-09-25T18:59:55,
PR000000036241,PR000001593288,Codo igual 25 PRESSFITTING multicapa,OK,2026-09-25T19:00:02,
PR000000036287,PR000001593289,Te reducida diámetro 25-20-20 GPF PRESS,OK,2026-09-25T19:00:09,
PR000000036344,PR000001593290,Manguito unión electrosoldable pe diámetro 63mm,OK,2026-09-25T19:00:16,
PR000000036363,PR000001593291,Codo 45º H-H diámetro 63 serie lisa PVC,OK,2026-09-25T19:00:24,
PR000000036401,PR000001593292,"Racor móvil 25x3/4"" GPF PRESS",OK,2026-09-25T19:00:31,
PR000000036444,PR000001593293,Cargador,OK,2026-09-25T19:00:38,
PR000000036476,PR000001593294,Tubo evacuación PVC 5m diámetro 200mm Serie B gris,OK,2026-09-25T19:00:45,
PR000000036533,PR000001593295,Tubo evacuación PVC 3m diámetro 50mm Serie B gris,OK,2026-09-25T19:06:35,
PR000000036554,PR000001593296,Tapón registro diámetro 50 PVC,OK,2026-09-25T19:06:44,
PR000000036588,PR000001593297,Manguito unión con tope evacuación H-H diámetro 75,OK,2026-09-25T19:06:52,
PR000000036603,PR000001593298,Tubo evacuacion PVC 5m diametro 40 mm Serie B gris,OK,2026-09-25T19:07:00,
PR000000036621,PR000001593299,Tubo evacuación PVC 3mm diámetro 32mm gris,OK,2026-09-25T19:07:08,
PR000000036637,PR000001593300,Tubo de presión PVC (10kg-cm2) 5m diámetro 50mm encolada azul,OK,2026-09-25T19:07:16,
PR000000036662,PR000001593301,Abrazadera isofónica M8+M10 Ø40 Zn+Al KlimaProof RI,OK,2026-09-25T19:07:25,
PR000000036689,PR000001593302,Abrazadera isofónica M8+M10 Ø75 Zn+Al KlimaProof RI,OK,2026-09-25T19:07:33,
PR000000036691,PR000001593303,Abrazadera isofónica M8+M10 Ø54 Zn+Al KlimaProof RI,OK,2026-09-25T19:07:41,
PR000000036693,PR000001593304,Abrazadera isofónica M8+M10 Ø18 Zn+Al KlimaProof RI,OK,2026-09-25T19:07:49,
PR000000036694,PR000001593305,"Abrazadera isofónica M8+M10 Ø22 1/2"" dos tornillos BultmeierRI",OK,2026-09-25T19:07:57,
PR000000036698,PR000001593306,Escuadra 90º 2 orificios para perfil STRUT ESC acero cincado,OK,2026-09-25T19:08:05,
PR000000036750,PR000001593307,Taco de golpe NP 6-60 con valona acero inoxidable A2,OK,2026-09-25T19:08:14,
PR000000036814,PR000001593308,Anclaje metálico espárrago BA-PLUS 10-60/10 cincado,OK,2026-09-25T19:08:22,
PR000000036843,PR000001593309,Juego abrazadera metálica NOKE 20NK (bolsa 5u),OK,2026-09-25T19:08:30,
PR000000036845,PR000001593310,Juego abrazadera poliamida ABRANYL-ABT diámetro 25 gris (bolsa 6u),OK,2026-09-25T19:08:38,
PR000000036847,PR000001593311,Juego abrazadera metálica NOKE 25NK (bolsa 5u),OK,2026-09-25T19:08:46,
PR000000036854,PR000001593312,Abrazadera metálica M8-M10 reforzada isofónica diámetro 249-254,OK,2026-09-25T19:08:55,
PR000000036926,PR000001593313,Abrazadera SANICLIP simple diámetro 22,OK,2026-09-25T19:09:03,
PR000000036939,PR000001593314,Abrazadera poliamida ABRANYL máximo 15/18 blanco,OK,2026-09-25T19:09:11,
PR000000036940,PR000001593315,Abrazadera SANICLIP doble diámetro 15,FAIL_VERIFY,2026-09-29T09:47:35,no existe en Ferros (¿sync 50013?)
PR000000036941,PR000001593316,Abrazadera SANICLIP simple diámetro 14-15,FAIL_VERIFY,2026-09-29T09:47:38,no existe en Ferros (¿sync 50013?)
PR000000036944,PR000001593317,Abrazadera SANICLIP simple diámetro 12,FAIL_VERIFY,2026-09-29T09:47:42,no existe en Ferros (¿sync 50013?)
PR000000036957,PR000001593318,Esparrago doble rosca M10x80,FAIL_VERIFY,2026-09-29T09:47:45,no existe en Ferros (¿sync 50013?)
PR000000036970,PR000001593319,Taco largo HBR-SZ 10x135mm nylon con tornillo,FAIL_VERIFY,2026-09-29T09:47:48,no existe en Ferros (¿sync 50013?)
PR000000037008,PR000001593320,Taco muti-material FX diámetro 6x30 blíster (30u),FAIL_VERIFY,2026-09-29T09:47:52,no existe en Ferros (¿sync 50013?)
PR000000037054,PR000001593321,Soporte perfil STRUT 41x21x400mm acero cincado,FAIL_VERIFY,2026-09-29T09:47:55,no existe en Ferros (¿sync 50013?)
PR000000037083,PR000001593322,Tirafondo M6x44 taco nylon diámetro 6 plástico diámetro 10,FAIL_VERIFY,2026-09-29T09:47:58,no existe en Ferros (¿sync 50013?)
PR000000037084,PR000001593323,Tirafondo M-6x30 taco diámetro 6 plástico diámetro 10,FAIL_VERIFY,2026-09-29T09:48:01,no existe en Ferros (¿sync 50013?)
PR000000037098,PR000001593324,Taco nylon gris NF diámetro 8,FAIL_VERIFY,2026-09-29T09:48:05,no existe en Ferros (¿sync 50013?)
PR000000037120,PR000001593325,Esparrago doble rosca M8x50,FAIL_VERIFY,2026-09-29T09:48:08,no existe en Ferros (¿sync 50013?)
PR000000037151,PR000001593326,Taco golpe avellanado NPC 6-50 cincado,FAIL_VERIFY,2026-09-29T09:48:11,no existe en Ferros (¿sync 50013?)
PR000000037157,PR000001593327,Taco golpe NP/6-40 diámetro 6x40mm,FAIL_CATS,2026-09-25T19:12:15,"GET ficha previo FAIL_CATS: 503 {""error"": {""code"": ""Upgrade"",""message"": ""Tenant under maintenance. Maintenance type: Upgrade""}}"
PR000000037162,PR000001593328,Tornillo TORAB ST M6x6 acero bricomatado,FAIL_VERIFY,2026-09-29T09:48:14,no existe en Ferros (¿sync 50013?)
PR000000037175,PR000001593329,Abrazadera nylon ABRANYL 47-50 gris,FAIL_BLOCK,2026-09-25T19:12:35,503 Server Error: Service Unavailable for url: https://api.businesscentral.dynamics.com/v2.0/2070af18-f15b-4bea-9971-530cdd74f64e/Production/api/v2.0/companies
PR000000037188,PR000001593352,Abrazadera metálica M8-M10 reforzada isofónica rápida diámetro 40-42,OK,2026-09-28T10:08:22,
PR000000037189,PR000001593353,Abrazadera metálica M8-M10 reforzada isofónica diámetro 40-42,OK,2026-09-28T10:08:30,
PR000000037198,PR000001593354,Abrazadera metálica M6 tipo L diámetro 32 mm acero cincado,OK,2026-09-28T10:08:38,
PR000000037201,PR000001593355,Tornillo para grapas TORNIGRAP numero 30,OK,2026-09-28T10:08:47,
PR000000037210,PR000001593356,Abrazadera metálica M6 tipo L diámetro 25 mm acero cincado,OK,2026-09-28T10:08:56,
PR000000037212,PR000001593357,Grapa triplan FP-25,OK,2026-09-28T10:09:05,
PR000000037213,PR000001593358,Grapa metálica F diámetro 25,OK,2026-09-28T10:09:13,
PR000000037215,PR000001593359,Abrazadera ABRANYL TRAK ABT-20/25 gris,OK,2026-09-28T10:09:22,
PR000000037221,PR000001593360,Grapa metálica F diámetro 22,OK,2026-09-28T10:09:31,
PR000000037222,PR000001593361,Abrazadera nylon ABRANYL 22-25 gris,OK,2026-09-28T10:09:40,
PR000000037224,PR000001593362,Grapa metálica U diámetro 20,OK,2026-09-28T10:09:47,
PR000000037225,PR000001593363,Tornillo para grapas TORNIGRAP numero 20,OK,2026-09-28T10:09:55,
PR000000037226,PR000001593364,Abrazadera NOKE metálica M6 20 cincada,OK,2026-09-28T10:10:02,
PR000000037227,PR000001593365,Grapa metálica F diámetro 20,OK,2026-09-28T10:10:10,
PR000000037250,PR000001593366,Grapa metálica F diámetro 16,OK,2026-09-28T10:10:18,
PR000000037260,PR000001593367,Anclaje camisa con cono expansor DNBOLT DT 12x70 inoxidable A2,OK,2026-09-28T10:10:25,
PR000000037267,PR000001593368,Anclaje camisa con cono expansor DNBOLT DT12-C M10x70mm cincado,OK,2026-09-28T10:10:34,
PR000000037269,PR000001593369,Anclaje camisa con cono expansor DNBOLT DG 10x60mm cincado,OK,2026-09-28T10:10:41,
PR000000037297,PR000001593370,Perfil hierro galvanizado SENZIMIR 27x18 2m,OK,2026-09-28T10:10:49,
PR000000037302,PR000001593371,Grapa PLASTIGRAP RB-8 diámetro 8mm blanco bolsa,OK,2026-09-28T10:10:57,
PR000000037327,PR000001593372,Soporte perfil STRUT 41x41x200mm acero cincado,OK,2026-09-28T10:18:18,
PR000000037353,PR000001593373,Soporte perfil 27x18x200mm para fijación tubos y bandejas acero cincado,OK,2026-09-28T10:18:27,
PR000000037355,PR000001593374,Escuadra 90º 4 orificios para perfil STRUT ESC acero cincado,OK,2026-09-28T10:18:35,
PR000000037367,PR000001593375,Tornillo directo a hormigón BTS 8-50 cabeza hexagonal cincado aluminio,OK,2026-09-28T10:18:43,
PR000000037374,PR000001593376,Pinza mordiente para vigas M8,OK,2026-09-28T10:18:51,
PR000000037408,PR000001593377,Abrazadera metálica reforzada isofónica M8 + M10 diámetro 48mm,OK,2026-09-28T10:18:59,
PR000000037413,PR000001593378,Juego abrazadera metálica NOKE 32NK (bolsa 5u),OK,2026-09-28T10:19:07,
PR000000037415,PR000001593379,Juego abrazadera poliamida ABRANYL-ABT diámetro 32 gris (bolsa 6u),OK,2026-09-28T10:19:14,
PR000000037425,PR000001593380,Tornillo para grapas TORNIGRAP numero 35,OK,2026-09-28T10:19:22,
PR000000037427,PR000001593381,Abrazadera nylon ABRANYL 35-40 gris,OK,2026-09-28T10:19:29,
PR000000037433,PR000001593382,Grapa metálica F diámetro 32,OK,2026-09-28T10:19:37,
PR000000037467,PR000001593383,Abrazadera metálica M6 tipo L diámetro 16 mm acero cincado,OK,2026-09-28T10:19:45,
PR000000037510,PR000001593384,Abrazadera SANICLIP doble diámetro 22,OK,2026-09-28T10:19:53,
PR000000037525,PR000001593385,Abrazadera SANICLIP doble diámetro 18,OK,2026-09-28T10:20:00,
PR000000037526,PR000001593386,Abrazadera SANICLIP simple diámetro 16-18,OK,2026-09-28T10:20:08,
PR000000037643,PR000001593387,Anclaje metálico espárrago BAZ 8-72/10 galvanizado caliente,OK,2026-09-28T10:20:15,
PR000000037707,PR000001593388,Taco nylon gris NF diámetro 6,OK,2026-09-28T10:20:22,
PR000000037713,PR000001593389,Taco golpe avellanado NPC 6-60 cincado,OK,2026-09-28T10:20:30,
PR000000037723,PR000001593390,Tornillo TORAB TB-26/M8x15,OK,2026-09-28T10:20:37,
PR000000037724,PR000001593391,Tornillo TORAB TB-26/M8x10,OK,2026-09-28T10:20:45,
PR000000037748,PR000001593392,Climatizador Outdoor comunicable Clima DG Lat X 600W 230V,FAIL_VERIFY,2026-09-29T09:48:18,no existe en Ferros (¿sync 50013?)
PR000000037940,PR000001593393,Caja de superficie PrismaSeT XS 24 módulos 6 filas puerta blanca,FAIL_VERIFY,2026-09-29T09:48:21,no existe en Ferros (¿sync 50013?)
PR000000038200,PR000001593394,Armario PrismaSeT 2000x300x500mm RAL9003,FAIL_VERIFY,2026-09-29T09:48:25,no existe en Ferros (¿sync 50013?)
PR000000038240,PR000001593396,Interruptor automático (C080N420FM) NS 800N 50kA 4P 800A fijo manual 2.0,FAIL_VERIFY,2026-09-29T09:48:28,no existe en Ferros (¿sync 50013?)
PR000000038577,PR000001593397,Interruptor NSXm160E 16kA AC 4P4R 125A TMD tornillo,FAIL_VERIFY,2026-09-29T09:48:33,no existe en Ferros (¿sync 50013?)
PR000000038957,PR000001593398,Pasillo lateral armario IP30 33 módulos,OK,2026-09-28T10:27:30,
PR000000038970,PR000001593399,Cofret IP30 27 módulos alto 1380mm,OK,2026-09-28T10:27:38,
PR000000038981,PR000001593400,Cable ES05Z1-K (AS) H05Z1-K 1 azul,OK,2026-09-28T10:27:46,
PR000000038988,PR000001593401,"Cable H07Z-K ES07Z-K (AS) 1,5 amarillo/verde (BP/100)",OK,2026-09-28T10:27:53,
PR000000039028,PR000001593402,"Cable LiYCY 20x0,75 gris (bobina)",OK,2026-09-28T10:28:00,
PR000000039032,PR000001593403,"Cable LiYCY 8x0,50 gris (bobina)",OK,2026-09-28T10:28:08,
PR000000039090,PR000001593404,"Cable H07Z-K ES07Z-K (AS) panel 1,5 azul (BP/100)",OK,2026-09-28T10:28:16,
PR000000039093,PR000001593405,"Cable H07Z-K ES07Z-K (AS) 1,5 negro (Ecobox/100)",OK,2026-09-28T10:28:24,
PR000000039152,PR000001593406,"Cable LiYCY 10x0,75 gris (bobina)",OK,2026-09-28T10:28:32,
PR000000039156,PR000001593407,"Cable LiYCY 4x0,75 gris (bobina)",OK,2026-09-28T10:28:40,
PR000000039162,PR000001593408,"Cable LiYCY 2x0,50 gris (rollo 100m)",OK,2026-09-28T10:28:49,
PR000000039165,PR000001593409,"Cable H05Z1Z1-F (AS) 3G2,5 verde (bobina)",OK,2026-09-28T10:28:56,
PR000000039238,PR000001593410,"Cable MT-2-RV 0,6/1Kv 5G2,5 negro (bobina)",OK,2026-09-28T10:29:05,
PR000000039240,PR000001593411,"Cable MT-2-RV 0,6/1Kv 5G16 negro (bobina)",OK,2026-09-28T10:29:12,
PR000000039349,PR000001593412,Cable flexible H05VV-F 12G1 negro (bobina),OK,2026-09-28T10:29:20,
PR000000039419,PR000001593413,"Cable Araflex RV-K 0,6/1Kv 3G2,5 negro (bobina 100m)",OK,2026-09-28T10:35:44,
PR000000039420,PR000001593414,"Cable Araflex RV-K 0,6/1Kv 3G1,5 negro (bobina 100m)",OK,2026-09-28T10:35:52,
PR000000039429,PR000001593415,Cable H05VV-F 5G1 negro (rollo 50m),OK,2026-09-28T10:36:00,
PR000000039529,PR000001593416,Cable Flexible H05VV-F 19G1 negro,OK,2026-09-28T10:36:08,
PR000000039538,PR000001593417,"Cable flexible H05VV-F 4G2,5 gris (rollo 100m)",OK,2026-09-28T10:36:15,
PR000000039562,PR000001593418,"Manguera manual H05VV-F 5G2,5 blanco (rollo 50m)",OK,2026-09-28T10:36:23,
PR000000039727,PR000001593419,Cablecillo circuito impreso H05V-K 1x1 rojo (bobina),OK,2026-09-28T10:36:31,
PR000000039815,PR000001593420,Cablecillo H05VV-F 2x1 negro (bobina),OK,2026-09-28T10:36:39,
PR000000039907,PR000001593421,Manguera manual H05VV-F 3G4 negro (bobina),OK,2026-09-28T10:36:51,
PR000000039981,PR000001593422,Cablecillo circuito impreso H05V-K 1x1 azul (rollo 100m),OK,2026-09-28T10:36:59,
PR000000039983,PR000001593423,Cablecillo circuito impreso H05V-K 1x1 negro (bobina),OK,2026-09-28T10:37:06,
PR000000040002,PR000001593424,Cable multifilar 10x1 mm2 05Z1Z1-F (AS) 10G1 verde (bobina),OK,2026-09-28T10:37:14,
PR000000040086,PR000001593425,"Cable Araflex RV-K 0,6/1Kv 3G2,5 negro (rollo 25m)",OK,2026-09-28T10:37:22,
PR000000040179,PR000001593426,Cablecillo circuito impreso H05V-K 1x1 azul (bobina),OK,2026-09-28T10:37:40,
PR000000040201,PR000001593427,Cable 05Z1Z1-F (AS) 8G1 verde (bobina),OK,2026-09-28T10:37:49,
PR000000040205,PR000001593428,Cable H05Z1Z1-F (AS) 4G1 verde (rollo 100m),OK,2026-09-28T10:38:00,
PR000000040225,PR000001593429,"Cable ARAFLEX RV-K 0,6/1Kv 4x1,5 negro (Bobina)",OK,2026-09-28T10:38:19,
PR000000040311,PR000001593430,"Cable Araflex RV-K 0,6/1Kv 3x4 negro (bobina)",OK,2026-09-28T10:38:33,
PR000000040358,PR000001593431,"Cable apantallado RC4Z1-K (AS) 4G1,5 verde (bobina)",OK,2026-09-28T10:38:42,
PR000000040359,PR000001593432,Cable apantallado RC4Z1-K (AS) 4G10 verde (bobina),OK,2026-09-28T10:38:50,
PR000000040361,PR000001593433,"Cable apantallado RC4Z1-K (AS) 3G2,5 verde (bobina)",OK,2026-09-28T10:44:51,
PR000000040363,PR000001593434,"Cable apantallado RC4Z1-K (AS) 3G1,5 verde (bobina)",OK,2026-09-28T10:45:00,
PR000000040386,PR000001593435,"Cable Araflex RV-K 0,6/1Kv 3x2,5 negro (bobina)",OK,2026-09-28T10:45:08,
PR000000040453,PR000001593436,"Cable RZ1-K 0,6/1kV (AS) CPR 4G50 verde (Bobina)",OK,2026-09-28T10:45:16,
PR000000040523,PR000001593437,"Cable MT-2 RV 0,6/1Kv 3G2,5 negro (bobina)",OK,2026-09-28T10:45:24,
PR000000040545,PR000001593438,Cablecillo CIR H07V-K 1x10 marrón (bobina),OK,2026-09-28T10:45:32,
PR000000040547,PR000001593439,Cablecillo CIR H07V-K 1x10 negro (bobina),OK,2026-09-28T10:45:41,
PR000000041026,PR000001593440,"Cablecillo CIR H07V-K 1x1,5 azul (rollo 200m)",OK,2026-09-28T10:45:49,
PR000000041038,PR000001593441,Cablecillo CIR H07V-K 1x6 azul (rollo 100m),OK,2026-09-28T10:45:58,
PR000000041092,PR000001593442,"Cable ARAFLEX RV-K 0,6 / 1kV CPR 7G1,5 negro (Bobina)",OK,2026-09-28T10:46:07,
PR000000041157,PR000001593443,"Cablecillo CIR H07V-K 1x1,5 marrón (rollo 200m)",OK,2026-09-28T10:46:15,
PR000000041158,PR000001593444,Cablecillo CIR H07V-K 1x10 marrón (rollo 100m),OK,2026-09-28T10:46:23,
PR000000041191,PR000001593445,"Cablecillo CIR H07V-K 1x2,5 azul (rollo 200m)",OK,2026-09-28T10:46:32,
PR000000041192,PR000001593446,Cablecillo CIR H07V-K 1x16 azul (bobina),OK,2026-09-28T10:46:40,
PR000000041247,PR000001593447,"Cable 03Z1C4Z1-K 4G0,50 verde (Bobina)",OK,2026-09-28T10:46:48,
PR000000041747,PR000001593448,"Cable Flexible RV-K 0,6/1Kv 4G4 negro",OK,2026-09-28T10:46:56,
PR000000041817,PR000001593449,"Cable Araflex RV-K 0,6/1Kv 4x10 negro (bobina)",OK,2026-09-28T10:47:05,
PR000000041827,PR000001593450,"Cable flexible RV-K 0,6/1Kv 5G2,5 negro",OK,2026-09-28T10:47:13,
PR000000041905,PR000001593451,"Cable Flexible RV-K 0,6/1Kv 4G6 negro",OK,2026-09-28T10:47:22,
PR000000041930,PR000001593452,"Cable Araflex RV-K 0,6/1Kv 3G2,5 negro (rollo 100m)",OK,2026-09-28T10:47:30,
PR000000042021,PR000001593453,"Cable H07Z1-K Type 2 (AS) CPR Cca-s1b, d1, a1 2,5 azul (bobina)",OK,2026-09-28T10:53:40,
PR000000042749,PR000001593454,"Cable RZ1-K 0,6/1Kv (AS) 5G4 CPR verde (rollo 50m)",OK,2026-09-28T10:54:01,
PR000000042824,PR000001593455,Cable circuito impreso H05V-K CPR Eca 1 azul RAL 5010,OK,2026-09-28T10:54:09,
PR000000042925,PR000001593456,"Cable RZ1-K 0,6/1Kv (AS) 3G4 CPR verde (bobina)",OK,2026-09-28T10:54:17,
PR000000042937,PR000001593457,"Cable RZ1-K 0,6/1Kv (AS) 5G10 CPR verde (bobina)",OK,2026-09-28T10:54:25,
PR000000043027,PR000001593458,"Cablecillo CIR H07V-K 1x2,5 negro (rollo 200m)",OK,2026-09-28T10:54:33,
PR000000043039,PR000001593459,"Cablecillo CIR H07V-K 1x1,5 amarillo/verde (rollo 200m)",OK,2026-09-28T10:54:41,
PR000000043046,PR000001593460,"Cablecillo CIR H07V-K 1x1,5 negro (rollo 200m)",OK,2026-09-28T10:54:49,
PR000000043056,PR000001593461,Cablecillo CIR H07V-K 1x10 gris (rollo 100m),OK,2026-09-28T10:54:56,
PR000000043058,PR000001593462,Cablecillo CIR H07V-K 1x10 negro (rollo 100m),OK,2026-09-28T10:55:04,
PR000000043233,PR000001593463,"Cablecillo CIR H07V-K 1x2,5 amarillo/verde (rollo 200m)",OK,2026-09-28T10:55:11,
PR000000043255,PR000001593464,"Cablecillo CIR H07V-K 1x1,5 gris (rollo 100m)",OK,2026-09-28T10:55:19,
PR000000043263,PR000001593465,Cablecillo CIR H07V-K 1x10 amarillo/verde (rollo 100m),OK,2026-09-28T10:55:26,
PR000000043270,PR000001593466,Cablecillo CIR H07V-K 1x6 amarillo/verde (rollo 100m),OK,2026-09-28T10:55:34,
PR000000043341,PR000001593467,Cable 05Z1C4Z1-K (AS) 2x1 verde (rollo 100m),OK,2026-09-28T10:55:41,
PR000000043374,PR000001593468,"Tubo cobre frigorífico barra 12735-1 1""",OK,2026-09-28T10:55:49,
PR000000043375,PR000001593469,"Tubo cobre frigorífico barra 12735-1 3/4""",OK,2026-09-28T10:55:58,
PR000000043376,PR000001593470,"Tubo cobre frigorífico barra 12735-1 1/2""",OK,2026-09-28T10:56:05,
PR000000043380,PR000001593471,"TUBO COBRE FRIGORIFICO 12735-1 1/4""",OK,2026-09-28T10:56:13,
PR000000043384,PR000001593472,"TUBO COBRE FRIGORIFICO 12735-1 5/8""",OK,2026-09-28T10:56:21,
PR000000043386,PR000001593473,"TUBO COBRE FRIGORIFICO 12735-1 3/8""",OK,2026-09-28T11:02:48,
PR000000043387,PR000001593474,"Adaptador para 1 conector RJ45 y RJ11 (AMP, ITT)",OK,2026-09-28T11:02:57,
PR000000043388,PR000001593475,Marco 1 elemento horizontal vertical serie Iris en blanco,OK,2026-09-28T11:03:05,
PR000000043511,PR000001593476,Conmutador doble serie Iris 16A 250V,OK,2026-09-28T11:03:14,
PR000000043512,PR000001593477,Interruptor doble serie Iris 16A 250V,OK,2026-09-28T11:03:22,
PR000000043513,PR000001593478,Conmutador 16A 250V serie Iris,OK,2026-09-28T11:03:31,
PR000000043534,PR000001593479,Marco 3 elementos horizontal serie Iris en acero neptuno,OK,2026-09-28T11:03:40,
PR000000043538,PR000001593480,Marco 2 elementos horizontal serie Iris en acero neptuno,OK,2026-09-28T11:03:48,
PR000000043541,PR000001593481,Marco 1 elemento horizontal vertical serie Iris en acero neptuno,OK,2026-09-28T11:03:57,
PR000000043611,PR000001593482,Tapa base seguridad enchufe serie Iris en blanco,OK,2026-09-28T11:04:06,
PR000000043648,PR000001593483,Tecla interruptor conmutador cruzamiento serie Iris en acero,OK,2026-09-28T11:04:14,
PR000000043651,PR000001593484,Tecla interruptor conmutador cruzamiento serie Iris en blanco,OK,2026-09-28T11:04:23,
PR000000043655,PR000001593485,Cruzamiento serie Iris 10A 250V,OK,2026-09-28T11:04:33,
PR000000043656,PR000001593486,Interruptor unipolar serie Iris en blanco,OK,2026-09-28T11:04:42,
PR000000043671,PR000001593487,Marco 2 elementos horizontal serie Iris en aluminio mercurio,OK,2026-09-28T11:04:51,
PR000000043673,PR000001593488,Marco 2 elementos horizontal serie Iris en blanco,OK,2026-09-28T11:05:00,
PR000000043700,PR000001593489,Toma serie Viva RJ45 Cat.6 con garras en blanco,OK,2026-09-28T11:05:09,
PR000000043701,PR000001593490,Toma doble serie Viva RJ45 Cat.6 con garras en blanco,OK,2026-09-28T11:05:18,
PR000000043751,PR000001593491,Tapa base seguridad enchufe serie Iris en acero neptuno,OK,2026-09-28T11:05:27,
PR000000043752,PR000001593492,Base enchufe 2P+T (TT lateral) con protección infantil emborne por tornillos 16A 250V,OK,2026-09-28T11:05:36,
PR000000043757,PR000001593493,Tapa 1 conector RJ11 y RJ45 con portaetiquetas serie Iris en blanco,OK,2026-09-28T11:12:44,
PR000000043776,PR000001593494,Tecla doble pulsador interruptor persianas serie Mega en blanco satín,OK,2026-09-28T11:12:53,
PR000000043809,PR000001593495,Tapa BCJ 19782 H 6vías RJ11  blanco,OK,2026-09-28T11:13:02,
PR000000043835,PR000001593496,Tecla doble interruptor + conmutador serie Iris en aluminio mercurio,OK,2026-09-28T11:13:11,
PR000000043838,PR000001593497,Tecla doble interruptor + conmutador serie Iris de color blanco,OK,2026-09-28T11:13:20,
PR000000044142,PR000001593498,Toma de corriente horizontal con marco y tapa BJC Iris/Aura schuko estanco (IP44) blanco 18024,OK,2026-09-28T11:13:28,
PR000000044231,PR000001593499,Interruptor doble serie Iris 16A 250V con garras,OK,2026-09-28T11:13:37,
PR000000044232,PR000001593500,Cruzamiento serie Iris 10A 250V con garras,OK,2026-09-28T11:13:45,
PR000000044409,PR000001593501,Toma conector H 8 vías Cat.6 RJ45 embornamiento sin herramienta por perforación del aislante,OK,2026-09-28T11:13:54,
PR000000044743,PR000001593502,Caja universal enlazable tornillo 60mm,OK,2026-09-28T11:14:03,
PR000000044935,PR000001593503,Base mural Cetact 63A 3P+N+TT 9 horas,OK,2026-09-28T11:14:12,
PR000000045065,PR000001593504,Clavija Cetact 63A 3P+N+TT 9 horas,OK,2026-09-28T11:14:21,
PR000000045119,PR000001593506,Interruptor doble de persianas con enclavamiento eléctrico y mecánico serie Iris con garras,OK,2026-09-28T11:14:30,
PR000000045247,PR000001593507,Tapa base enchufe seguridad Mega en blanco satín,OK,2026-09-28T11:14:39,
PR000000045290,PR000001593508,Tapa toma TV-FM serie Mega en blanco satín,OK,2026-09-28T11:14:49,
PR000000045333,PR000001593509,Marco 4 elementos horizontal en zamak serie Mega en blanco satín,OK,2026-09-28T11:14:58,
PR000000045482,PR000001593510,Tecla doble interruptor conmutador serie Mega en blanco satín,OK,2026-09-28T11:15:08,
PR000000045497,PR000001593511,Tecla interruptor conmutador cruzamiento 22705-BS serie Mega en blanco satín,OK,2026-09-28T11:15:17,
PR000000045562,PR000001593512,Marco 3 elementos horizontal en zamak serie Mega en blanco satín,OK,2026-09-28T11:15:25,
PR000000045573,PR000001593513,Marco 1 elemento horizontal vertical serie Mega en blanco satín,OK,2026-09-28T11:15:39,
PR000000045603,PR000001593514,Clavija Cetact 63A 3P+N+TT 6 horas,OK,2026-09-28T11:22:29,
PR000000045702,PR000001593515,Marco 2 elementos horizontal en zamak serie Mega en blanco satín,OK,2026-09-28T11:22:37,
PR000000045749,PR000001593516,Prolongador Cetact 63A 3P+N+TT 6 horas,OK,2026-09-28T11:22:44,
PR000000045829,PR000001593517,Cofret IP30 21 módulos alto 1080mm,OK,2026-09-28T11:22:52,
PR000000045920,PR000001593518,Marco pivotante tapas ancho 650mm,OK,2026-09-28T11:22:59,
PR000000045925,PR000001593519,Puerta IP30 ancho 650mm,OK,2026-09-28T11:23:07,
PR000000045967,PR000001593520,Puerta IP40 36 módulos alto 1980mm,OK,2026-09-28T11:23:14,
PR000000045971,PR000001593521,Puerta IP40 pasillo lateral 33 módulos,OK,2026-09-28T11:23:22,
PR000000045974,PR000001593522,Puerta IP40 33 módulos alto 1830mm,OK,2026-09-28T11:23:30,
PR000000045982,PR000001593523,Puerta IP40 27 módulos alto 1380mm,OK,2026-09-28T11:23:37,
PR000000045985,PR000001593524,Armario IP30 36 módulos alto 1980mm,OK,2026-09-28T11:23:45,
PR000000045997,PR000001593525,Carril modular G fondo cofret 600mm,OK,2026-09-28T11:23:52,
PR000000046005,PR000001593526,Carril modular G regulable en profundidad 600mm,OK,2026-09-28T11:24:00,
PR000000046042,PR000001593527,Set soportes fijación cable ancho 300mm (4u),OK,2026-09-28T11:24:07,
PR000000046103,PR000001593528,"Conexión LGY vertical 1600A 1,67m",OK,2026-09-28T11:24:14,
PR000000046158,PR000001593529,Set realces + carril para NSXm (12u),OK,2026-09-28T11:24:23,
PR000000046170,PR000001593530,Colector PE ancho 450mm,OK,2026-09-28T11:24:31,
PR000000046182,PR000001593531,"Conexión Linergy BS escalonado 400A,4P",OK,2026-09-28T11:24:40,
PR000000046197,PR000001593532,Tapa G/P PL Plena 1 módulo alto 50mm,OK,2026-09-28T11:24:48,
PR000000046200,PR000001593533,Tapa ComPacT INS800-1600 4P,OK,2026-09-28T11:24:58,
PR000000046201,PR000001593535,Tapa G/P Plena 2 módulos alto 100mm,OK,2026-09-28T11:31:19,
PR000000046217,PR000001593536,Placa 3NSX-INS-CVS250 vertical fijo,OK,2026-09-28T11:31:28,
PR000000046237,PR000001593537,Placa NS3200-INS2500 vertical fijo,OK,2026-09-28T11:31:40,
PR000000046247,PR000001593538,Carril modular P regulable en profundidad 650mm,OK,2026-09-28T11:31:50,
PR000000046260,PR000001593539,Carril modular P ancho 650mm,OK,2026-09-28T11:31:59,
PR000000046264,PR000001593540,Tapa G/P CVS630 vertical rotativo/telemando,OK,2026-09-28T11:32:10,
PR000000046268,PR000001593541,Tapa G/P Acti9 3 módulos ancho 400mm alto 150mm,OK,2026-09-28T11:32:18,
PR000000046280,PR000001593542,Obturador Acti9,OK,2026-09-28T11:32:27,
PR000000046282,PR000001593543,Tapa G/P Acti9 4 módulos alto 200mm,OK,2026-09-28T11:32:35,
PR000000046284,PR000001593544,Tapa G/P Acti9 2 módulos alto 100mm,OK,2026-09-28T11:32:44,
PR000000046288,PR000001593545,Placa NSX-CVS630 horizontal fijo maneta,OK,2026-09-28T11:32:51,
PR000000046290,PR000001593546,"Conexión Linergy BS escalonado 250A,4P",OK,2026-09-28T11:32:59,
PR000000046366,PR000001593547,Bloque de corte NSX400N 50kA AC 4P 400A,OK,2026-09-28T11:33:07,
PR000000046373,PR000001593548,Bloque de corte NSX400N 50kA AC 4P4R 400A 2.3,OK,2026-09-28T11:33:15,
PR000000046643,PR000001593549,Disyuntor ACTI 9 iCV40N 1PN C 6A 300mA ASI RCBO,OK,2026-09-28T11:33:22,
PR000000046813,PR000001593550,Módulo de seguridad US Cat.4 24V tornillo,OK,2026-09-28T11:33:30,
PR000000046949,PR000001593551,Toma PratiKa 2P+E 10/16A 250V Francés IP54 empotrado posterior 65x85 azul,OK,2026-09-28T11:33:37,
PR000000046958,PR000001593552,Repartidor vertical VDIS 66 agujeros,OK,2026-09-28T11:33:46,
PR000000047223,PR000001593553,Caja vacía con 1 orificio gris,OK,2026-09-28T11:33:53,
PR000000047227,PR000001593554,Caja vacía con 6 orificios gris,OK,2026-09-28T11:34:01,
PR000000047241,PR000001593555,Caja Schneider XAPD3504 - 4 orificios metalica gris,OK,2026-09-28T11:40:25,
PR000000047323,PR000001593556,Forma 2 SFP6300 pantalla ancho 300mm,OK,2026-09-28T11:40:33,
PR000000047411,PR000001593557,Puerta lisa PrismaSeT S 4 filas 24 módulos,OK,2026-09-28T11:40:41,
PR000000047783,PR000001593558,Clavija aérea 63A 3P+N+TT 380-415V IP67,OK,2026-09-28T11:40:48,
PR000000047788,PR000001593559,Base empotrar inclinada 63A 3P+N +TT 380-415V IP67,OK,2026-09-28T11:40:56,
PR000000048711,PR000001593560,Schuko NU303754 antracita,OK,2026-09-28T11:41:04,
PR000000048774,PR000001593561,Puesto de trabajo 4 columnas empotrar polar,OK,2026-09-28T11:41:13,
PR000000048804,PR000001593562,Puesto de trabajo 2 columnas empotrar polar,OK,2026-09-28T11:41:21,
PR000000048835,PR000001593563,Toma Cuádruple RJ45 UTP categoría 6a polar,OK,2026-09-28T11:41:30,
PR000000048836,PR000001593564,Tapa schuko recambio Serie ÚNICA polar,OK,2026-09-28T11:41:39,
PR000000049273,PR000001593565,Cable encoder LXM YTECH-RJ45 25m,OK,2026-09-28T11:41:47,
PR000000049380,PR000001593566,Ventilador 85m3/h 230V IP54,OK,2026-09-28T11:41:55,
PR000000049384,PR000001593567,Prensaestopas EMC con tuerca M40,OK,2026-09-28T11:42:04,
PR000000049678,PR000001593568,Módulo de seguridad UAF Cat.4 24V tornillo,OK,2026-09-28T11:42:12,
PR000000049739,PR000001593569,Relé RXG con LTB + LED y zócalo 2 NA/NC 5A 24V DC con diodo,OK,2026-09-28T11:42:20,
PR000000049743,PR000001593570,Relé RXG con LTB + LED y zócalo 1 NA/NC 10A 24V DC con diodo,OK,2026-09-28T11:42:29,
PR000000050063,PR000001593571,Fuente de alimentación 24V 20A monofásica optimizada,OK,2026-09-28T11:42:39,
PR000000050528,PR000001593572,Contactor ICT 25A 2 NA 60Hz 230V CA,OK,2026-09-28T11:42:47,
PR000000050565,PR000001593573,Temporizador estrella - triángulo RE22R1QCMU,OK,2026-09-28T11:42:56,
PR000000050566,PR000001593574,Temporizador multifunción RE22R1MYMR,OK,2026-09-28T11:43:05,
PR000000050652,PR000001593575,Zócalo PUSH-IN RXZ para relés RXM2/RXM4,OK,2026-09-28T11:49:47,
PR000000050702,PR000001593576,Bloque de corte NSX250F 36kA AC 4P4R 200A TMD,OK,2026-09-28T11:49:55,
PR000000050742,PR000001593577,Bloque de corte NSX160F 36kA AC 4P4R 160A TMD,OK,2026-09-28T11:50:03,
PR000000050811,PR000001593578,Puerta IP55 27 módulos alto 1450mm,OK,2026-09-28T11:50:11,
PR000000050819,PR000001593579,Cofret IP55 27 módulos alto 1 450mm,OK,2026-09-28T11:50:19,
PR000000050825,PR000001593580,Puerta IP40 pasillo lateral 27 módulos,OK,2026-09-28T11:50:26,
PR000000050827,PR000001593581,Pasillo lateral cofret IP30 27 módulos,OK,2026-09-28T11:50:33,
PR000000050844,PR000001593582,Conexión Linergy BS conexión 1600A BS 10mm horizontal LGY,OK,2026-09-28T11:50:41,
PR000000050853,PR000001593583,"Conexión LGY vertical 630A 1,67m",OK,2026-09-28T11:50:48,
PR000000050901,PR000001593584,Set patas de fijación colector a tierra 45mm (2u),OK,2026-09-28T11:50:55,
PR000000050906,PR000001593585,"Carril modular G/P 1,6m",OK,2026-09-28T11:51:03,
PR000000050909,PR000001593586,"Conexión Linergy BW JdB aislado 4P 400A largo 1,4m",OK,2026-09-28T11:51:10,
PR000000050914,PR000001593587,Conexión Linergy BS 4 barras cobre 400A largo 1m,OK,2026-09-28T11:51:18,
PR000000050929,PR000001593588,Armario IP30 33 módulos alto 1830mm,OK,2026-09-28T11:51:25,
PR000000050935,PR000001593589,Armario de extensión IP30 36 módulos 1980mm,OK,2026-09-28T11:51:33,
PR000000050952,PR000001593590,Puerta IP40 21 módulos alto 1 080mm,OK,2026-09-28T11:51:41,
PR000000050954,PR000001593591,Cubierta de conexión JdB NS/MTZ 400mm,OK,2026-09-28T11:51:49,
PR000000051046,PR000001593592,Tapa G/P Acti9 3 módulos alto 150mm,OK,2026-09-28T11:51:57,
PR000000051056,PR000001593593,Placa NSX-INS-CVS630 vertical fijo maneta,OK,2026-09-28T11:52:06,
PR000000051072,PR000001593594,Carril modular G ancho 300mm,OK,2026-09-28T11:52:14,
PR000000051074,PR000001593595,Tapa CVS250 horizontal fijo rotativo,OK,2026-09-28T11:58:47,
PR000000051080,PR000001593596,Carril modular G ancho 600mm,OK,2026-09-28T11:58:56,
PR000000051082,PR000001593597,Placa NSX-INS-CVS250 horizontal fijo maneta,OK,2026-09-28T11:59:05,
PR000000051088,PR000001593598,Carril modular G regulable en profundidad 300mm,OK,2026-09-28T11:59:13,
PR000000051144,PR000001593599,Set soportes fijación cable profundidad 400mm (4u),OK,2026-09-28T11:59:21,
PR000000051291,PR000001593600,Marco 1 elemento STUDIO polar,OK,2026-09-28T11:59:30,
PR000000051304,PR000001593601,Interruptor 2 módulos polar,OK,2026-09-28T11:59:39,
PR000000051358,PR000001593602,Schuko NU303718 polar,OK,2026-09-28T11:59:49,
PR000000051359,PR000001593603,Schuko NU303703 rojo,OK,2026-09-28T11:59:57,
PR000000051444,PR000001593604,Interruptor automático en miniatura ACTI 9 IC40F 1PN C 16A 6000A/6kA,OK,2026-09-28T12:00:12,
PR000000051501,PR000001593605,Conmutador 2 módulos antracita,OK,2026-09-28T12:00:20,
PR000000051585,PR000001593606,Armario poliéster PLM 647x436x250 IP66 7035,OK,2026-09-28T12:00:31,
PR000000051770,PR000001593607,"Variador de velocidad ATV320C 1,5Kw 400V trifásico compacto IP66",OK,2026-09-28T12:00:39,
PR000000051999,PR000001593608,Bastidor universal plástico,OK,2026-09-28T12:00:48,
PR000000052015,PR000001593609,Toma RJ45 categoría 6 UTP 2 módulos polar,OK,2026-09-28T12:00:56,
PR000000052024,PR000001593610,Toma RJ45 categoría 5e UTP 2 módulos aluminio,OK,2026-09-28T12:01:05,
PR000000052125,PR000001593611,Contacto auxiliar Schneider A9A26914 2-100mA,OK,2026-09-28T12:01:14,
PR000000052279,PR000001593612,Armario modular SFN con placa 2P 1800x1000x400mm IP55,OK,2026-09-28T12:01:22,
PR000000052322,PR000001593613,Armario PrismaSeT 2000x700x500mm RAL9003,OK,2026-09-28T12:01:30,
PR000000052483,PR000001593614,Cubierta SE brand PrismaSeT P 650mm IP30,OK,2026-09-28T12:01:39,
PR000000052493,PR000001593615,Armario CRN 1200x600x400 puerta ciega,OK,2026-09-28T12:08:56,
PR000000052551,PR000001593616,Caja de superficie PrismaSeT XS 18 módulos 4 filas puerta blanca,OK,2026-09-28T12:09:04,
PR000000052553,PR000001593617,Caja de superficie PrismaSeT XS 24 módulos 5 filas puerta blanca,OK,2026-09-28T12:09:12,
PR000000052617,PR000001593618,Caja Schneider XAPD3204 metálica 4 orificios gris,OK,2026-09-28T12:09:21,
PR000000052748,PR000001593619,Clavija aérea 63A 3P+TT 380-415V IP67,OK,2026-09-28T12:09:30,
PR000000052752,PR000001593620,Base mural 63A 3P+N+TT 380-415V IP67,OK,2026-09-28T12:09:38,
PR000000052753,PR000001593621,Base mural 63A 3P+TT 380-415V IP67,OK,2026-09-28T12:09:46,
PR000000052923,PR000001593622,Módulo de seguridad BAC categoría 3 24V tornillo,OK,2026-09-28T12:09:53,
PR000000052924,PR000001593623,Módulo de seguridad BAC categoría 3 24V resorte,OK,2026-09-28T12:10:01,
PR000000052928,PR000001593624,Repartidor vertical Acti9 VDIS con cables 3P+N 160A,OK,2026-09-28T12:10:09,
PR000000052933,PR000001593625,Caja modular PrismaSeT S superficie 4x24 módulos 1 regleta de tierra sin puerta,OK,2026-09-28T12:10:17,
PR000000053036,PR000001593626,Interruptor automático NS 1000H 70kA 4P 1000A fijo manual 2.0,OK,2026-09-28T12:10:25,
PR000000053163,PR000001593627,Juego paneles laterales standing SFN 2000x500mm RAL9003 (2u),OK,2026-09-28T12:10:32,
PR000000053169,PR000001593628,Juego paneles laterales standing SFN 1800x400mm (2u),OK,2026-09-28T12:10:40,
PR000000053646,PR000001593629,Interruptor NSXm160B 25kA AC 4P3R 160A TMD EverLink,OK,2026-09-28T12:10:47,
PR000000053872,PR000001593630,Interruptor NSXm160E 16kA AC 4P4R 160A TMD tornillo,OK,2026-09-28T12:10:55,
PR000000053950,PR000001593631,Interruptor NSXm100E 16kA AC 4P4R 100A TMD tornillo,OK,2026-09-28T12:11:03,
PR000000053964,PR000001593632,Interruptor NSXm160E 16kA AC 4P4R 160A TMD ELINK,OK,2026-09-28T12:11:10,
PR000000054175,PR000001593633,Tapa G/P Plena 3 módulos alto 150mm,OK,2026-09-28T12:11:18,
PR000000054176,PR000001593634,Tapa G/P Plena 4 módulos alto 200mm,OK,2026-09-28T12:11:25,
PR000000054179,PR000001593635,Tapa G/P Plena 5 módulos alto 250mm,OK,2026-09-28T12:17:34,
PR000000054181,PR000001593636,Tapa G/P PL Plena 3 módulos alto 150mm,OK,2026-09-28T12:17:43,
PR000000054185,PR000001593637,Tapa G/P Plena 1 módulo alto 50mm,OK,2026-09-28T12:17:52,
PR000000054186,PR000001593638,Tapa G/P Plena 6 módulos alto 300mm,OK,2026-09-28T12:18:00,
PR000000054187,PR000001593639,Tapa G/P PL Plena 6 módulos alto 300mm,OK,2026-09-28T12:18:08,
PR000000054218,PR000001593640,Tapa NSX-CVS630 horizontal 4P,OK,2026-09-28T12:18:15,
PR000000054222,PR000001593641,Placa NSX-INS-CVS630 horizontal fijo M (4P),OK,2026-09-28T12:18:23,
PR000000054237,PR000001593642,Tapa INS630 horizontal fijo rotativo,OK,2026-09-28T12:18:30,
PR000000054254,PR000001593643,Tapa G/P Acti9 5 módulos alto 250mm,OK,2026-09-28T12:18:37,
PR000000054255,PR000001593644,Tapa G/P Acti9 4 módulos ancho 400mm alto 200mm,OK,2026-09-28T12:18:44,
PR000000054258,PR000001593645,Tapa G/P INS250 horizontal fijo rotativo,OK,2026-09-28T12:18:52,
PR000000054399,PR000001593646,Relé 2 C/O 5A + LED 24V DC,OK,2026-09-28T12:19:01,
PR000000054404,PR000001593647,Relé 2 C/O 5A + botón test + LED 24V DC,OK,2026-09-28T12:19:09,
PR000000054405,PR000001593648,Relé 2 C/O 5A + botón test + LED 24V AC,OK,2026-09-28T12:19:18,
PR000000054406,PR000001593649,Relé 2 C/O 5A + botón test + LED 230V AC,OK,2026-09-28T12:19:26,
PR000000054411,PR000001593650,Relé 2 C/O 5A + botón test 230V AC,OK,2026-09-28T12:19:35,
PR000000054537,PR000001593651,Botonera parada de emergencia TTR,OK,2026-09-28T12:19:45,
PR000000055743,PR000001593652,Etiqueta parada emergencia 3D,OK,2026-09-28T12:19:53,
PR000000056150,PR000001593653,Módulo 16E digital,OK,2026-09-28T12:20:02,
PR000000056183,PR000001593654,Módulo 8S PNP,OK,2026-09-28T12:20:11,
PR000000056191,PR000001593655,SCHNEIDER TM3TI4 Módulo con 4 entrada temperatura,OK,2026-09-28T12:26:55,
PR000000056200,PR000001593656,Módulo 16S PNP,OK,2026-09-28T12:27:04,
PR000000056253,PR000001593657,Módulo 8E digital,OK,2026-09-28T12:27:13,
PR000000056263,PR000001593658,Cpu CC 24E/16S PNP ETHERNET,OK,2026-09-28T12:27:21,
PR000000056266,PR000001593659,Cpu CC 14E/10S PNP ETHERNET,OK,2026-09-28T12:27:30,
PR000000056389,PR000001593660,Base montaje directo negro,OK,2026-09-28T12:27:40,
PR000000056390,PR000001593661,Elemento sonoro Schneider XVUC9S negro,OK,2026-09-28T12:27:49,
PR000000056391,PR000001593662,Elemento luminoso LED XVU naranja,OK,2026-09-28T12:27:58,
PR000000056417,PR000001593663,Base tubo 100mm negro,OK,2026-09-28T12:28:07,
PR000000056418,PR000001593664,Elemento luminoso LED XVU azul,OK,2026-09-28T12:28:15,
PR000000056430,PR000001593665,Pulsador seta parada emergencia con fraudes,OK,2026-09-28T12:28:27,
PR000000056479,PR000001593666,Cabeza piloto luminoso diámetro 22 redonda con lente lisa verde para insertar etiqueta,OK,2026-09-28T12:28:36,
PR000000056545,PR000001593667,Interruptor diferencial ID-K 4P 25A 300mA,OK,2026-09-28T12:28:44,
PR000000056555,PR000001593668,Bloque diferencial QUICK VIGI IC60 2P 40A 30mA-AC,OK,2026-09-28T12:28:53,
PR000000056568,PR000001593669,Interruptor magneto Schneider A9K24250 2P 50A curva-C,OK,2026-09-28T12:29:02,
PR000000056660,PR000001593670,Interruptor diferencial ID-K 4P 63A 300mA,OK,2026-09-28T12:29:11,
PR000000056661,PR000001593671,Interruptor diferencial ID-K 4P 40A 300mA,OK,2026-09-28T12:29:20,
PR000000056663,PR000001593672,Interruptor diferencial ID-K 4P 40A 30mA,OK,2026-09-28T12:29:28,
PR000000056664,PR000001593673,Interruptor diferencial ID-K 4P 25A 30mA,OK,2026-09-28T12:29:37,
PR000000056758,PR000001593674,Caja industrial metal ciego 150x200x120,OK,2026-09-28T12:29:46,
PR000000056797,PR000001593675,Interruptor automático magnetotérmico iC60L 2P 25A curva-K,OK,2026-09-28T12:36:27,
PR000000056831,PR000001593676,Borne conexión tornillo 2 puntos 10mm2 gris,OK,2026-09-28T12:36:35,
PR000000056861,PR000001593677,Borne conexión tornillo tierra 2 puntos 6mm2 verde / amarillo,OK,2026-09-28T12:36:43,
PR000000056878,PR000001593678,Borne conexión tornillo tierra 2 puntos 10mm2 verde / amarillo,OK,2026-09-28T12:36:52,
PR000000056947,PR000001593679,Placa montaje acero 300x400mm,OK,2026-09-28T12:37:00,
PR000000057014,PR000001593680,Bloque contacto estándar contacto abierto sobre placa,OK,2026-09-28T12:37:08,
PR000000057020,PR000001593681,"Etiqueta marcada diámetro 60 desconexión de emergencia ""EMERGENCY STOP"" amarillo",OK,2026-09-28T12:37:16,
PR000000057047,PR000001593682,Bloque luminoso diámetro 22 230V blanco,OK,2026-09-28T12:37:24,
PR000000057050,PR000001593683,Bloque luminoso LED 24V blanco,OK,2026-09-28T12:37:34,
PR000000057061,PR000001593684,Capuchón transparente para pulsador circular saliente diámetro 22,OK,2026-09-28T12:37:43,
PR000000057085,PR000001593685,Receptor programable CA/CC 2 SALIDA RELE,OK,2026-09-28T12:37:51,
PR000000057104,PR000001593686,Bloque contacto estándar contacto cerrado sobre placa,OK,2026-09-28T12:37:59,
PR000000057122,PR000001593687,Portaetiquetas estándar 30x40 etiqueta-O-I-,OK,2026-09-28T12:38:08,
PR000000057138,PR000001593688,Bloque luminoso diámetro 22 24V blanco,OK,2026-09-28T12:38:17,
PR000000057188,PR000001593689,Bloque contacto estándar simple 1 NC tornillo,OK,2026-09-28T12:38:25,
PR000000057189,PR000001593690,Bloque de contacto dorado 1 NA entornos de polvo para cabeza diámetro 22 conexión tornillo,OK,2026-09-28T12:38:34,
PR000000057243,PR000001593691,Collar de fijación plástico ZB5A para bloque eléctrico,OK,2026-09-28T12:38:43,
PR000000057343,PR000001593692,Cabeza emisor ZB5R verde,OK,2026-09-28T12:38:51,
PR000000057430,PR000001593693,Cabeza selector con 2 posiciones con llave 8D1,OK,2026-09-28T12:39:00,
PR000000057478,PR000001593694,Cabeza pulsador luminoso diámetro 22 rasante azul embellecedor metálico,OK,2026-09-28T12:39:08,
PR000000057561,PR000001593695,Cuerpo metálico para XB4B,OK,2026-09-28T12:45:30,
PR000000057584,PR000001593696,Cabeza pulsador diámetro 22 rasante sin placa amarillo embellecedor metálico,OK,2026-09-28T12:45:37,
PR000000057633,PR000001593697,Cabeza pulsador luminoso LED rasante P-P azul,OK,2026-09-28T12:45:45,
PR000000057714,PR000001593698,Cabeza pulsador diámetro 22 rasante sin placa azul embellecedor metálico,OK,2026-09-28T12:45:52,
PR000000058207,PR000001593699,Pulsador doble verde / rojo IP66 24V,OK,2026-09-28T12:46:00,
PR000000058210,PR000001593700,Harmony XB4 - Pulsador luminoso led 24v na+nc Azul XB4BW36B5,OK,2026-09-28T12:46:07,
PR000000058260,PR000001593701,Pack XB5R 22mm emisor receptor programable AC/DC cable 2 relés,OK,2026-09-28T12:46:14,
PR000000058359,PR000001593702,Caja pulsador seta diámetro 40 giro 2 NC antifraude XALK178F,OK,2026-09-28T12:46:21,
PR000000058374,PR000001593703,"Caja 2 pulsadores rasante / salida ""I/O"" verde / rojo",OK,2026-09-28T12:46:29,
PR000000058378,PR000001593704,Caja vacía con 4 taladros gris antracita,OK,2026-09-28T12:46:36,
PR000000058548,PR000001593705,Tarjeta entrada / salida extendida VW3A8306TF10,OK,2026-09-28T12:46:43,
PR000000058572,PR000001593706,Adaptador final de línea CANopen para puerto RJ45,OK,2026-09-28T12:46:51,
PR000000058653,PR000001593707,Relé miniatura 3A 4 NA/NF 230V CA RXM4GB1P7,OK,2026-09-28T12:47:00,
PR000000058663,PR000001593708,Relé miniatura 12A 2 NA/NF 230V CA,OK,2026-09-28T12:47:12,
PR000000058667,PR000001593709,Base relé fastón para RUMF,OK,2026-09-28T12:47:21,
PR000000058683,PR000001593710,Relé 1 NA/NC 6A 24V CC,OK,2026-09-28T12:47:30,
PR000000058685,PR000001593711,Relé enchufable 2 NA/NC 8A 12V DC,OK,2026-09-28T12:47:38,
PR000000058690,PR000001593712,Relé enchufable 2 NA/NC 8A 24V DC,OK,2026-09-28T12:47:46,
PR000000058733,PR000001593713,Base RXM2/RXM4 borne MIST terminal alta presión,OK,2026-09-28T12:47:54,
PR000000058738,PR000001593714,Relé miniatura 6A 4 NA/NF con LED 230V CA,OK,2026-09-28T12:48:02,
PR000000058743,PR000001593715,Relé miniatura 6A 4 NA/NF con LED 24V CA,OK,2026-09-28T12:56:32,
PR000000058744,PR000001593716,Relé miniatura 6A 4 NA/NF 230V CA,OK,2026-09-28T12:56:41,
PR000000058753,PR000001593717,Relé miniatura 12A 2 NA/NF con LED 230V CA,OK,2026-09-28T12:56:50,
PR000000058762,PR000001593718,Relé + base tornillo 230V CA/CC,OK,2026-09-28T12:56:59,
PR000000058763,PR000001593719,Relé + base tornillo 12V CA/CC,OK,2026-09-28T12:57:08,
PR000000058817,PR000001593720,Varistancia + LED verde 24/60V DC,OK,2026-09-28T12:57:17,
PR000000058847,PR000001593721,Control de fase y temperatura de motor 208/480V CA RM35TM50MW,OK,2026-09-28T12:57:26,
PR000000058866,PR000001593722,Temporizador multifunción 12...240V AC/DC relé borna,OK,2026-09-28T12:57:34,
PR000000058937,PR000001593723,Temporizador multifunción 12...240V AC/DC relé,OK,2026-09-28T12:57:43,
PR000000059127,PR000001593724,Relé térmico 12-18A,OK,2026-09-28T12:57:50,
PR000000059464,PR000001593725,"Arrancador cofre 0,8..1,2A IP65 230V",OK,2026-09-28T12:57:58,
PR000000059792,PR000001593726,Contactor 80A 4P 230V 50-60Hz,OK,2026-09-28T12:58:05,
PR000000059834,PR000001593727,Contactor EVERLINK 3P AC3 440V 65A 230V,OK,2026-09-28T12:58:13,
PR000000059860,PR000001593728,Contactor EVERLINK 3P AC3 440V 40A P7,OK,2026-09-28T12:58:20,
PR000000060133,PR000001593729,Contactor 40A 2P+2R 220V 50/60,OK,2026-09-28T12:58:28,
PR000000060475,PR000001593730,Bloque contacto auxiliar 2 NA/2 NC frontal,OK,2026-09-28T12:58:35,
PR000000060524,PR000001593731,Contactor 9A 1 NA/1 NC 42V 50-60Hz,OK,2026-09-28T12:58:43,
PR000000060970,PR000001593732,Disyuntor magnetotérmico 24-32A terminal cerrado,OK,2026-09-28T12:58:50,
PR000000060977,PR000001593733,"Disyuntor magnetotérmico 0,25-0,40A terminal cerrado",OK,2026-09-28T12:59:00,
PR000000061046,PR000001593734,Disyuntor magnetotérmico 6-10A terminal cerrado,OK,2026-09-28T12:59:08,
PR000000061050,PR000001593735,"Disyuntor magneto schneider GV2ME086 2,5-4A",OK,2026-09-28T13:06:13,
PR000000061052,PR000001593736,"Arrancador directo 1-1,6A 24V BC-AR antiparásito S2",OK,2026-09-28T13:06:22,
PR000000061061,PR000001593737,Cofre IP55 schneider GV2MC02,OK,2026-09-28T13:06:31,
PR000000061306,PR000001593738,Minicontactor K auxiliar 2 NA+2 NC 220VDC,OK,2026-09-28T13:06:39,
PR000000061355,PR000001593739,Fusible 22x58 80A,OK,2026-09-28T13:06:48,
PR000000061363,PR000001593740,Fusible 10x38 6A,OK,2026-09-28T13:06:56,
PR000000061781,PR000001593741,"Fusible rápido 5x20,250V UL 0,5A",OK,2026-09-28T13:07:03,
PR000000061808,PR000001593742,Selector 2 posiciones,OK,2026-09-28T13:07:11,
PR000000061928,PR000001593743,Caja rectangular ciega 105x105x55T,OK,2026-09-28T13:07:18,
PR000000061965,PR000001593744,Fuente alimentación para otros equipos 24V CA 1A,OK,2026-09-28T13:07:25,
PR000000062056,PR000001593745,Caja rectangular 150x175x80 con 12 conos E20/32T,OK,2026-09-28T13:07:33,
PR000000062791,PR000001593746,Kit zócalo frontal 300x200mm,OK,2026-09-28T13:07:41,
PR000000062836,PR000001593747,Armario SM con placa 2000x800x400mm,OK,2026-09-28T13:07:48,
PR000000062853,PR000001593748,Armario SM con placa 2 puertas 1800x1200x400mm,OK,2026-09-28T13:07:57,
PR000000062855,PR000001593749,Armario SM con placa 2 puertas 1800x1000x400mm,OK,2026-09-28T13:08:05,
PR000000062911,PR000001593750,Conjunto paneles laterales zócalo 800x200mm (4u),OK,2026-09-28T13:08:14,
PR000000062914,PR000001593751,Conjunto paneles laterales zócalo 400x200mm (4u),OK,2026-09-28T13:08:23,
PR000000062916,PR000001593752,Conjunto paneles laterales zócalo 400x100mm (2u),OK,2026-09-28T13:08:30,
PR000000062930,PR000001593753,Zócalo frontal 200x700mm,OK,2026-09-28T13:08:40,
PR000000062937,PR000001593754,Kit zócalo frontal 1000x200mm,OK,2026-09-28T13:08:50,
PR000000063307,PR000001593755,"carril DIN simétrico 7,5x35 2m",FAIL_VERIFY,2026-09-29T09:48:37,no existe en Ferros (¿sync 50013?)
PR000000063396,PR000001593756,Borne SIGMA cable 50mm2,FAIL_VERIFY,2026-09-29T09:48:41,no existe en Ferros (¿sync 50013?)
PR000000063397,PR000001593757,Borne SIGMA cable 35mm2,FAIL_VERIFY,2026-09-29T09:48:45,no existe en Ferros (¿sync 50013?)
PR000000063449,PR000001593758,Armario SF con placa 1200x600x400mm,FAIL_VERIFY,2026-09-29T09:48:49,no existe en Ferros (¿sync 50013?)
PR000000063536,PR000001593759,Borne SIGMA cable 10mm2,FAIL_VERIFY,2026-09-29T09:48:53,no existe en Ferros (¿sync 50013?)
PR000000063589,PR000001593760,Fijaciones murales para CRN Schneider NSYPFCR,FAIL_VERIFY,2026-09-29T09:48:58,no existe en Ferros (¿sync 50013?)
PR000000063786,PR000001593761,Placa montaje metálica 800x800mm,FAIL_VERIFY,2026-09-29T09:49:02,no existe en Ferros (¿sync 50013?)
PR000000063789,PR000001593762,Placa montaje metálica 600x400mm,FAIL_VERIFY,2026-09-29T09:49:06,no existe en Ferros (¿sync 50013?)
PR000000063791,PR000001593763,Placa montaje metálica Schneider  NSYMM44 400x400mm,FAIL_VERIFY,2026-09-29T09:49:10,no existe en Ferros (¿sync 50013?)
PR000000063792,PR000001593764,Placa montaje metálica 400x300mm,FAIL_VERIFY,2026-09-29T09:49:14,no existe en Ferros (¿sync 50013?)
PR000000063800,PR000001593765,Placa montaje metálica 1200x600mm,FAIL_VERIFY,2026-09-29T09:49:18,no existe en Ferros (¿sync 50013?)
PR000000063907,PR000001593766,Placa montaje metálica 700x500mm,FAIL_VERIFY,2026-09-29T09:49:22,no existe en Ferros (¿sync 50013?)
PR000000063908,PR000001593767,Placa montaje metálica 600x600mm,FAIL_VERIFY,2026-09-29T09:49:26,no existe en Ferros (¿sync 50013?)
PR000000064125,PR000001593768,Entrada cable con 1 entrada 700x500 SF,FAIL_VERIFY,2026-09-29T09:49:30,no existe en Ferros (¿sync 50013?)
PR000000064154,PR000001593769,Tapa 1 entrada cable SF 300x500mm,FAIL_VERIFY,2026-09-29T09:49:34,no existe en Ferros (¿sync 50013?)
PR000000064253,PR000001593770,Ventilador 85m2/h 230V IP54,FAIL_VERIFY,2026-09-29T09:49:38,no existe en Ferros (¿sync 50013?)
PR000000064295,PR000001593771,Armario CRN con puerta ciega 700x500x250mm,FAIL_VERIFY,2026-09-29T09:49:42,no existe en Ferros (¿sync 50013?)
PR000000064299,PR000001593772,Armario CRN con puerta ciega 600x600x250mm,FAIL_VERIFY,2026-09-29T09:49:46,no existe en Ferros (¿sync 50013?)
PR000000064302,PR000001593773,Armario CRN con puerta ciega 600x400x250mm,FAIL_VERIFY,2026-09-29T09:49:50,no existe en Ferros (¿sync 50013?)
PR000000064322,PR000001593774,Armario CRN con puerta ciega 1000x800x300mm,FAIL_VERIFY,2026-09-29T09:49:54,no existe en Ferros (¿sync 50013?)
PR000000064391,PR000001593780,Caja acero semitroquelada 206x156x83mm,OK,2026-09-28T15:45:00,
PR000000064400,PR000001593781,Ventilador 38m2/h 230V IP54,OK,2026-09-28T15:45:08,
PR000000064404,PR000001593782,Ventilador 300m2/h 230V IP54,OK,2026-09-28T15:45:15,
PR000000064434,PR000001593783,Armario CRN con puerta ciega 800x800x300mm,OK,2026-09-28T15:45:23,
PR000000064458,PR000001593784,Armario Schneider NSYCRN44200  400x400x200mm,OK,2026-09-28T15:45:30,
PR000000064520,PR000001593785,Rejilla salida mecánica 92x92mm,OK,2026-09-28T15:45:37,
PR000000064532,PR000001593786,Rejilla salida mecánica 125x125mm,OK,2026-09-28T15:45:45,
PR000000064605,PR000001593787,Termostato contacto abierto azul 120V CA 15A,OK,2026-09-28T15:45:52,
PR000000064630,PR000001593788,Filtro de aceite HC5732,OK,2026-09-28T15:46:00,
PR000000064636,PR000001593789,Filtro de aceite HC5966,OK,2026-09-28T15:46:07,
PR000000064691,PR000001593790,Termostato contacto abierto azul 250V CA 10A,OK,2026-09-28T15:46:15,
PR000000064693,PR000001593791,Termostato contacto cerrado rojo 120V CA 15A,OK,2026-09-28T15:46:22,
PR000000065283,PR000001593792,Bloque diferencial VIGIC120 clase ASI 4P 300mA instantáneo,OK,2026-09-28T15:46:29,
PR000000065284,PR000001593793,Bloque diferencial VIGIC120 clase ASI 4P 30mA instantáneo,OK,2026-09-28T15:46:36,
PR000000065484,PR000001593794,Interruptor diferencial IDD 4P 63A 30mA clase-AC,OK,2026-09-28T15:46:44,
PR000000065486,PR000001593795,Interruptor diferencial Schneider A9R81240 2P 40A 30mA clase-AC,OK,2026-09-28T15:46:53,
PR000000065487,PR000001593796,Interruptor diferencial RCCB-IID 4P 40A 30mA clase-A-SI,OK,2026-09-28T15:47:00,
PR000000065538,PR000001593797,Interruptor horario astronómico IC Astro con 2 canales (BT),OK,2026-09-28T15:47:08,
PR000000065576,PR000001593798,Interruptor diferencial Schneider A9R84463 4P 63A 300mA,OK,2026-09-28T15:47:15,
PR000000065577,PR000001593799,Interruptor diferencial Schneider A9R84440 4P 40A 300mA clase-AC,OK,2026-09-28T15:47:22,
PR000000065579,PR000001593800,Interruptor diferencial schneider A9R84263 2P 63A 300mA clase-AC,OK,2026-09-28T15:53:19,
PR000000065580,PR000001593801,Interruptor diferencial Schneider A9R84240 2P 40A 300mA clase-AC,OK,2026-09-28T15:53:26,
PR000000065582,PR000001593802,Interruptor diferencial Schneider A9R81440 4P 40A 30mA clase-AC,OK,2026-09-28T15:53:33,
PR000000065583,PR000001593803,Interruptor diferencial IDD 2P 63A 30mA clase-AC,OK,2026-09-28T15:53:40,
PR000000065600,PR000001593804,Interruptor automático magnetotérmico C120N 4P 125A curva-C,OK,2026-09-28T15:53:47,
PR000000065601,PR000001593805,Interruptor automático magnetotérmico C120N 4P 100A curva-C,OK,2026-09-28T15:53:55,
PR000000065602,PR000001593806,Int magnetotérmico schneider  A9N18372 4P 80A curva-C,OK,2026-09-28T15:54:04,
PR000000065603,PR000001593807,Interruptor automático magnetotérmico C120N 4P 63A curva-C,OK,2026-09-28T15:54:12,
PR000000065666,PR000001593808,Interruptor diferencial schneider A9R14480  4P 80A 300mA,OK,2026-09-28T15:54:20,
PR000000065678,PR000001593809,Bloque diferencial QUICK VIGI IC60 4P 40A 300mA-AC,OK,2026-09-28T15:54:29,
PR000000065688,PR000001593810,Limitador sobretensión IPF20 20KA 340V 3P+N,OK,2026-09-28T15:54:36,
PR000000065691,PR000001593811,Interruptor automático magnetotérmico iK60N 1P+N 32A curva-C,OK,2026-09-28T15:54:45,
PR000000065692,PR000001593812,Interruptor automático magnetotérmico iK60N 1P+N 25A curva-C,OK,2026-09-28T15:54:53,
PR000000065693,PR000001593813,Interruptor automático magnetotérmico iK60N 1P+N 16A curva-C,OK,2026-09-28T15:55:01,
PR000000065694,PR000001593814,Interruptor magneto schneider  A9K17232 2P 32A curva-C,OK,2026-09-28T15:55:09,
PR000000065695,PR000001593815,Interruptor magneto schneider A9K17225 2P 25A curva-C,OK,2026-09-28T15:55:18,
PR000000065696,PR000001593816,Interruptor automático magnetotérmico iK60N 2P 10A curva-C,OK,2026-09-28T15:55:26,
PR000000065719,PR000001593817,Interruptor diferencial RCCB-IID 2P 40A 30mA clase-A-SI,OK,2026-09-28T15:55:35,
PR000000065720,PR000001593818,Interruptor diferencial schneider A9R60240 2P 40A 30mA,OK,2026-09-28T15:55:43,
PR000000065725,PR000001593819,Interruptor diferencial RCCB-IID 4P 63A 300mA clase-A-SI,OK,2026-09-28T15:55:52,
PR000000065730,PR000001593820,Interruptor diferencial IID 4P 40A 30mA clase-A,OK,2026-09-28T16:02:07,
PR000000065737,PR000001593821,Interruptor diferencial IDD 4P 40A 300mA clase-A-SI selectivo,OK,2026-09-28T16:02:16,
PR000000065748,PR000001593822,Interruptor diferencial IID 4P 40A 500mA clase-AC,OK,2026-09-28T16:02:24,
PR000000065750,PR000001593823,Interruptor diferencial IID 2P 40A 500mA clase-AC,OK,2026-09-28T16:02:32,
PR000000065767,PR000001593824,Limitador sobretensión QUICK PF 10KA 3P+N,OK,2026-09-28T16:02:40,
PR000000065770,PR000001593825,Interruptor magneto Schneider A9K24240 2P 40A curva-C,OK,2026-09-28T16:02:48,
PR000000065776,PR000001593826,Interruptor automático magnetotérmico iK60N 1P+N 20A curva-C,OK,2026-09-28T16:02:56,
PR000000065777,PR000001593827,Interruptor automático magnetotérmico iK60N 1P+N 10A curva-C,OK,2026-09-28T16:03:04,
PR000000065778,PR000001593828,Interruptor magneto schneider A9K17220 2P 20A curva-C,OK,2026-09-28T16:03:13,
PR000000065779,PR000001593829,Interruptor magneto Schneider A9K17216 2P 16A curva-C,OK,2026-09-28T16:03:21,
PR000000065783,PR000001593830,Interruptor automático magnetotérmico iC60L 4P 25A curva-C,OK,2026-09-28T16:03:29,
PR000000065804,PR000001593831,Interruptor diferencial schneider 2P 25A 30mA clase-AC,OK,2026-09-28T16:03:36,
PR000000065805,PR000001593832,Interruptor diferencial IDD 4P 63A 500mA clase-A-SI selectivo,OK,2026-09-28T16:03:43,
PR000000065807,PR000001593833,Interruptor diferencial IDD 4P 63A 300mA clase-A-SI selectivo,OK,2026-09-28T16:03:51,
PR000000065848,PR000001593834,Elemento auxiliar MX 110-415V CA 110-130V CC,OK,2026-09-28T16:03:59,
PR000000065914,PR000001593835,Interruptor automático magnetotérmico iC60N 2P 50A curva-C,OK,2026-09-28T16:04:07,
PR000000065921,PR000001593836,Interruptor automático magnetotérmico iC60N 4P 40A curva-B,OK,2026-09-28T16:04:15,
PR000000065971,PR000001593837,Interruptor automático magnetotérmico iC60N 1P 16A curva-C,OK,2026-09-28T16:04:23,
PR000000065972,PR000001593838,Interruptor automático magnetotérmico iC60N 1P 10A curva-C,OK,2026-09-28T16:04:31,
PR000000065973,PR000001593839,Interruptor automático magnetotérmico iC60N 1P+N 16A curva-B,OK,2026-09-28T16:04:40,
PR000000065974,PR000001593841,Interruptor automático magnetotérmico iC60N 4P 63A curva-B,OK,2026-09-28T16:11:39,
PR000000066018,PR000001593842,Interruptor automático magnetotérmico iC60H 4P 63A curva-C,OK,2026-09-28T16:11:46,
PR000000066027,PR000001593843,Interruptor automático magnetotérmico iC60H 3P 16A curva-C,OK,2026-09-28T16:11:54,
PR000000066032,PR000001593844,Interruptor automático magnetotérmico iC60H 2P 10A curva-C,OK,2026-09-28T16:12:03,
PR000000066048,PR000001593845,Interruptor automático magnetotérmico iC60H 4P 63A curva-D,OK,2026-09-28T16:12:12,
PR000000066050,PR000001593846,Interruptor automático magnetotérmico iC60H 4P 32A curva-D,OK,2026-09-28T16:12:21,
PR000000066086,PR000001593847,Interruptor automático magnetotérmico iC60N 1P+N 16A curva-C,OK,2026-09-28T16:12:29,
PR000000066087,PR000001593848,Interruptor automático magnetotérmico iC60N 1P+N 10A curva-C,OK,2026-09-28T16:12:37,
PR000000066108,PR000001593849,Contactor ICT 20A 2 NA 230/240V CA,OK,2026-09-28T16:12:46,
PR000000066121,PR000001593850,Contactor ICT 25A 4 NA 230/240V CA,OK,2026-09-28T16:12:54,
PR000000066122,PR000001593851,Contactor ICT 25A 2 NA 230/240V CA,OK,2026-09-28T16:13:02,
PR000000066167,PR000001593852,Contactor auxiliar ICT 1 NA+ 1 NC,OK,2026-09-28T16:13:11,
PR000000066192,PR000001593853,Interruptor con réflex iC60N TI24 10A 2P curva-C,OK,2026-09-28T16:13:19,
PR000000066203,PR000001593854,Contactor ICT 16A 2 NA 230/240V CA,OK,2026-09-28T16:13:28,
PR000000066214,PR000001593855,Contactor ICT 40A 2 NA 230/240V CA,OK,2026-09-28T16:13:36,
PR000000066220,PR000001593856,Relé baja tensión RTBT,OK,2026-09-28T16:13:44,
PR000000066222,PR000001593857,Toma corriente 2P+TT lateral 250V estándar alemán schuko,OK,2026-09-28T16:13:52,
PR000000066224,PR000001593858,Transformador 25VA 12-24V CA,OK,2026-09-28T16:14:00,
PR000000066334,PR000001593859,Cubrebornes largo 4P NSX100-250 INV/INS,OK,2026-09-28T16:14:09,
PR000000066463,PR000001593860,Cubrebornes largo 4P NSX400/630 INV/INS,OK,2026-09-28T16:14:17,
PR000000066465,PR000001593861,Cubrebornes corto 4P NSX400/630 INV/INS,OK,2026-09-28T16:20:39,
PR000000066544,PR000001593862,Interruptor digital IHP semanal + impulso 6 años 1 módulo 2 canales 16A (BT),OK,2026-09-28T16:20:46,
PR000000066711,PR000001593863,Minutero automático escalera 230V CA MINS,OK,2026-09-28T16:20:53,
PR000000066713,PR000001593864,Base mural PK 32A 3P+N+TT 380-415V,OK,2026-09-28T16:21:01,
PR000000066714,PR000001593865,Base mural PK 16A 3P+N+TT 380-415V,OK,2026-09-28T16:21:08,
PR000000066730,PR000001593866,Base empotrar inclinada 16A 3P+N+TT 380-415V IP67,OK,2026-09-28T16:21:15,
PR000000066734,PR000001593867,Base empotrar inclinada 65x85 16A 2P+TT 200-250V IP44 azul,OK,2026-09-28T16:21:22,
PR000000066743,PR000001593868,Clavija aérea 16A 3P+N+TT 380-415V IP44 tornillo,OK,2026-09-28T16:21:29,
PR000000066761,PR000001593869,"Relé diferencial RH99M 220-240V CA 0,03A-30A",OK,2026-09-28T16:21:36,
PR000000066766,PR000001593870,"Relé diferencial RH10M 220-240V CA 0,5A",OK,2026-09-28T16:21:43,
PR000000066770,PR000001593871,Base aérea 32A 3P+TT 380-415V IP67,OK,2026-09-28T16:21:50,
PR000000066781,PR000001593872,Base empotrar 32A 3P+N+TT 380-415V IP44,OK,2026-09-28T16:21:57,
PR000000066798,PR000001593873,Base 10/16A 2P+TT apriete lateral 65x85 azul,OK,2026-09-28T16:22:05,
PR000000066846,PR000001593874,Base empotrar 32A 3P+N+TT 380-415V IP44 FAST,OK,2026-09-28T16:22:12,
PR000000066870,PR000001593875,Base empotrar recta 16A 3P+N+TT 380-415V IP44,OK,2026-09-28T16:22:19,
PR000000066872,PR000001593876,Base empotrar inclinada 16A 3P+N+TT 380-415V IP44,OK,2026-09-28T16:22:26,
PR000000066960,PR000001593877,Minicofret KAEDRA 1x8 módulos 200x195x112,OK,2026-09-28T16:22:33,
PR000000066961,PR000001593878,Minicofret KAEDRA 1x6 módulos 200x159x112,OK,2026-09-28T16:22:40,
PR000000066962,PR000001593879,Minicofret KAEDRA 1x3 módulos 150x80x98,OK,2026-09-28T16:22:48,
PR000000067037,PR000001593880,Base empotrar 16A 2P+TT 200-250V IP44,OK,2026-09-28T16:22:56,
PR000000067053,PR000001593881,Clavija aérea 16A 3P+N+TT 380-415V IP44,OK,2026-09-28T16:28:54,
PR000000067054,PR000001593882,Clavija aérea 16A 3P+TT 380-415V IP44,OK,2026-09-28T16:29:02,
PR000000067059,PR000001593883,Comando rotativo frontal- INS630b...2500/INV630b,OK,2026-09-28T16:29:09,
PR000000067090,PR000001593884,Base empotrar 16A 3P+N+TT 380-415V IP44,OK,2026-09-28T16:29:16,
PR000000067119,PR000001593885,Cofre KAEDRA 1 fila con 12 módulos 280x340x160,OK,2026-09-28T16:29:24,
PR000000067120,PR000001593886,Cofret de superficie mini KAEDRA IP65 1x12 módulos puerta transparente 200x267x112,OK,2026-09-28T16:29:31,
PR000000067121,PR000001593887,Minicofret KAEDRA 1x4 módulos 200x123x112,OK,2026-09-28T16:29:39,
PR000000067129,PR000001593888,Cofre KAEDRA Caja de distribución superficie 1 fila 12 módulos puerta ciego estanco (IP65) H=335,OK,2026-09-28T16:29:46,
PR000000067136,PR000001593889,Cofre KAEDRA con 8 módulos 4 abertura 90x100,OK,2026-09-28T16:29:53,
PR000000067137,PR000001593890,Cofre KAEDRA con 5 módulos 2 abertura 90x100,OK,2026-09-28T16:30:00,
PR000000067194,PR000001593891,Pletina adicional canto INS/INV800/1600 4P,OK,2026-09-28T16:30:08,
PR000000067206,PR000001593892,Contacto posición abierto/cerrado 6A-240V,OK,2026-09-28T16:30:15,
PR000000067210,PR000001593893,Bobina de disparo MX 200-250V CA/CC,OK,2026-09-28T16:30:23,
PR000000067230,PR000001593894,Interruptor INTERPACT INV 1600A 4P estándar,OK,2026-09-28T16:30:30,
PR000000067273,PR000001593895,Borne reparto + 1 cubrebornes 4P,OK,2026-09-28T16:30:38,
PR000000067350,PR000001593896,PLETINAS COMPLEMENTARIAS CABLES NT 4P SCHN 33645,OK,2026-09-28T16:30:45,
PR000000067403,PR000001593897,Cubrebornes cortos 3/4P 100-160A (2u),OK,2026-09-28T16:30:53,
PR000000067629,PR000001593898,Tapa G/P LVS03203AZ Acti9 con 3 módulos alto 150mm,OK,2026-09-28T16:31:01,
PR000000067636,PR000001593899,Tapa G/P LVS03243AZ 3 NSX-CVS250 vertical,OK,2026-09-28T16:31:08,
PR000000067699,PR000001593900,Techo P LVS08436AZ IP30 ancho 650mm profundidad 400mm,OK,2026-09-28T16:31:15,
PR000000067734,PR000001593901,Tapa G/P LVS03802AZ Plena con 2 módulos alto 100mm,OK,2026-09-28T16:37:36,
PR000000067753,PR000001593902,Tapa G/P LVS03204AX Acti9 con 4 módulos alto 200mm,OK,2026-09-28T16:37:44,
PR000000067829,PR000001593903,Placa pasacable P LVS08496AX IP30 ancho 650mm profundidad 400mm,OK,2026-09-28T16:37:53,
PR000000067839,PR000001593904,Marco de cubierta P LVS08576AX IP30 ancho 650mm,OK,2026-09-28T16:38:01,
PR000000067876,PR000001593905,Armadura P LVS08406AX ancho 650 profundidad 400 alto 2m,OK,2026-09-28T16:38:09,
PR000000067890,PR000001593906,Juego paredes laterales P IP30 LVS08750AZ profundidad 400mm (2u),OK,2026-09-28T16:38:17,
PR000000067944,PR000001593907,Marco pivotante tapas P LVS08566AX ancho 650mm,OK,2026-09-28T16:38:25,
PR000000067958,PR000001593908,Fondo atornillado P LVS08736AX IP30 ancho 650mm,OK,2026-09-28T16:38:34,
PR000000068019,PR000001593909,Contacto auxiliar doble 100mA to 6A AC-DC Acti9 iOF+OF/SD,OK,2026-09-28T16:38:41,
PR000000068020,PR000001593910,"Contacto auxiliar Schneider A9A26904 0,1-6A",OK,2026-09-28T16:38:49,
PR000000069112,PR000001593911,Set topes soporte inferior (12u),OK,2026-09-28T16:38:58,
PR000000069119,PR000001593912,Junta estanqueidad ancho P IP55,OK,2026-09-28T16:39:06,
PR000000069136,PR000001593913,Soporte JdB voladizo 5-10mm,OK,2026-09-28T16:39:14,
PR000000069138,PR000001593914,Set tornillos M8 terminales (20u),OK,2026-09-28T16:39:23,
PR000000069145,PR000001593915,Set 20 tornillos + tuercas M8x40 + 40 arandelas,OK,2026-09-28T16:39:31,
PR000000069155,PR000001593916,Soporte vertical pasillo lateral,OK,2026-09-28T16:39:40,
PR000000069171,PR000001593917,Set soportes para PE vertical (3u),OK,2026-09-28T16:39:48,
PR000000069174,PR000001593918,12 Bornas derivacion Linergy BW 6/10mm2,OK,2026-09-28T16:39:57,
PR000000069175,PR000001593919,Set tornillos M6x12mm JdB conexión Linergy BW,OK,2026-09-28T16:40:05,
PR000000069177,PR000001593920,Bloque de conexión NSX400,OK,2026-09-28T16:40:14,
PR000000069202,PR000001593921,Conexión Linergy BW terminales/cubrebornes,OK,2026-09-28T16:46:13,
PR000000069819,PR000001593922,Cable de programación USB a MICROUSB ST6,OK,2026-09-28T16:46:20,
PR000000069824,PR000001593923,Accesorio Prisma VDIS 125A,OK,2026-09-28T16:46:27,
PR000000070658,PR000001593924,Cubrebornes INS/INV800a1600 4P,OK,2026-09-28T16:46:34,
PR000000070824,PR000001593925,Pletina espaciadora 27/35mm 4P NSXm & PP,OK,2026-09-28T16:46:41,
PR000000071385,PR000001593926,Kit conectores para SD315O,OK,2026-09-28T16:46:48,
PR000000071438,PR000001593927,Inserto 3 M8 H 3 pins para 3 señales E/S,OK,2026-09-28T16:46:55,
PR000000071611,PR000001593928,Kit conectones schneider VW3M5D2A,OK,2026-09-28T16:47:03,
PR000000071614,PR000001593929,Kit conectores encoder schneider VW3M8D2A,OK,2026-09-28T16:47:10,
PR000000071791,PR000001593930,Compresor NSYCUSP0058 para climatizador,OK,2026-09-28T16:47:17,
PR000000071901,PR000001593931,Prensaestopas M16,OK,2026-09-28T16:47:24,
PR000000071993,PR000001593932,Prensaestopas M20,OK,2026-09-28T16:47:31,
PR000000072321,PR000001593933,Tapa ciega serie Iris en blanco,OK,2026-09-28T16:47:38,
PR000000072410,PR000001593934,Marco 2 elementos vertical serie Iris Plus blanco,OK,2026-09-28T16:47:45,
PR000000073042,PR000001593935,"Clavija bipolar TT lateral 16A 250V 4,8mm caucho",OK,2026-09-28T16:47:52,
PR000000073046,PR000001593936,Conector Hembra schuko 2P+T 16A 250V  negro,OK,2026-09-28T16:47:59,
PR000000073097,PR000001593937,Base móvil 2P+T 16A 250V caucho color negro IP20,OK,2026-09-28T16:48:07,
PR000000073288,PR000001593938,Caja industrial de distribución de 11 elementos con cuadro de mando para piscinas,OK,2026-09-28T16:48:14,
PR000000073317,PR000001593939,Prolongador clavija bipolar 10A cable 2x1mm2m,OK,2026-09-28T16:48:20,
PR000000073338,PR000001593940,"Prolongador con 3 bases 2P+T 16A 250V~ 1,5m de cable",OK,2026-09-28T16:48:27,
PR000000073346,PR000001593941,Adaptador bipolar 2 tomas TT laterales 16A 3680W blanco,OK,2026-09-28T16:54:19,
PR000000073481,PR000001593942,"Brida 4,8x300 negro",OK,2026-09-28T16:54:27,
PR000000073597,PR000001593943,Base mural 3P+TT 32A 400V IP44,OK,2026-09-28T16:54:35,
PR000000073630,PR000001593944,Caja estanca 310x240x125 IP65 IK09 tornillo roscado de plástico con paredes lisas precintables,OK,2026-09-28T16:54:43,
PR000000073671,PR000001593945,"Kit prensaestopas rosca métrica larga M20x1,5",OK,2026-09-28T16:54:52,
PR000000073727,PR000001593946,Base múltiple con 3 tomas caucho schuko con obturador,OK,2026-09-28T16:55:00,
PR000000073737,PR000001593947,Caja estanca 160x135x70 8 conos tapa transparente,OK,2026-09-28T16:55:08,
PR000000073738,PR000001593948,Caja estanca 220x170x80 12 conos tapa transparente,OK,2026-09-28T16:55:16,
PR000000073763,PR000001593949,Ángulo interior para minicanal 60x100,OK,2026-09-28T16:55:23,
PR000000073889,PR000001593950,Taco expansión nylon gris 6x30 para tornillo,OK,2026-09-28T16:55:30,
PR000000073898,PR000001593951,Caja 100x100x45 cierre con garra plástico,OK,2026-09-28T16:55:37,
PR000000073964,PR000001593952,Caja de mecanismos de empotrar en tabique hueco 1 elemento 68x46mm 4 entradas para tubo diámetro 20,OK,2026-09-28T16:55:44,
PR000000074004,PR000001593953,Caja estanca ciega 153x110x65 PG16,OK,2026-09-28T16:55:52,
PR000000074011,PR000001593954,Caja estanca 160x135x70 10 conos PG21/29,OK,2026-09-28T16:55:59,
PR000000074015,PR000001593955,Caja estanca 220x170x80 14 conos,OK,2026-09-28T16:56:06,
PR000000074068,PR000001593956,Caja estanca 153x110x65 10 conos PG16/21NG,OK,2026-09-28T16:56:14,
PR000000074094,PR000001593957,Portalámparas fluorescente 2A 250V,OK,2026-09-28T16:56:21,
PR000000074786,PR000001593958,Caja estanca de conexión 270x250x140mm,OK,2026-09-28T16:56:29,
PR000000074917,PR000001593959,Base móvil 2P+T 16A 250V elastómero blanco,OK,2026-09-28T16:56:36,
PR000000074929,PR000001593960,Grapillones de 25mm,OK,2026-09-28T16:56:43,
PR000000075154,PR000001593961,"Clavija bipolar con T/T lateral 16A 250V espigas de diámetro 4,8mm con presa estopa caucho termoplŽ",OK,2026-09-28T17:03:08,
PR000000075162,PR000001593962,Terminal de pala 25mm2 borne de 10mm para cables de cobre,OK,2026-09-28T17:03:17,
PR000000075168,PR000001593963,"Terminal redondo 6,5mm de 4 a 6mm2 amarillo (Bolsa 50u)",OK,2026-09-28T17:03:26,
PR000000075180,PR000001593964,Terminal puntera hueca sencilla 12mm 16mm2 blanco (Bolsa 50u),OK,2026-09-28T17:03:35,
PR000000075181,PR000001593965,Terminal puntera hueca sencilla 12mm 10mm2 rojo (Bolsa 50u),OK,2026-09-28T17:03:43,
PR000000075226,PR000001593966,Portalámparas E27 4A 250V cuerpo liso negro,OK,2026-09-28T17:03:51,
PR000000075280,PR000001593967,Terminal puntera hueca doble 14mm 2x10mm2 rojo (Bolsa 50u),OK,2026-09-28T17:04:00,
PR000000075281,PR000001593968,Terminal puntera hueca doble 14mm 2x6mm2 amarillo (Bolsa 50u),OK,2026-09-28T17:04:08,
PR000000075282,PR000001593969,Terminal puntera hueca doble 12mm 2x4mm2 gris (Bolsa 50u),OK,2026-09-28T17:04:17,
PR000000075286,PR000001593970,Terminal puntera hueca sencilla 16mm 35mm2 rojo (Bolsa 50u),OK,2026-09-28T17:04:25,
PR000000075287,PR000001593971,"Terminal puntera hueca sencilla 8mm 1,5mm2 negro (Bolsa 50u)",OK,2026-09-28T17:04:34,
PR000000075403,PR000001593972,"Regleta conexión 2,5mm2 450V blanco",OK,2026-09-28T17:04:43,
PR000000075404,PR000001593973,Regleta conexión 16mm2 450V blanco,OK,2026-09-28T17:04:52,
PR000000075541,PR000001593974,Regleta conexión 4mm2 450V blanco,OK,2026-09-28T17:05:00,
PR000000075761,PR000001593975,"Pica de TT normalizada 1,5m",OK,2026-09-28T17:05:09,
PR000000076041,PR000001593976,Caja saliente 2 puestos VALENA,OK,2026-09-28T17:05:18,
PR000000076275,PR000001593977,Base múltiple Standard 3x2P+T 3m blanco,OK,2026-09-28T17:05:27,
PR000000076389,PR000001593978,"Luminaria de emergencia URA21 LED LVS2 100 lúmenes, 1h, permanente/no permanente",OK,2026-09-28T17:05:35,
PR000000076442,PR000001593979,"Luminaria de emergencia L31 LED 120 lm 1h, no permanente estándar IP42, IK07",OK,2026-09-28T17:05:44,
PR000000076455,PR000001593980,Caja universal marco rectangular luminaria de emergencia L31,OK,2026-09-28T17:05:53,
PR000000076515,PR000001593981,"Luminaria de emergencia URA NEXT AUTOTEST, 200lm, 1h, no permanente",OK,2026-09-28T17:12:23,
PR000000076730,PR000001593982,Moldura DLPLUS 32x16mm blanco,OK,2026-09-28T17:12:31,
PR000000076731,PR000001593983,"Moldura legrand  DLPLUS 20x12,5mm blanco",OK,2026-09-28T17:12:38,
PR000000076874,PR000001593984,Tapa bandeja OMEGA 300,OK,2026-09-28T17:12:46,
PR000000077022,PR000001593985,Caja de derivación 140x85x40mm,OK,2026-09-28T17:12:53,
PR000000077036,PR000001593986,"Canaleta LINA25 para cables, PVC, 60x40mm, gris RAL 7030",OK,2026-09-28T17:13:00,
PR000000077045,PR000001593987,Cajetín para mecanismos universal NQ50DUO,OK,2026-09-28T17:13:08,
PR000000077062,PR000001593988,Caja mecanismos Legrand 636370 88x88x44mm,OK,2026-09-28T17:13:15,
PR000000077089,PR000001593989,Abrazadera portatubos FLUIDQUINT,OK,2026-09-28T17:13:22,
PR000000077090,PR000001593990,Abrazadera FAC FLUIDQUINT,OK,2026-09-28T17:13:30,
PR000000077098,PR000001593991,Enlace 60x100 FLUIDQUINT,OK,2026-09-28T17:13:37,
PR000000077099,PR000001593992,Angulo interior 60x100 FLUIDQUINT,OK,2026-09-28T17:13:44,
PR000000077100,PR000001593993,Tapa final 60x100 FLUIDQUINT,OK,2026-09-28T17:13:52,
PR000000077114,PR000001593994,Angulo exterior 40x70 FLUIDQUINT,OK,2026-09-28T17:13:59,
PR000000077115,PR000001593995,Angulo plano 40x70 FLUIDQUINT,OK,2026-09-28T17:14:07,
PR000000077138,PR000001593996,Angulo exterior 60x100 FLUIDQUINT,OK,2026-09-28T17:14:15,
PR000000077139,PR000001593997,Angulo plano 60x100 FLUIDQUINT,OK,2026-09-28T17:14:22,
PR000000077141,PR000001593998,"Canal Fluidquint de 60x100mm para instalaciones de climatización, 2m, blanco",OK,2026-09-28T17:14:30,
PR000000077152,PR000001593999,Angulo interior 40x70 FLUIDQUINT,OK,2026-09-28T17:14:37,
PR000000077153,PR000001594000,"Canal Fluidquint de 40x70mm para instalaciones de climatización, 2m, blanco",OK,2026-09-28T17:14:45,
PR000000077272,PR000001594001,Caja módulo estanca IP65 1x18 módulos,OK,2026-09-28T17:21:05,
PR000000077314,PR000001594002,Caja módulo estanca IP65 4x18 módulos,OK,2026-09-28T17:21:14,
PR000000077339,PR000001594003,Clavija 32A 3P + N + TT 415V IP44,OK,2026-09-28T17:21:22,
PR000000077376,PR000001594004,Base supercompacta 32A 3P + N + TT 415V IP44,OK,2026-09-28T17:21:30,
PR000000077382,PR000001594005,Base supercompacta 16A 2P + TT 250V IP44,OK,2026-09-28T17:21:39,
PR000000078376,PR000001594006,Bloque de contacto auxiliar CTX adaptable para minicontactores laterales 1 NO,OK,2026-09-28T17:21:47,
PR000000078515,PR000001594007,Magnetotérmico 2P 16A 1000V,OK,2026-09-28T17:21:56,
PR000000078547,PR000001594008,Magnetotérmico 2P 20A 1000V,OK,2026-09-28T17:22:04,
PR000000078548,PR000001594009,Magnetotérmico 2P 10A 1000V,OK,2026-09-28T17:22:13,
PR000000078574,PR000001594010,Interruptor horario analógico diario 3 módulos,OK,2026-09-28T17:22:21,
PR000000078656,PR000001594011,Módulo de pulsos IWM-PL3,OK,2026-09-28T17:22:29,
PR000000079541,PR000001594012,"Repartidor modular de barras escalonadas 4 Polos, 40 A, 12 salidas, 6 módulos",OK,2026-09-28T17:22:37,
PR000000079736,PR000001594013,"Tapa ciega Mosaic 2 módulos, blanco antibacteriano",OK,2026-09-28T17:22:45,
PR000000079776,PR000001594014,"Placa Mosaic de 2x2 módulos para instalación en horizontal, blanco",OK,2026-09-28T17:22:53,
PR000000079781,PR000001594015,"Placa Mosaic de 2 módulos, blanco",OK,2026-09-28T17:23:01,
PR000000079817,PR000001594016,Caja plexo 310x240x124,OK,2026-09-28T17:23:08,
PR000000079818,PR000001594017,Caja plexo 220x170x86,OK,2026-09-28T17:23:15,
PR000000079819,PR000001594018,Caja plexo 180x140x86,OK,2026-09-28T17:23:23,
PR000000079820,PR000001594019,Caja plexo 155x110x74,OK,2026-09-28T17:23:30,
PR000000079840,PR000001594020,Caja plexo 105x105x55 7 entradas,OK,2026-09-28T17:23:38,
PR000000079841,PR000001594021,Caja plexo 65x65x40 7 entradas,OK,2026-09-28T17:29:36,
PR000000079842,PR000001594022,"Caja plexo 80x80x45 sin entradas, en color gris RAL 7035",OK,2026-09-28T17:29:44,
PR000000079867,PR000001594023,"Caja derivación PLEXO 180x140x86, 10 entradas",OK,2026-09-28T17:29:53,
PR000000079883,PR000001594024,Caja plexo 105x105x55 sin entradas,OK,2026-09-28T17:30:01,
PR000000079884,PR000001594025,Caja plexo 80x80x45 7 entradas,OK,2026-09-28T17:30:09,
PR000000079951,PR000001594026,"Base 2P+T obturador de protección Oteo 16A/230V componible, bornes de tornillos, blanco",OK,2026-09-28T17:30:18,
PR000000079981,PR000001594027,Caja superior horizontal MOSAIC-II 1 080284,OK,2026-09-28T17:30:26,
PR000000079984,PR000001594028,Caja superior MOSAIC-II 2 módulos 40mm,OK,2026-09-28T17:30:34,
PR000000079992,PR000001594029,Soporte MOSAIC-II 2 módulos,OK,2026-09-28T17:30:43,
PR000000079997,PR000001594030,Marco 1 elemento 72x72mm OTEO,OK,2026-09-28T17:30:51,
PR000000080015,PR000001594031,Caja superior horizontal MOSAIC-II 4-5 módulos,OK,2026-09-28T17:30:59,
PR000000080016,PR000001594032,Caja superior MOSAIC-II 2 módulos 30mm,OK,2026-09-28T17:31:07,
PR000000080019,PR000001594033,Soporte MOSAIC-II 8-10 módulos,OK,2026-09-28T17:31:15,
PR000000080020,PR000001594034,Soporte MOSAIC-II 4-5 módulos,OK,2026-09-28T17:31:24,
PR000000080054,PR000001594035,Toma RJ45 categoría 6 FTP 2 módulos aluminio,OK,2026-09-28T17:31:32,
PR000000080215,PR000001594036,"Caja de puesto de trabajo en superficie de plástico Mosaic para 2x4 módulos, blanco",OK,2026-09-28T17:31:40,
PR000000080233,PR000001594037,"Placa Mosaic 4x2 módulos horizontal, blanco",OK,2026-09-28T17:31:48,
PR000000080237,PR000001594038,"Caja de puesto de trabajo en superficie de plástico Mosaic para 3x4 módulos, blanco",OK,2026-09-28T17:31:56,
PR000000080301,PR000001594039,Hublot MOSAIC-II 230V rojo,OK,2026-09-28T17:32:04,
PR000000080440,PR000001594040,Toma 2x2P + TT lateral blanco MOSAIC-II,OK,2026-09-28T17:32:12,
PR000000080444,PR000001594041,Toma 2P + TT lateral con tornillo MOSAIC-II,OK,2026-09-28T17:38:43,
PR000000080449,PR000001594042,Magnetotérmico diferencial 30mA 16A MOSAIC-II,OK,2026-09-28T17:38:51,
PR000000080464,PR000001594043,Toma 2P + TT FB BA CZ MOSAIC2,OK,2026-09-28T17:38:58,
PR000000080579,PR000001594044,Toma RJ45 MOSAIC categoría 6A UTP 2 módulos,OK,2026-09-28T17:39:05,
PR000000080591,PR000001594045,Toma RJ45 categoría 6 FTP 2 módulos blanco,OK,2026-09-28T17:39:12,
PR000000080592,PR000001594046,Toma RJ45 categoría 6 UTP 2 módulos blanco,OK,2026-09-28T17:39:19,
PR000000080714,PR000001594047,"Base de corriente monobloc superficie Plexo IP55, 16A, 2P+T, embornamiento con tornillos, antracita",OK,2026-09-28T17:39:26,
PR000000080715,PR000001594048,"Base de corriente monobloc empotrar Plexo IP55, 16A, 2P+T, embornamiento con tornillos, gris",OK,2026-09-28T17:39:33,
PR000000080720,PR000001594049,"Base de corriente monobloc empotrar Plexo IP55, 16A, 2P+T, embornamiento con tornillos, antracita",OK,2026-09-28T17:39:41,
PR000000080758,PR000001594050,"Base de corriente monobloc Plexo IP55, 16A, 2x2P+T, instalación en superficie horizontal, blanco",OK,2026-09-28T17:39:50,
PR000000080761,PR000001594051,"Base de superficie Legrand Plexo  069771L 16A, 2P+T blanco",OK,2026-09-28T17:39:57,
PR000000080763,PR000001594052,Controlador iluminación inalámbrico IP55 gris,OK,2026-09-28T17:40:05,
PR000000080769,PR000001594053,"Marco de empotrar Plexo modular, 1 elemento, gris",OK,2026-09-28T17:40:13,
PR000000080772,PR000001594054,"Marco de empotrar Plexo modular, 1 elemento, blanco",OK,2026-09-28T17:40:22,
PR000000080775,PR000001594055,"Conmutador Plexo monobloc de superficie, 10AX, gris",OK,2026-09-28T17:40:30,
PR000000080776,PR000001594056,"Cruzamiento Plexo IP55, 10AX, 250V, monobloc de superficie, gris",OK,2026-09-28T17:40:38,
PR000000080781,PR000001594057,"Caja con membranas Plexo modular, 1 elemento, blanco",OK,2026-09-28T17:40:46,
PR000000080783,PR000001594058,"Base de corriente monobloc Plexo IP55, 16A, 2x2P+T, instalación en superficie horizontal, gris",OK,2026-09-28T17:40:54,
PR000000080791,PR000001594059,Mecanismo superficie legrand 069733 2P + TT plexo gris,OK,2026-09-28T17:41:02,
PR000000080799,PR000001594060,Caja superficie horizontal 2 posiciones plexo blanco,OK,2026-09-28T17:41:10,
PR000000080804,PR000001594061,Conmutador plexo superficie 10A,OK,2026-09-28T17:47:24,
PR000000080821,PR000001594062,Caja superficie 1 posición plexo blanco,OK,2026-09-28T17:47:32,
PR000000080829,PR000001594063,"Conmutador Plexo monobloc de superficie, 10AX, antracita",OK,2026-09-28T17:47:40,
PR000000080832,PR000001594064,"Caja con membranas Plexo modular, 2 elementos horizontales y verticales, blanco",OK,2026-09-28T17:47:49,
PR000000080840,PR000001594065,Mecanismo plexo doble 2P + TT horizontal,OK,2026-09-28T17:47:57,
PR000000080859,PR000001594066,Caja horizontal ISO plexo 2 posiciones,OK,2026-09-28T17:48:04,
PR000000080860,PR000001594067,Caja superficie horizontal plexo 2 posiciones gris,OK,2026-09-28T17:48:11,
PR000000080862,PR000001594068,Toma 2P + TT plexo E/S blanco,OK,2026-09-28T17:48:18,
PR000000080870,PR000001594069,Interruptor conmutador E/S 10AX plexo blanco,OK,2026-09-28T17:48:25,
PR000000080903,PR000001594070,"Conmutador Plexo modular, 10AX, blanco",OK,2026-09-28T17:48:32,
PR000000080907,PR000001594071,"Caja con membranas Plexo modular, 3 elementos horizontales y verticales, gris",OK,2026-09-28T17:48:39,
PR000000080910,PR000001594072,"Caja con membranas Plexo modular, 1 elemento, gris",OK,2026-09-28T17:48:46,
PR000000080912,PR000001594073,"Base de corriente modular Plexo IP55, 2P+T, embornamiento con tornillos, blanco",OK,2026-09-28T17:48:54,
PR000000080916,PR000001594074,Caja superficie plexo 1 elemento con conos gris,OK,2026-09-28T17:49:01,
PR000000080935,PR000001594075,"Base de corriente precableada Plexo IP55, 2x2P+T, horizontal-modular, gris",OK,2026-09-28T17:49:07,
PR000000080936,PR000001594076,"Base de corriente modular Plexo IP55, 2P+T, embornamiento con tornillos, gris",OK,2026-09-28T17:49:14,
PR000000080938,PR000001594077,"Adaptador Plexo modular para función Mosaic, tapa transparente, gris",OK,2026-09-28T17:49:21,
PR000000080967,PR000001594078,Toma 2xP + TT horizontal E/S plexo gris,OK,2026-09-28T17:49:29,
PR000000081011,PR000001594079,Conmutador E/S plexo 10AX gris,OK,2026-09-28T17:49:37,
PR000000081045,PR000001594080,"Conmutador Plexo modular, 10AX, gris",OK,2026-09-28T17:49:45,
PR000000081284,PR000001594081,Latiguillo UTP categoría 6 2m,OK,2026-09-28T17:56:05,
PR000000081301,PR000001594082,Base móvil 2P + TT 16A sin recta blanco,OK,2026-09-28T17:56:13,
PR000000081304,PR000001594083,Clavija 2P + TT sin lateral blanco 16A,OK,2026-09-28T17:56:20,
PR000000081330,PR000001594084,Base 2P + TT 16A caucho GSB,OK,2026-09-28T17:56:28,
PR000000081334,PR000001594085,Clavija 2P + TT 16A sin lateral GSB,OK,2026-09-28T17:56:35,
PR000000081343,PR000001594086,Clavija 2P + TT 16A IP44 caucho negro,OK,2026-09-28T17:56:42,
PR000000081346,PR000001594087,Clavija 2P + TT sin recta blanco,OK,2026-09-28T17:56:50,
PR000000081462,PR000001594088,Sirena electromagnética IP30-IK10 230V acústico 105dB,OK,2026-09-28T17:56:59,
PR000000081537,PR000001594089,Rotulador indeleble,OK,2026-09-28T17:57:07,
PR000000081810,PR000001594090,Puntera suelta STARFIX 1mm2,OK,2026-09-28T17:57:15,
PR000000081967,PR000001594091,"Borna VIKING3 2,5mm2",OK,2026-09-28T17:57:24,
PR000000082010,PR000001594092,Borna conexión VIKING3 6mm2 2 conductores paso 8mm gris,OK,2026-09-28T17:57:32,
PR000000082138,PR000001594093,Caja plexo 220x170x92 sin entradas,OK,2026-09-28T17:57:41,
PR000000082139,PR000001594094,Caja plexo 180x140x92 sin entradas,OK,2026-09-28T17:57:49,
PR000000082141,PR000001594095,"Regleta NYLBloc 2,5mm2 blanca",OK,2026-09-28T17:57:57,
PR000000082157,PR000001594096,Caja plexo 310x240x130 sin entradas,OK,2026-09-28T17:58:06,
PR000000082158,PR000001594097,Caja plexo 155x110x80 sin entradas,OK,2026-09-28T17:58:14,
PR000000082159,PR000001594098,Regleta NYLBloc 10mm2 blanca,OK,2026-09-28T17:58:22,
PR000000082199,PR000001594099,Regleta paso 10 bornas 2x25mm2,OK,2026-09-28T17:58:31,
PR000000082200,PR000001594100,Regleta paso 10 bornas 2x10mm2,OK,2026-09-28T17:58:38,
PR000000082238,PR000001594101,Cable para redes locales LCS2 categoría 6A - U / UTP Euroclase Cca 4 pares 500 m,OK,2026-09-28T18:05:14,
PR000000082244,PR000001594102,Latiguillo OS1 LC/LC monomodo 2m,OK,2026-09-28T18:05:22,
PR000000082254,PR000001594103,Cable UTP categoría 6 LSZH,OK,2026-09-28T18:05:31,
PR000000082379,PR000001594104,"Canaleta DLP 40x20-2,10mm PVC",OK,2026-09-28T18:05:39,
PR000000082387,PR000001594105,Canaleta DLP 75x18mm para suelo,OK,2026-09-28T18:05:48,
PR000000082442,PR000001594106,"Canaleta DLP 32x20-2,10mm PVC",OK,2026-09-28T18:05:57,
PR000000082483,PR000001594107,"Canaleta DLP 20x12,5-2,10mm PVC",OK,2026-09-28T18:06:05,
PR000000083391,PR000001594108,Rail universal,OK,2026-09-28T18:06:14,
PR000000083586,PR000001594109,Cortacircuitos seccionable T0 3P LEXIC,OK,2026-09-28T18:06:23,
PR000000083630,PR000001594110,Amperímetro voltímetro digital módulo,OK,2026-09-28T18:06:31,
PR000000084300,PR000001594111,Base VALENA NEXT 2P+T 16A automático aluminio,OK,2026-09-28T18:06:40,
PR000000084867,PR000001594112,Conector RJ45 LCS CAT 6 UTP KEYSTONE,OK,2026-09-28T18:06:48,
PR000000084975,PR000001594113,Cable LCS OS2 libre 8 fibras exterior AR LSZH,OK,2026-09-28T18:06:57,
PR000000085171,PR000001594114,Caja derivación 160x100x50 tabiquería hueca blanco / naranja,OK,2026-09-28T18:07:06,
PR000000085477,PR000001594115,Base empotrar 2P+TTL 16A 230V IP54 conexión 1 lado horizontal simple IP54,OK,2026-09-28T18:07:16,
PR000000085509,PR000001594116,Clavija de goma 2P+TTL 16A 250V IP54,OK,2026-09-28T18:07:25,
PR000000085559,PR000001594117,Adaptador doble con toma de tierra portacontactos en cerámica reforzado,OK,2026-09-28T18:07:34,
PR000000085674,PR000001594118,Base de goma desmontable con toma de tierra IP20,OK,2026-09-28T18:07:42,
PR000000085775,PR000001594119,Base móvil de goma desmontable con tapa y toma de tierra IP44,OK,2026-09-28T18:07:52,
PR000000085861,PR000001594120,Adaptador clavija industrial 2P+T 16A / toma schuko 16A IP54,OK,2026-09-28T18:08:00,
PR000000085962,PR000001594121,Caja estanca con 7 conos IP65,OK,2026-09-28T18:13:57,
PR000000086004,PR000001594122,Adaptador triple con toma de tierra portacontactos en cerámica reforzado,OK,2026-09-28T18:14:05,
PR000000086296,PR000001594123,Adaptador triple con toma de tierra lateral 16A 250V+2T 10A 250V,OK,2026-09-28T18:14:12,
PR000000086356,PR000001594124,Armario de distribución de superficie 4 (ICP32) módulos IP40,OK,2026-09-28T18:14:19,
PR000000086364,PR000001594125,Clavija de goma desmontable con doble sistema de toma de tierra IP44,OK,2026-09-28T18:14:26,
PR000000086420,PR000001594126,Caja estanca cableada con 4 tomas schuko IP54,OK,2026-09-28T18:14:34,
PR000000086521,PR000001594127,"Enrollacable 25m H07RN-F 3G1,5mm2 entrada clavija schuko 2P+TTL 16A/salida 3 bases schuko 2P+TTL 16",OK,2026-09-28T18:14:43,
PR000000086544,PR000001594128,Minicanal adhesiva 10x20mm 2m blanca,OK,2026-09-28T18:14:51,
PR000000086632,PR000001594129,Base 8 tomas con toma de tierra interruptor y 2 puertos USB,OK,2026-09-28T18:14:58,
PR000000086719,PR000001594130,Adaptador clavija schuko 16A / toma industrial 2P+T 16A IP20,OK,2026-09-28T18:15:05,
PR000000086793,PR000001594131,Contratuerca prensaestopas M32 >PA< (Bolsa 20u),OK,2026-09-28T18:15:12,
PR000000086795,PR000001594132,Contratuerca prensaestopas M20 >PA< (Bolsa 50u),OK,2026-09-28T18:15:19,
PR000000086883,PR000001594133,Adaptador triple 10A 250V,OK,2026-09-28T18:15:26,
PR000000086936,PR000001594134,Caja estanca sin conos 180x330x130 IP-65,OK,2026-09-28T18:15:33,
PR000000086937,PR000001594135,Caja empalme cuadrado 200x200 fijación garra,OK,2026-09-28T18:15:41,
PR000000086944,PR000001594136,Caja empalme cuadrado 200x130 fijación garras,OK,2026-09-28T18:15:48,
PR000000086946,PR000001594137,Caja empalme cuadrado 100x100 fijación tornillo,OK,2026-09-28T18:15:55,
PR000000086947,PR000001594138,Caja empalme cuadrado 100x100 fijación garras,OK,2026-09-28T18:16:02,
PR000000086949,PR000001594139,Caja derivación estanca 100x100 PG16 tornillo,OK,2026-09-28T18:16:09,
PR000000086950,PR000001594140,Caja derivación estanca 100x100 PG16 presión,OK,2026-09-28T18:16:16,
PR000000086954,PR000001594141,Caja estanca sin conos 330x330x130 IP-65,OK,2026-09-28T18:22:16,
PR000000086957,PR000001594142,Caja empalme cuadrado 250x250 fijación garra,OK,2026-09-28T18:22:24,
PR000000086961,PR000001594143,Base TT lateral 16A-250V caucho termoplástico,OK,2026-09-28T18:22:36,
PR000000086962,PR000001594144,"Clavija con TT lateral 16A-250V diámetro 4,8 caucho termoplástico",OK,2026-09-28T18:22:43,
PR000000086966,PR000001594145,"Base móvil diámetro 4,8 10A-250V TT lateral de color blanco",OK,2026-09-28T18:22:51,
PR000000086967,PR000001594146,"Clavija 10-16A-250V diámetro 4,8 con TT lateral de color blanco",OK,2026-09-28T18:22:58,
PR000000086977,PR000001594147,Caja empalme cuadrado 160x100 fijación tornillo,OK,2026-09-28T18:23:05,
PR000000086978,PR000001594148,Caja derivación estanca 220x170 tornillos,OK,2026-09-28T18:23:13,
PR000000086979,PR000001594149,Caja empalme cuadrado 160x100 fijación garras,OK,2026-09-28T18:23:20,
PR000000086983,PR000001594150,Caja derivación estanca 160x135 PG.21-29 tornillo,OK,2026-09-28T18:23:27,
PR000000086999,PR000001594151,"Clavija 10-16A-250V diámetro 4,8 con TT lateral de color negro",OK,2026-09-28T18:23:35,
PR000000087000,PR000001594152,"Clavija 10-16A-250V diámetro 4,8 con TT lateral de color blanco",OK,2026-09-28T18:23:42,
PR000000087001,PR000001594153,Caja derivación estanca 153x110 PG.16-21 tornillo,OK,2026-09-28T18:23:49,
PR000000087007,PR000001594154,Caja estanca 75x75x39 tapa presión libre de halógenos,OK,2026-09-28T18:23:56,
PR000000087425,PR000001594155,"Electroválvula 5 vías 1/4"" C24V",OK,2026-09-28T18:24:03,
PR000000087448,PR000001594156,"Válvula esfera mini H-3/4"" PN-16 DIN17660 latón",OK,2026-09-28T18:24:10,
PR000000087478,PR000001594157,Monomando lavabo Klip cromo,OK,2026-09-28T18:24:17,
PR000000087557,PR000001594158,"Manguito antivibratorio NPT 2.1/2""",OK,2026-09-28T18:24:24,
PR000000088162,PR000001594159,"Electroválvula 2 vías INOX N/C 1/2"" 220V",OK,2026-09-28T18:24:32,
PR000000088237,PR000001594160,"Manguito antivibratorio NPT 1.1/4""",OK,2026-09-28T18:24:39,
PR000000088320,PR000001594161,"Válvula de esfera 3/4"" PN-25 paso total rosca NPT",OK,2026-09-28T18:30:23,
PR000000088582,PR000001594162,"Válvula retención clapeta goma H con rosca NPT 2""",OK,2026-09-28T18:30:31,
PR000000088731,PR000001594163,"Válvula seguridad 2"" NPT x 2"" NPT",OK,2026-09-28T18:30:40,
PR000000088895,PR000001594164,"Electroválvula 2 vías INOX N/C 1"" 220V",OK,2026-09-28T18:30:48,
PR000000088926,PR000001594165,"Manguito antivibratorio NPT 1""",OK,2026-09-28T18:30:56,
PR000000089282,PR000001594166,"Válvula esfera palanca roja inoxidable M-H 1/2""",OK,2026-09-28T18:31:03,
PR000000089294,PR000001594167,"Válvula seguridad 2"" G x 2"" G",OK,2026-09-28T18:31:10,
PR000000089402,PR000001594168,Manómetro ABS DN40 salida posterior 0-4 bar rácor latón,OK,2026-09-28T18:31:17,
PR000000089416,PR000001594169,Manómetro ABS DN40 salida posterior 0-10 bar rácor latón,OK,2026-09-28T18:31:24,
PR000000089654,PR000001594170,"Válvula alivio 3/4"" G x 1"" G (0,5-6 bar)",OK,2026-09-28T18:31:31,
PR000000089737,PR000001594171,Monomando ducha con kit BASIK,OK,2026-09-28T18:31:38,
PR000000090024,PR000001594172,"Filtro válvula retención M con rosca NPT 1""",OK,2026-09-28T18:31:45,
PR000000090156,PR000001594173,"Codo 90º H-H 1/2"" inoxidable",OK,2026-09-28T18:31:52,
PR000000090164,PR000001594174,"Válvula retención H-1. 1/4"" PN-25/12 Europa",OK,2026-09-28T18:31:59,
PR000000090185,PR000001594175,"Válvula seguridad +retención M-H 1/2"" PN-16",OK,2026-09-28T18:32:07,
PR000000090218,PR000001594176,"Válvula esfera H-H 3"" PN-25 paso estándar",OK,2026-09-28T18:32:14,
PR000000090260,PR000001594177,"Válvula esfera paso total 4"" gas DIN259 3 piezas inoxidable",OK,2026-09-28T18:32:21,
PR000000090303,PR000001594178,"Válvula esfera M-H 1/2"" Prestige PN-25/16",OK,2026-09-28T18:32:28,
PR000000090305,PR000001594179,"Válvula esfera H-H 1.1/2"" PN-25 paso total rosca gas",OK,2026-09-28T18:32:35,
PR000000090377,PR000001594180,"Purgador automático Q con cierre manual lateral 1/2""",OK,2026-09-28T18:32:42,
PR000000090407,PR000001594181,"Válvula esfera PN25 paso total 2"" latón",OK,2026-09-28T18:38:31,
PR000000090413,PR000001594182,"Tuerca reducción 1x3/4"" inoxidable",OK,2026-09-28T18:38:38,
PR000000090472,PR000001594183,"Válvula retención H-2. 1/2"" PN-12/8 York",OK,2026-09-28T18:38:45,
PR000000090497,PR000001594184,Rácor H 1/2x20 latón,OK,2026-09-28T18:38:52,
PR000000090543,PR000001594185,"Válvula esfera serie ligera palomilla M-H 1/2""",OK,2026-09-28T18:38:59,
PR000000090552,PR000001594186,"Válvula retención Cromax 1""",OK,2026-09-28T18:39:06,
PR000000090646,PR000001594187,"Válvula reductora presión Redux-GE pistón 2""",OK,2026-09-28T18:39:13,
PR000000090703,PR000001594188,Válvula esfera empotrar diámetro 25 para polietileno reticulado+multicapa,OK,2026-09-28T18:39:21,
PR000000090738,PR000001594189,"Enlace 3 piezas M-H 2"" inoxidable",OK,2026-09-28T18:39:28,
PR000000090742,PR000001594190,"Válvula retención H-1/2"" PN-12/8 York",OK,2026-09-28T18:39:35,
PR000000090743,PR000001594191,"Válvula escuadra ISIS M-M 1/2x3/8"" PN-10",OK,2026-09-28T18:39:43,
PR000000090789,PR000001594192,Codo 90º M-H 1 inoxidable,OK,2026-09-28T18:39:50,
PR000000090864,PR000001594193,"Filtro colador tipo Y H-1"" latón",OK,2026-09-28T18:39:57,
PR000000090894,PR000001594194,"Válvula esfera H-H 3/4"" montaje actuador paso total",OK,2026-09-28T18:40:05,
PR000000090929,PR000001594195,"Válvula esfera M-H 3/4"" Prestige PN-25/16",OK,2026-09-28T18:40:12,
PR000000090933,PR000001594196,"Válvula seguridad H-H 3bar 1/2""",OK,2026-09-28T18:40:18,
PR000000090983,PR000001594197,"Racor CAMLOCK tipo A 1""",OK,2026-09-28T18:40:25,
PR000000091035,PR000001594198,"Racor CAMLOCK tipo C 1""",OK,2026-09-28T18:40:32,
PR000000091063,PR000001594199,"Machón reducido 1.1/4x1"" inoxidable",OK,2026-09-28T18:40:39,
PR000000091068,PR000001594200,"Válvula recta gas M-M palanca patas 1/2"" latón",OK,2026-09-28T18:40:46,
PR000000091093,PR000001594201,"Válvula escuadra lavadora 1/2x3/4""",OK,2026-09-28T18:46:51,
PR000000091207,PR000001594202,"Válvula mixta 1/2"" lavadora lavabo",OK,2026-09-28T18:46:59,
PR000000091230,PR000001594203,"Válvula esfera M-H 3/4"" PN-25 paso total palanca rojo",OK,2026-09-28T18:47:06,
PR000000091240,PR000001594204,"Válvula esfera H-H 3/8"" PN-25 paso total rosca gas",OK,2026-09-28T18:47:14,
PR000000091277,PR000001594205,"Filtro polivalente para gasoil PN-16 H-H 1"" latón",OK,2026-09-28T18:47:21,
PR000000091298,PR000001594206,"Amortiguador anti golpe de arieTe ""STOP-GE""",OK,2026-09-28T18:47:29,
PR000000091299,PR000001594207,"Manguito liso H-H 1/2"" inoxidable",OK,2026-09-28T18:47:36,
PR000000091372,PR000001594208,"Machón reducido 1.1/2x1"" inoxidable",OK,2026-09-28T18:47:43,
PR000000091373,PR000001594209,"Machón reducido 3/4x1/2"" inoxidable",OK,2026-09-28T18:47:51,
PR000000091377,PR000001594210,"Entronque soldar-M 1.1/4"" inoxidable",OK,2026-09-28T18:47:58,
PR000000091490,PR000001594211,"Rácor T H 1.1/2""x50 latón",OK,2026-09-28T18:48:05,
PR000000091517,PR000001594212,"Rácor recto H 1.1/4""x40 PN16 latón",OK,2026-09-28T18:48:12,
PR000000091520,PR000001594213,Termómetro bimetálico 8034 posterior 63mm L100 0+60,OK,2026-09-28T18:48:20,
PR000000091578,PR000001594214,"Rácor L codo acoplamiento 1.1/4""x40 PN16 latón",OK,2026-09-28T18:48:27,
PR000000091684,PR000001594215,"Válvula esfera H-H 1/2"" PN-25 paso total rosca gas",OK,2026-09-28T18:48:35,
PR000000091687,PR000001594216,"Válvula mariposa Wafer 6""",OK,2026-09-28T18:48:42,
PR000000091708,PR000001594217,"Manguito antielectrólisis PN10 1/2"" poliamida funda cobre",OK,2026-09-28T18:48:49,
PR000000091746,PR000001594218,"Te H INOX 316 NPT 1""",OK,2026-09-28T18:48:57,
PR000000091765,PR000001594219,Manómetro inferior NPT diámetro 63 glicerina 0-6 inoxidable,OK,2026-09-28T18:49:04,
PR000000091955,PR000001594220,"Válvula mariposa Wafer 4""",OK,2026-09-28T18:49:11,
PR000000092013,PR000001594221,"Machón reducido 1.1/2x1.1/4"" inoxidable",OK,2026-09-28T18:55:24,
PR000000092060,PR000001594222,"Entronque manguera 1/4"" inoxidable",OK,2026-09-28T18:55:31,
PR000000092105,PR000001594223,"Tapón cabeza hexagonal 1/2"" inoxidable",OK,2026-09-28T18:55:39,
PR000000092129,PR000001594224,"Válvula retención H-1. 1/4"" PN-12/8 York",OK,2026-09-28T18:55:46,
PR000000092222,PR000001594225,"Válvula esfera PN25 paso total 1/2"" latón",OK,2026-09-28T18:55:53,
PR000000092231,PR000001594226,"Presostato 1/4"" presión máxima 4Kg diferencial variador",OK,2026-09-28T18:56:01,
PR000000092242,PR000001594227,"Tuerca reducción 1/4x1/8"" inoxidable",OK,2026-09-28T18:56:08,
PR000000092280,PR000001594228,"Termómetro bimetálico 1/2"" 8033 inferior 63mm L50mm 0+120",OK,2026-09-28T18:56:15,
PR000000092436,PR000001594229,Monomando fregadero sobre repisa caño 20mm esférica cromo,OK,2026-09-28T18:56:22,
PR000000092503,PR000001594230,"Válvula esfera M-H 1"" Prestige PN-25/16",OK,2026-09-28T18:56:29,
PR000000092529,PR000001594231,"Válvula esfera M-H palanca inox 1/2""",OK,2026-09-28T18:56:37,
PR000000092791,PR000001594232,"Válvula esfera H-H 1/2"" montaje actuador paso total",OK,2026-09-28T18:56:44,
PR000000092796,PR000001594233,"Junta tórica 3/4""x25",OK,2026-09-28T18:56:52,
PR000000092829,PR000001594234,"Rácor T triple 1.1/2""x50 latón",OK,2026-09-28T18:57:01,
PR000000092895,PR000001594235,Válvula esfera manguera Rapid-GE anti-hielo 1/2x3/4,OK,2026-09-28T18:57:09,
PR000000092905,PR000001594236,"Válvula esfera paso total M-H 3/8"" palanca inoxidable",OK,2026-09-28T18:57:17,
PR000000092923,PR000001594237,Grifo fregadero repisa caño tubo New Re-GeNT cromo,OK,2026-09-28T18:57:25,
PR000000093004,PR000001594238,"Válvula esfera mini H-1/2"" PN-16 DIN17660 latón",OK,2026-09-28T18:57:34,
PR000000093208,PR000001594239,Bobina para electroválvulas 5vías 220VCA,OK,2026-09-28T18:57:41,
PR000000093301,PR000001594240,"Racor CAMLOCK tipo A 2""",OK,2026-09-28T18:57:49,
PR000000093312,PR000001594241,"Válvula esfera tubería polietileno PN-16 1""x32",OK,2026-09-28T19:03:45,
PR000000093353,PR000001594242,"Manguito liso H-H 1.1/2"" inoxidable",OK,2026-09-28T19:03:53,
PR000000093389,PR000001594243,Termómetro bimetálico 8032 posterior 63mm L50mm 0+120,OK,2026-09-28T19:04:01,
PR000000093468,PR000001594244,"Válvula esfera H-H 3/4"" PN-40 paso total retención",OK,2026-09-28T19:04:09,
PR000000093475,PR000001594245,Teflón líquido 50ml,OK,2026-09-28T19:04:16,
PR000000093491,PR000001594246,"Manguito liso H-H 1/4"" inoxidable",OK,2026-09-28T19:04:23,
PR000000093534,PR000001594247,Monomando fregadero vertical caño cisne Tau cromo,OK,2026-09-28T19:04:30,
PR000000093565,PR000001594248,"Codo 90º M-H 3/4"" inoxidable",OK,2026-09-28T19:04:37,
PR000000093568,PR000001594249,"Machón doble INOX 316 1""",OK,2026-09-28T19:04:45,
PR000000093599,PR000001594250,"Válvula retención H-1. 1/2"" PN-25/12 Europa",OK,2026-09-28T19:04:52,
PR000000093612,PR000001594251,"Racor CAMLOCK tipo B 2""",OK,2026-09-28T19:04:59,
PR000000093749,PR000001594252,"Válvula mariposa Wafer 2.1/2""",OK,2026-09-28T19:05:08,
PR000000093756,PR000001594253,"Machón 1/2"" inoxidable",OK,2026-09-28T19:05:15,
PR000000093814,PR000001594254,"Válvula retención H 2 1/2 "" PN-12/8 York",OK,2026-09-28T19:05:22,
PR000000093834,PR000001594255,"Junta tórica 2""x63",OK,2026-09-28T19:05:29,
PR000000093916,PR000001594256,"Rácor recto H 1/2""x20 PN16 latón",OK,2026-09-28T19:05:36,
PR000000093987,PR000001594257,Manómetro diámetro 63 con glicerina 0-16 0-240 inoxidable,OK,2026-09-28T19:05:43,
PR000000094165,PR000001594258,"Válvula esfera M-H 1.1/4"" Prestige PN-25/16",OK,2026-09-28T19:05:50,
PR000000094291,PR000001594259,"Conector rosca M BSPT tubo 1/2x1/4"" inoxidable",OK,2026-09-28T19:05:57,
PR000000094432,PR000001594260,"Válvula esfera PN25 paso total 1"" latón",OK,2026-09-28T19:06:04,
PR000000094461,PR000001594261,"Puente prueba contador G4 7/8""",OK,2026-09-28T19:11:49,
PR000000094517,PR000001594262,"Válvula esfera mini M-H 3/4-3/4"" PN16 con tuerca loca",OK,2026-09-28T19:11:56,
PR000000094523,PR000001594263,"Válvula retención H-1"" PN-12/8 York",OK,2026-09-28T19:12:03,
PR000000094588,PR000001594264,"Enlace 3 piezas H 1.1/2"" inoxidable",OK,2026-09-28T19:12:10,
PR000000094603,PR000001594265,"Válvula esfera paso total 2 piezas 3/4"" inoxidable",OK,2026-09-28T19:12:18,
PR000000094620,PR000001594266,"Filtro polivalente para gasoil PN16 H-H 1.1/4"" latón",OK,2026-09-28T19:12:26,
PR000000094737,PR000001594267,"Válvula seguridad H-1. 1/2"" escape conducido",OK,2026-09-28T19:12:33,
PR000000094739,PR000001594268,"Válvula esfera H-H 1"" PN-25 paso total rosca gas",OK,2026-09-28T19:12:40,
PR000000094778,PR000001594269,"Válvula retención H-3/4"" PN-25/12 Europa",OK,2026-09-28T19:12:48,
PR000000094785,PR000001594270,"Enlace 3 piezas H 1"" inoxidable",OK,2026-09-28T19:12:55,
PR000000095180,PR000001594271,"Controlador automático bomba agua 1x1"" Manómetro",OK,2026-09-28T19:13:02,
PR000000095189,PR000001594272,"Machón 2"" inoxidable",OK,2026-09-28T19:13:10,
PR000000095201,PR000001594273,Interruptor nivel horizontal conmutable 194,OK,2026-09-28T19:13:17,
PR000000095216,PR000001594274,"Válvula esfera H-H 3/4"" PN-25 PS",OK,2026-09-28T19:13:24,
PR000000095234,PR000001594275,"Válvula esfera H-H 1"" PN-25 paso total palanca rojo",OK,2026-09-28T19:13:31,
PR000000095290,PR000001594276,"Válvula esfera paso total 2 piezas 1"" inoxidable",OK,2026-09-28T19:13:39,
PR000000095350,PR000001594277,"Te igual H 3/4"" inoxidable",OK,2026-09-28T19:13:46,
PR000000095469,PR000001594278,"Sifon botella lavabo y bide 1""1/4",OK,2026-09-28T19:13:53,
PR000000095539,PR000001594279,"Rácor recto M 1.1/4""x40 PN16 latón",OK,2026-09-28T19:14:00,
PR000000095573,PR000001594280,"Válvula esfera H-H 3/4"" PN-40 paso total palanca inoxidable",OK,2026-09-28T19:14:07,
PR000000095659,PR000001594281,"Codo 90º M-H 1/2"" inoxidable",OK,2026-09-28T19:20:20,
PR000000095685,PR000001594282,"Válvula con muelle para gas M-M 1/2"" latón",OK,2026-09-28T19:20:29,
PR000000095720,PR000001594283,Tubo corrugado flexible DN16,OK,2026-09-28T19:20:37,
PR000000095724,PR000001594284,"Machón 1.1/2"" inoxidable",OK,2026-09-28T19:20:45,
PR000000095737,PR000001594285,"Rácor T H 1.1/2""x50 PN16 latón",OK,2026-09-28T19:20:53,
PR000000095787,PR000001594286,Rácor H 3/4x25 latón,OK,2026-09-28T19:21:02,
PR000000095819,PR000001594287,"Machón doble INOX 316 3""",OK,2026-09-28T19:21:11,
PR000000095963,PR000001594288,Dispensador jabón automático 1100ml ABS blanco,OK,2026-09-28T19:21:19,
PR000000096247,PR000001594289,"Válvula termostática mezcladora 3/4""",OK,2026-09-28T19:21:27,
PR000000096253,PR000001594290,"Purgador automático aire 1/2"" energía solar",OK,2026-09-28T19:21:35,
PR000000096419,PR000001594291,"Válvula seguridad H/H 4bar 1/2""",OK,2026-09-28T19:21:44,
PR000000097236,PR000001594292,Fibra polipropileno SikaCim Fibras-6 (bolsa 150g),OK,2026-09-28T19:21:52,
PR000000097344,PR000001594293,Sellador SikaHyFlex®-250 gris (salchicha),OK,2026-09-28T19:22:00,
PR000000097345,PR000001594294,Grava natural Sikarep-5125 5-12mm (saco 25kg),OK,2026-09-28T19:22:09,
PR000000097554,PR000001594295,"Mortero híbrido SikaEmaco T 1600 (AB) transparente (lote 23,85Kg)",OK,2026-09-28T19:22:17,
PR000000097597,PR000001594296,Grout cementoso de retracción compensada para usar con agua Sika Grout-212 Fluid gris (saco 25Kg),OK,2026-09-28T19:22:25,
PR000000097599,PR000001594297,Revestimiento de adherencia y protección de armaduras Sika Monotop-1010 ES gris (cubo 4Kg),OK,2026-09-28T19:22:33,
PR000000097612,PR000001594298,Sellador de silicona de curado neutro para aplicaciones sanitarias SikaSeal 175 transparente (cartuc,OK,2026-09-28T19:22:41,
PR000000097617,PR000001594299,Revestimiento acrílico para impermeabilización DURALASTIC SikaFill 365 Terrace gris (bote 5Kg),OK,2026-09-28T19:22:49,
PR000000097620,PR000001594300,Revestimiento acrílico para impermeabilización DURALASTIC SikaFill 365 Terrace rojo (bote 20Kg),OK,2026-09-28T19:22:56,
PR000000097623,PR000001594301,Revestimiento acrílico con fibras para impermeabilización DURALASTIC Sikafill-370 Fibers blanco (b,OK,2026-09-28T19:28:41,
PR000000097624,PR000001594302,Revestimiento acrílico con fibras para impermeabilización DURALASTIC Sikafill-370 Fibers rojo (bot,OK,2026-09-28T19:28:49,
PR000000097696,PR000001594303,Masilla SikaFlex 11 FC blanco (unipac 300cm2),OK,2026-09-28T19:28:58,
PR000000097751,PR000001594304,Puente de unión para morteros monocapa Cotegran IMPRIMACION gris (saco 25Kg),OK,2026-09-28T19:29:06,
PR000000097760,PR000001594305,"Espuma de poliuretano, monocomponente y expansiva SikaBoom-580 amarillo claro (aerosol 750cm2)",OK,2026-09-28T19:29:14,
PR000000097764,PR000001594306,Revestimiento acrílico con fibras para impermeabilización DURALASTIC Sikafill-370 Fibers blanco (b,OK,2026-09-28T19:29:22,
PR000000097765,PR000001594307,Revestimiento acrílico con fibras para impermeabilización DURALASTIC Sikafill-370 Fibers gris (bot,OK,2026-09-28T19:29:29,
PR000000097769,PR000001594308,Revestimiento acrílico con fibras para impermeabilización DURALASTIC Sikafill-370 Fibers rojo (bot,OK,2026-09-28T19:29:37,
PR000000098030,PR000001594309,Aglomerado asfalto Sika bitumix negro bote 25kg,OK,2026-09-28T19:29:45,
PR000000098408,PR000001594310,Adhesivo especial para pegado elástico metales Sikaflex-117 Metal Force gris claro (cartucho 290ml),OK,2026-09-28T19:29:53,
PR000000098480,PR000001594311,Malla fibra de vidrio Coteterm Malla STD 167 empleada como refuerzo blanco rollo (50 m2),OK,2026-09-28T19:30:00,
PR000000098587,PR000001594312,Mortero de Cal aérea natural con funciones de enfoscado y revoco ocre saco 25 Kg,OK,2026-09-28T19:30:08,
PR000000098608,PR000001594313,Arena SikaDur 506 (saco 28kg),OK,2026-09-28T19:30:15,
PR000000098632,PR000001594314,Grout cementoso altas prestaciones SikaGrout-340 gris 25Kg,OK,2026-09-28T19:30:23,
PR000000098668,PR000001594315,Limpiador y desengrasante SikaGuard 190 azul (garrafa 5l),OK,2026-09-28T19:30:30,
PR000000098674,PR000001594316,Masilla SikaFlex 11 FC beige (cartucho 300cm2),OK,2026-09-28T19:30:37,
PR000000098681,PR000001594317,Marco fibras SikaFiber Force 48 (bolsa 5Kg),OK,2026-09-28T19:30:45,
PR000000098693,PR000001594318,Masilla multiusos SikaFlex-111 cartucho 290cm2 gris stickseal,OK,2026-09-28T19:30:52,
PR000000098791,PR000001594319,"Manguito reducido H-H 1/2x3/4"" latón cromado",OK,2026-09-28T19:30:59,
PR000000098812,PR000001594320,"Tapón M 3/4"" latón cromado",OK,2026-09-28T19:31:06,
PR000000098900,PR000001594321,"Unión 3 piezas M-H Eco 1/2E"" latón",OK,2026-09-28T19:37:19,
PR000000098904,PR000001594322,"Contrarrosca M-M junta plana 3/4"" latón",OK,2026-09-28T19:37:27,
PR000000098929,PR000001594323,Fibra cáñamo refinado,OK,2026-09-28T19:37:34,
PR000000098956,PR000001594324,"Contrarrosca reducida M-M 3/8x1/2"" latón cromado",OK,2026-09-28T19:37:41,
PR000000099021,PR000001594325,"Unión 3 piezas M-H Eco 3/4E"" latón",OK,2026-09-28T19:37:48,
PR000000099051,PR000001594326,"Reducción hexagonal M-H 1/2x1/4"" latón cromado",OK,2026-09-28T19:37:55,
PR000000099064,PR000001594327,"Grifo codo manguera 1/2"" cromado",OK,2026-09-28T19:38:02,
PR000000099069,PR000001594328,"Junta plana 3/4"" blanco",OK,2026-09-28T19:38:10,
PR000000099087,PR000001594329,"Codo mural tubo polietileno H 20x1/2""",OK,2026-09-28T19:38:16,
PR000000099123,PR000001594330,"Codo tubo polietileno H 32x1""",OK,2026-09-28T19:38:23,
PR000000099191,PR000001594331,"Racor Marsella M-H 1/2"" latón cromado",OK,2026-09-28T19:38:30,
PR000000099197,PR000001594332,"Contrarrosca M-M junta plana 1"" latón",OK,2026-09-28T19:38:38,
PR000000099199,PR000001594333,"Codo M-H 1/4"" latón",OK,2026-09-28T19:38:45,
PR000000099226,PR000001594334,"Reducción hexagonal M-H 1x1/2"" latón cromado",OK,2026-09-28T19:38:52,
PR000000099227,PR000001594335,"Contrarrosca reducida M-M 1/2x3/4"" latón cromado",OK,2026-09-28T19:38:59,
PR000000099232,PR000001594336,"Codo M-H 3/8"" latón cromado FIG 92",OK,2026-09-28T19:39:05,
PR000000099234,PR000001594337,"Racor Marsella reducido M-H 3/4x1"" latón cromado",OK,2026-09-28T19:39:13,
PR000000099240,PR000001594338,"Racor Marsella reducido M-H 3/4x1/2"" latón cromado",OK,2026-09-28T19:39:20,
PR000000099294,PR000001594339,"Contrarrosca M-M 1"" latón",OK,2026-09-28T19:39:27,
PR000000099314,PR000001594340,"Contrarrosca M-M junta plana 1/2"" latón",OK,2026-09-28T19:39:34,
PR000000099320,PR000001594341,"Reducción hexagonal M-H 1/2x3/8"" latón cromado",OK,2026-09-28T19:45:24,
PR000000099325,PR000001594342,"Flotador guía articulada 1""",OK,2026-09-28T19:45:32,
PR000000099331,PR000001594343,"Unión tubo polietileno M 20x1/2""",OK,2026-09-28T19:45:40,
PR000000099332,PR000001594344,"Te tubo-tubo polietileno 40""",OK,2026-09-28T19:45:48,
PR000000099333,PR000001594345,"Codo tubo-tubo polietileno 32""",OK,2026-09-28T19:45:56,
PR000000099336,PR000001594346,"Te tubo polietileno H 32x1""",OK,2026-09-28T19:46:04,
PR000000099337,PR000001594347,"Codo tubo-tubo polietileno 40""",OK,2026-09-28T19:46:12,
PR000000099344,PR000001594348,"Manguito electrolítico M-H 1/2""",OK,2026-09-28T19:46:21,
PR000000099363,PR000001594349,"Racor 2 piezas manguera 1.1/2""x35",OK,2026-09-28T19:46:29,
PR000000099380,PR000001594350,Tapón 301-CU H diámetro 18 cobre,OK,2026-09-28T19:46:37,
PR000000099381,PR000001594351,Tapón 301-CU H diámetro 15 cobre,OK,2026-09-28T19:46:45,
PR000000099388,PR000001594352,"Te 130-G-CU H 1/2""x16 cobre",OK,2026-09-28T19:46:53,
PR000000099391,PR000001594353,"Codo mural 472-G-CU 1/2""x15 cobre",OK,2026-09-28T19:47:02,
PR000000099399,PR000001594354,"Enlace 270-G-CU H 1.1/4""x35 latón",OK,2026-09-28T19:47:09,
PR000000099405,PR000001594355,"Unión 3 piezas M-H 1.1/2"" latón",OK,2026-09-28T19:47:17,
PR000000099410,PR000001594356,"Codo tubo polietileno H 40x1.1/4""",OK,2026-09-28T19:47:26,
PR000000099411,PR000001594357,"Codo tubo-tubo polietileno 50""",OK,2026-09-28T19:47:34,
PR000000099427,PR000001594358,"Válvula de esfera de paso total H-H 2.1/2""",OK,2026-09-28T19:47:42,
PR000000099441,PR000001594359,"Grifo esfera manguera 3/4x1""",OK,2026-09-28T19:47:50,
PR000000099443,PR000001594360,"Válvula de esfera mariposa M-H 1""",OK,2026-09-28T19:47:58,
PR000000099459,PR000001594361,"Racor recto 359-GLCU con precinto 1/2""x15 cobre",OK,2026-09-28T19:53:53,
PR000000099484,PR000001594362,"Flotador silencioso 3/8"" tanque alto cierre anticorrosión",OK,2026-09-28T19:54:01,
PR000000099506,PR000001594363,"Racor recto 359-GLCU 2 piezas 1/2""x16 cobre",OK,2026-09-28T19:54:08,
PR000000099519,PR000001594364,"Entronque manguera M 1.1/2""x45",OK,2026-09-28T19:54:15,
PR000000099522,PR000001594365,"Cruz H 1"" latón",OK,2026-09-28T19:54:22,
PR000000099541,PR000001594366,"Entronque 243-G-CU M 1""x28 latón",OK,2026-09-28T19:54:31,
PR000000099569,PR000001594367,"Unión 3 piezas M-H 1/2"" latón",OK,2026-09-28T19:54:39,
PR000000099571,PR000001594368,"Válvula de esfera mini M-H 1/2""",OK,2026-09-28T19:54:47,
PR000000099574,PR000001594369,"Entronque manguera M 1/2""x15",OK,2026-09-28T19:54:55,
PR000000099584,PR000001594370,"Válvula de retención 1.1/4""",OK,2026-09-28T19:55:03,
PR000000099599,PR000001594371,"Unión tubo polietileno M 50x1.1/2""",OK,2026-09-28T19:55:11,
PR000000099600,PR000001594372,"Unión tubo polietileno M 32x1""",OK,2026-09-28T19:55:19,
PR000000099629,PR000001594373,"Te tubo-tubo polietileno 32""",OK,2026-09-28T19:55:27,
PR000000099633,PR000001594374,"Unión tubo polietileno H 20x1/2""",OK,2026-09-28T19:55:35,
PR000000099634,PR000001594375,"Unión tubo-tubo polietileno M 40""",OK,2026-09-28T19:55:44,
PR000000099638,PR000001594376,"Unión tubo polietileno M 40x1.1/4""",OK,2026-09-28T19:55:52,
PR000000099642,PR000001594377,"Unión tubo polietileno H 50x1.1/2""",OK,2026-09-28T19:56:00,
PR000000099665,PR000001594378,"Válvula de esfera de paso total M-H 1""",OK,2026-09-28T19:56:09,
PR000000099670,PR000001594379,"Entronque manguera M 3/8""x13",OK,2026-09-28T19:56:17,
PR000000099673,PR000001594380,"Boya 1.1/4-1. 1/2-2"" diámetro 200 rosca 9/100 plástico",OK,2026-09-28T19:56:26,
PR000000099688,PR000001594381,Tapón 301-CU H diámetro 22 cobre,OK,2026-09-28T20:02:29,
PR000000099696,PR000001594382,"Te 130-G-CU H 1.1/2""x42 cobre",OK,2026-09-28T20:02:36,
PR000000099714,PR000001594383,"Codo 90-G-CU H 1/2""x15 cobre",OK,2026-09-28T20:02:44,
PR000000099728,PR000001594384,"Codo tubo polietileno M 32x1""",OK,2026-09-28T20:02:52,
PR000000099732,PR000001594385,"Válvula de esfera mini M-H 3/8""",OK,2026-09-28T20:03:02,
PR000000099779,PR000001594386,"Racor recto 359-GLCU 2 piezas 1/2""x18 cobre",OK,2026-09-28T20:03:11,
PR000000099793,PR000001594387,"Grifo lavadora 1/2-3/4-3/8"" con válvula escuadra",OK,2026-09-28T20:03:19,
PR000000099848,PR000001594388,"Entronque 243-G-CU M 3""x76 latón",OK,2026-09-28T20:03:28,
PR000000099851,PR000001594389,"Entronque 243-G-CU M 3/4""x22 latón",OK,2026-09-28T20:03:37,
PR000000099874,PR000001594390,"Racor recto 359-GLCU con precinto 1.1/4""x35 cobre",OK,2026-09-28T20:03:45,
PR000000099876,PR000001594391,"Racor recto 359-GLCU con precinto 1/2""x18 cobre",OK,2026-09-28T20:03:52,
PR000000099881,PR000001594392,"Unión 3 piezas M-H 3/4"" latón",OK,2026-09-28T20:04:00,
PR000000099899,PR000001594393,"Codo tubo polietileno M 40x1.1/4""",OK,2026-09-28T20:04:07,
PR000000099920,PR000001594394,"Entronque 243-G-CU M 3/4""x18 latón",OK,2026-09-28T20:04:14,
PR000000099947,PR000001594395,"Válvula de esfera mini H-H 1/4""",OK,2026-09-28T20:04:22,
PR000000099959,PR000001594396,"Racor Marsella reducido M-H 3/4x1"" latón",OK,2026-09-28T20:04:31,
PR000000099960,PR000001594397,"Contrarrosca M-M 2.1/2"" latón",OK,2026-09-28T20:04:40,
PR000000099961,PR000001594398,"Manguito reducido H-H 3/8x1/2"" latón",OK,2026-09-28T20:04:49,
PR000000099973,PR000001594399,"Contrarrosca M-M 2"" latón",OK,2026-09-28T20:04:58,
PR000000099975,PR000001594400,"Manguito reducido H-H 3/4x1"" latón",OK,2026-09-28T20:05:06,
PR000000099982,PR000001594401,"Reducción hexagonal M-H 2x1.1/4"" latón",OK,2026-09-28T20:11:48,
PR000000099983,PR000001594402,"Reducción hexagonal M-H 1.1/4x1"" latón",OK,2026-09-28T20:11:57,
PR000000099984,PR000001594403,"Codo M-H 1.1/4"" latón",OK,2026-09-28T20:12:06,
PR000000099985,PR000001594404,"Reducción hexagonal M-H 3/4x1/2"" latón",OK,2026-09-28T20:12:14,
PR000000099987,PR000001594405,"Manguito H-H 1"" latón",OK,2026-09-28T20:12:22,
PR000000099991,PR000001594406,"Contrarrosca M-M 1.1/4"" latón",OK,2026-09-28T20:12:30,
PR000000100000,PR000001594407,"Te H-H-H 1"" latón",OK,2026-09-28T20:12:39,
PR000000100007,PR000001594408,"Tapón M 1"" latón",OK,2026-09-28T20:12:47,
PR000000100035,PR000001594409,"Tapón M 1/4"" latón",OK,2026-09-28T20:12:55,
PR000000100037,PR000001594410,"Reducción hexagonal M-H 3x2.1/2"" latón",OK,2026-09-28T20:13:02,
PR000000100038,PR000001594411,"Reducción hexagonal M-H 1.1/2x1.1/4"" latón",OK,2026-09-28T20:13:09,
PR000000100045,PR000001594412,"Codo M-H 3/4"" latón",OK,2026-09-28T20:13:16,
PR000000100050,PR000001594413,"Tapón H 3/8"" latón",OK,2026-09-28T20:13:23,
PR000000100051,PR000001594414,"Tapón M 1/2"" latón",OK,2026-09-28T20:13:31,
PR000000100057,PR000001594415,"Racor Marsella reducido M-H 1x1.1/2"" latón",OK,2026-09-28T20:13:39,
PR000000100058,PR000001594416,"Racor Marsella M-H 1.1/2"" latón",OK,2026-09-28T20:13:47,
PR000000100059,PR000001594417,"Racor Marsella M-H 1/2""x2cm latón",OK,2026-09-28T20:13:55,
PR000000100063,PR000001594418,"Codo M-H 1.1/2"" latón",OK,2026-09-28T20:14:03,
PR000000100064,PR000001594419,"Manguito H-H 3/4"" latón",OK,2026-09-28T20:14:10,
PR000000100069,PR000001594420,"Racor Marsella M-H 1"" latón",OK,2026-09-28T20:14:17,
PR000000100070,PR000001594421,"Reducción hexagonal M-H 1.1/2x1/2"" latón",OK,2026-09-28T20:20:47,
PR000000100082,PR000001594422,"Contrarrosca reducida M-M 1.1/2x2"" latón",OK,2026-09-28T20:20:56,
PR000000100083,PR000001594423,"Contrarrosca M-M 1.1/2"" latón",OK,2026-09-28T20:21:04,
PR000000100090,PR000001594424,"Racor Marsella reducido M-H 1x1.1/4"" latón",OK,2026-09-28T20:21:12,
PR000000100097,PR000001594425,"Reducción hexagonal M-H 1.1/2x1"" latón",OK,2026-09-28T20:21:20,
PR000000100107,PR000001594426,"Codo H-H 1"" latón",OK,2026-09-28T20:21:28,
PR000000100116,PR000001594427,"Reducción hexagonal M-H 1.1/4x1/2"" latón",OK,2026-09-28T20:21:37,
PR000000100117,PR000001594428,"Contrarrosca M-M 1/2"" latón",OK,2026-09-28T20:21:45,
PR000000100125,PR000001594429,"Reducción hexagonal M-H 1x1/2"" latón",OK,2026-09-28T20:21:53,
PR000000100126,PR000001594430,"Racor Marsella reducido M-H 2x2.1/2"" latón",OK,2026-09-28T20:22:01,
PR000000100130,PR000001594431,"Contrarrosca reducida M-M 3/4x1.1/2"" latón",OK,2026-09-28T20:22:09,
PR000000100143,PR000001594432,"Contrarrosca reducida M-M 1/2x3/4"" latón",OK,2026-09-28T20:22:17,
PR000000100151,PR000001594433,"Tapón M 2"" latón",OK,2026-09-28T20:22:24,
PR000000100170,PR000001594434,"Reducción hexagonal M-H 2x1"" latón",OK,2026-09-28T20:22:32,
PR000000100172,PR000001594435,"Reducción hexagonal M-H 2x1.1/2"" latón",OK,2026-09-28T20:22:40,
PR000000100173,PR000001594436,"Reducción hexagonal M-H 1.1/2x3/4"" latón",OK,2026-09-28T20:22:48,
PR000000100174,PR000001594437,"Reducción hexagonal M-H 2x3/4"" latón",OK,2026-09-28T20:22:56,
PR000000100176,PR000001594438,"Reducción hexagonal M-H 1/2x1/4"" latón",OK,2026-09-28T20:23:04,
PR000000100181,PR000001594439,"Codo M-H 1"" latón",OK,2026-09-28T20:23:12,
PR000000100182,PR000001594440,"Reducción hexagonal M-H 1x3/4"" latón",OK,2026-09-28T20:23:20,
PR000000100184,PR000001594441,"Te H-H-H 1.1/2"" latón",OK,2026-09-28T20:29:34,
PR000000100199,PR000001594442,"Codo H-H 3/4"" latón",OK,2026-09-28T20:29:42,
PR000000100205,PR000001594443,"Reducción hexagonal M-H 3/8x1/4"" latón",OK,2026-09-28T20:29:49,
PR000000100266,PR000001594444,Mordaza para viga diámetro M8,OK,2026-09-28T20:29:55,
PR000000100273,PR000001594445,Abrazadera cincado blanco M6 diámetro 16mm,OK,2026-09-28T20:30:02,
PR000000100280,PR000001594446,Clip pinza M-6 14-20,OK,2026-09-28T20:30:10,
PR000000100281,PR000001594447,Clip pinza M-6 7-13,OK,2026-09-28T20:30:16,
PR000000100307,PR000001594448,Arandela plana M-12 cincada,OK,2026-09-28T20:30:23,
PR000000100318,PR000001594449,Abrazadera isofónica inoxidable 60-64mm diámetro 60,OK,2026-09-28T20:30:30,
PR000000100364,PR000001594450,Abrazadera reforzada inoxidable diámetro 35,OK,2026-09-28T20:30:37,
PR000000100365,PR000001594451,Abrazadera reforzada inoxidable diámetro 28,OK,2026-09-28T20:30:45,
PR000000100373,PR000001594452,Tornillo brida M-6x30,OK,2026-09-28T20:30:51,
PR000000100376,PR000001594453,Abrazadera aislante gasmica diámetro 18mm amarilla,OK,2026-09-28T20:30:59,
PR000000100398,PR000001594454,Grapa diámetro 32mm,OK,2026-09-28T20:31:06,
PR000000100492,PR000001594455,Abrazadera KSB2 ZP EPDM M8/10 20-23mm,OK,2026-09-28T20:31:13,
PR000000100494,PR000001594456,Abrazadera 2S ZP EPDM M8/10 163-172mm,OK,2026-09-28T20:31:20,
PR000000100499,PR000001594457,Abrazadera 2S ZP EPDM M8/10 47-52mm,OK,2026-09-28T20:31:27,
PR000000100578,PR000001594458,Conector U BIS Strut para carril 41x21/41x21D (BUP1000),OK,2026-09-28T20:31:34,
PR000000100583,PR000001594459,Arandela plana BIS (BUP1000) M16,OK,2026-09-28T20:31:41,
PR000000100599,PR000001594460,Carril de fijación WM15 en acero inoxidable BIS RapidStrut® 30x20mm,OK,2026-09-28T20:31:49,
PR000000100716,PR000001594461,Placa pared BIS RAPIDRAIL VM0-30,OK,2026-09-28T20:38:09,
PR000000100733,PR000001594462,Varilla roscada 322 BIS M10x2m,OK,2026-09-28T20:38:16,
PR000000100745,PR000001594463,Mordaza para viga diámetro M10,OK,2026-09-28T20:38:23,
PR000000100775,PR000001594464,Grapa puente diámetro 25mm,OK,2026-09-28T20:38:30,
PR000000100785,PR000001594465,Abrazadera M-6 diámetro 40mm,OK,2026-09-28T20:38:37,
PR000000100793,PR000001594466,Tuerca guía M-8,OK,2026-09-28T20:38:44,
PR000000100806,PR000001594467,Abrazadera isofónica M-6 diámetro 14-15mm,OK,2026-09-28T20:38:52,
PR000000100807,PR000001594468,Tornillo doble rosca M-8x60,OK,2026-09-28T20:38:58,
PR000000100833,PR000001594469,Abrazadera reforzada inoxidable diámetro 54,OK,2026-09-28T20:39:06,
PR000000100836,PR000001594470,Grapa diámetro 50mm,OK,2026-09-28T20:39:13,
PR000000100839,PR000001594471,Varilla roscada M-8x1000,OK,2026-09-28T20:39:20,
PR000000100847,PR000001594472,Tornillo 5x35,OK,2026-09-28T20:39:26,
PR000000100853,PR000001594473,Abrazadera aislante gasmica diámetro 15mm,OK,2026-09-28T20:39:34,
PR000000100855,PR000001594474,Abrazadera M-6 diámetro 32mm,OK,2026-09-28T20:39:41,
PR000000100859,PR000001594475,Abrazadera M-6 diámetro 10mm,OK,2026-09-28T20:39:48,
PR000000100860,PR000001594476,"Cinta perforada galvanizado 17x0,8 10m",OK,2026-09-28T20:39:55,
PR000000100862,PR000001594477,Anclaje tornillo M-8x60,OK,2026-09-28T20:40:02,
PR000000100897,PR000001594478,Carril fijación BIS RAPIDRAIL VM35 38x40mm 2m,OK,2026-09-28T20:40:09,
PR000000100949,PR000001594479,Abrazadera SIN-FIN diámetro 20-32mm,OK,2026-09-28T20:40:17,
PR000000100983,PR000001594480,Soporte soldado RapidRail® WM2 400mm (BUP1000),OK,2026-09-28T20:40:24,
PR000000100987,PR000001594481,Soporte soldado RapidStrut® 41x41BUP 600mm,OK,2026-09-28T20:46:29,
PR000000100990,PR000001594482,Carril de fijación RapidRail® 27/18 2m Pg 27x18mm,OK,2026-09-28T20:46:37,
PR000000101047,PR000001594483,Tuerca hexagonal M-12,OK,2026-09-28T20:46:45,
PR000000101053,PR000001594484,Abrazadera SIN-FIN diámetro 25-45mm,OK,2026-09-28T20:46:54,
PR000000101077,PR000001594485,Tuerca hexagonal M12 acero inox,OK,2026-09-28T20:47:02,
PR000000101183,PR000001594486,Anclaje macho SST WTB1 SST 8x75mm inoxidable,OK,2026-09-28T20:47:10,
PR000000107704,PR000001594487,Boya SK-SW plástico,OK,2026-09-28T20:47:18,
PR000000112084,PR000001594488,Varistor DILM32-XSPV240,OK,2026-09-28T20:47:26,
PR000000113574,PR000001594489,Interruptor levas 2P 20A empotrar T0-1-102/EA/SVB-SW,OK,2026-09-28T20:47:34,
PR000000113986,PR000001594490,Cinta aislante autosellante 7m negra,OK,2026-09-28T20:47:42,
PR000000114392,PR000001594491,Disyuntor en miniatura LCXH16C0-4A5N2,OK,2026-09-28T20:47:51,
PR000000119980,PR000001594492,Interruptor levas 20A montaje panel T0-2-8231/Z,OK,2026-09-28T20:47:59,
PR000000120478,PR000001594493,Tarjeta de memoria micro SD de 2GB con adaptador,OK,2026-09-28T20:48:06,
PR000000120638,PR000001594494,Tornillo para carril de anclaje M10x30,OK,2026-09-28T20:48:13,
PR000000120760,PR000001594495,Fusible NH 160A 500V AC gG 1 indicador dual,OK,2026-09-28T20:48:20,
PR000000127744,PR000001594496,Tornillo cabeza hexagonal M8x45,OK,2026-09-28T20:48:27,
PR000000127846,PR000001594497,Tornillo cabeza hexagonal M8x20-8,OK,2026-09-28T20:48:34,
PR000000130437,PR000001594498,Fusible Cooper Bussmann 25A 25H07C,OK,2026-09-28T20:48:41,
PR000000135206,PR000001594499,Fusible NH 250A 500V gL/gG tamaño 02 terminales metálicos aislados,OK,2026-09-28T20:48:49,
PR000000135233,PR000001594500,Fusible NH 160A 500V gL/gG tamaño 0,OK,2026-09-28T20:48:57,
PR000000135991,PR000001594501,"Fusible 7,2KV 2A 8""",OK,2026-09-28T20:54:38,
PR000000138336,PR000001594502,Perfil vertical XVTL-VP14,OK,2026-09-28T20:54:46,
PR000000139203,PR000001594503,"Ventilador centrífugo acoplamiento 4 polos FRC 351/4 N5A 0,37",OK,2026-09-28T20:54:55,
PR000000139386,PR000001594504,Campana decorativa HA-600-E inoxidable,OK,2026-09-28T20:55:03,
PR000000139495,PR000001594505,Persiana sobrepresión SG 1120mm,OK,2026-09-28T20:55:11,
PR000000139806,PR000001594506,Sonda NTC cable 2m,OK,2026-09-28T20:55:19,
PR000000139809,PR000001594507,Interruptor nivel sin mercurio ni plomo 6m cable,OK,2026-09-28T20:55:27,
PR000000139829,PR000001594508,Controlador temperatura 1 relé SPST 16A sonda NTC,OK,2026-09-28T20:55:35,
PR000000139842,PR000001594509,Rollo papel térmico para repuesto (10 unidades),OK,2026-09-28T20:55:43,
PR000000140826,PR000001594510,LUMINARIA HF-165-AC 1x58W FLUORESCENTE,OK,2026-09-28T20:55:52,
PR000000141808,PR000001594511,Cincel pala estándar SDS-PLUS 250x40mm,OK,2026-09-28T20:56:01,
PR000000141850,PR000001594512,"Disco abrasivo corte recto RAPIDO 125x0,8 inoxidable",OK,2026-09-28T20:56:09,
PR000000141877,PR000001594513,Cincel plano estándar SDS-PLUS 250x20mm,OK,2026-09-28T20:56:17,
PR000000141973,PR000001594514,Conjunto puntas MINI X-LINE para atornillador (25u),OK,2026-09-28T20:56:26,
PR000000142028,PR000001594515,"Disco corte diamante profesional mármol 115x2,2x3mm",OK,2026-09-28T20:56:34,
PR000000142311,PR000001594516,Cincel SDS-MAX puntero 400,OK,2026-09-28T20:56:43,
PR000000142458,PR000001594517,Corona diamante DRYSPEED para cerámica dura 20mm,OK,2026-09-28T20:56:51,
PR000000142465,PR000001594518,Kit corona perforada hueca SDS-MAX diámetro 125x80mm,OK,2026-09-28T20:56:59,
PR000000142497,PR000001594519,Cincel SDS-MAX plano 400x26mm,OK,2026-09-28T20:57:08,
PR000000142617,PR000001594520,Broca metal HSS-Co 3.0x33x61mm,OK,2026-09-28T20:57:15,
PR000000142778,PR000001594521,"Broca HSS-G DIN340 5,0x87x132mm",OK,2026-09-28T21:03:49,
PR000000142782,PR000001594522,"Broca HSS-G DIN340 4,0x78x119mm",OK,2026-09-28T21:03:57,
PR000000142806,PR000001594523,Corona perforar 1 pieza SDS-MAX 45x160x290mm,OK,2026-09-28T21:04:04,
PR000000142812,PR000001594524,Cincel SDS-PLUS puntero 250mm,OK,2026-09-28T21:04:11,
PR000000143015,PR000001594525,"Cincel SDS-MAX para clavo 260x16,5mm",OK,2026-09-28T21:04:18,
PR000000143020,PR000001594526,Hoja sierra sable S522BF (2u),OK,2026-09-28T21:04:25,
PR000000143030,PR000001594527,Hoja sierra sable S1122EF (2u),OK,2026-09-28T21:04:32,
PR000000143031,PR000001594528,Hoja sierra sable S1122BF (5u),OK,2026-09-28T21:04:40,
PR000000143035,PR000001594529,Hoja sierra sable S1411DF (2u),OK,2026-09-28T21:04:47,
PR000000143041,PR000001594530,Hoja sierra sable S123XF (2u),OK,2026-09-28T21:04:55,
PR000000143227,PR000001594531,Hoja sierra sable S522BF (5u),OK,2026-09-28T21:05:02,
PR000000143296,PR000001594532,"Hoja sierra circular 216x2,4x1,8/30 80TR-F",OK,2026-09-28T21:05:09,
PR000000143556,PR000001594533,"Cepillo vaso alambre trenzado 75x0,5x12500",OK,2026-09-28T21:05:17,
PR000000143813,PR000001594534,Broca SILVER percusión hormigón 12x90x150mm,OK,2026-09-28T21:05:24,
PR000000144136,PR000001594535,Corona bimetálico diámetro 127mm,OK,2026-09-28T21:05:31,
PR000000144137,PR000001594536,Corona bimetálico diámetro 108mm,OK,2026-09-28T21:05:38,
PR000000144308,PR000001594537,Corona bimetálico diámetro 114mm,OK,2026-09-28T21:05:45,
PR000000144476,PR000001594538,Alambre plástico para soldar PVC duro 225x4mm,OK,2026-09-28T21:05:52,
PR000000144499,PR000001594539,Destornillador,OK,2026-09-28T21:05:59,
PR000000144645,PR000001594540,"Punta atornillar LS 1,2x8 25mm (3u)",OK,2026-09-28T21:06:06,
PR000000144654,PR000001594541,Taco para lijado manual,OK,2026-09-28T21:12:33,
PR000000144836,PR000001594542,Corona Progressor 32mm para madera y metal,OK,2026-09-28T21:12:41,
PR000000144873,PR000001594543,Juego brocas metálicas HSS PointTeQ ProBox(19u),OK,2026-09-28T21:12:49,
PR000000145080,PR000001594544,"Broca hexagonal 1/4"" para metal Impact HSS hexagonal 5mm",OK,2026-09-28T21:12:57,
PR000000145493,PR000001594545,Broca SDS PLUS-5X 12x150x210mm,OK,2026-09-28T21:13:04,
PR000000145564,PR000001594546,Broca SDS PLUS-5X 10x150x210mm,OK,2026-09-28T21:13:11,
PR000000145665,PR000001594547,Broca SDS PLUS-5X 8x150x210mm,OK,2026-09-28T21:13:18,
PR000000145669,PR000001594548,Broca SDS PLUS-5X 12x200x260mm,OK,2026-09-28T21:13:25,
PR000000145697,PR000001594549,Broca SDS PLUS-5X 6x150x210mm,OK,2026-09-28T21:13:32,
PR000000145969,PR000001594550,Sierra circular GKS65GCE 1900W(en caja),OK,2026-09-28T21:13:39,
PR000000145977,PR000001594551,Martillo picador GSH27VC 2000W,OK,2026-09-28T21:13:46,
PR000000146001,PR000001594552,Martillo picador GSH11E 1500W,OK,2026-09-28T21:13:53,
PR000000146170,PR000001594553,Medidor láser de distancias GLM 40 Professional,OK,2026-09-28T21:14:00,
PR000000146215,PR000001594554,"Batería 18V ProCORE PERFORMANCE 8,0Ah Professional 85% de potencia adicional 117x77x69mm 0,955Kg",OK,2026-09-28T21:14:07,
PR000000146273,PR000001594555,Martillo picador GSH11VC 1700W,OK,2026-09-28T21:14:14,
PR000000146559,PR000001594556,Microondas con plato giratorio BEL554MB0 Serie 6 acabado cristal negro,OK,2026-09-28T21:14:21,
PR000000146973,PR000001594557,Caja de control AHU Kit 01 D 20Kw,OK,2026-09-28T21:14:28,
PR000000147078,PR000001594558,"Derivador AF-BJO 03 para unidad interior 22,4-33KW",OK,2026-09-28T21:14:35,
PR000000147901,PR000001594559,Kit de conexión en sobrepresión para calderas murales desde 70kW,OK,2026-09-28T21:14:42,
PR000000148249,PR000001594560,Hidrolimpiadora de agua fría Universal Aquatak 130,OK,2026-09-28T21:14:50,
PR000000148276,PR000001594561,Amoladora a batería GWS 12V-76 Professional 2 discos de corte para metal 1 disco de corte multi-mat,OK,2026-09-28T21:21:14,
PR000000148291,PR000001594562,Decapador de aire caliente GHG 20-63 Professional,OK,2026-09-28T21:21:22,
PR000000148452,PR000001594563,"Cable de facil pelado y alta flexibilidad Nexans RV-K 4G2 5 CPR Eca al corte tension nominal de 0,6/",OK,2026-09-28T21:21:31,
PR000000148468,PR000001594564,Cable de facil pelado y alta flexibilidad Nexans RV-K MOBIWAY MOB 3G2 5 (Bobina 200m) tension nomina,OK,2026-09-28T21:21:39,
PR000000148489,PR000001594565,"Cable de alta seguridad Nexans RZ1-K (AS) 3G2.5 CPR Cca R100, no propagador de incendio, cubierta de",OK,2026-09-28T21:21:47,
PR000000148513,PR000001594566,"Cable de alta seguridad Nexans RZ1-K (AS) 3G2.5 CPR Cca al corte, no propagador de incendio, cubiert",OK,2026-09-28T21:21:55,
PR000000148524,PR000001594567,Cable cobre desnudo 35 mm2,OK,2026-09-28T21:22:03,
PR000000148614,PR000001594568,"Cable flexible Nexans PV H1Z2Z2-K Energyflex 1x6 negro 1,5kV DC",OK,2026-09-28T21:22:11,
PR000000148620,PR000001594569,"Cable flexible Nexans PV H1Z2Z2-K Energyflex 1x6 negro ribete rojo 1,5kV DC",OK,2026-09-28T21:22:19,
PR000000148645,PR000001594570,Cable flexible elastómero H07RN-F TITANEX 7G2.5 al corte con alma de cobre,OK,2026-09-28T21:22:27,
PR000000148771,PR000001594571,"Cable flexible CBL PASSEO H07V-K 1x1,5mm2 cobre negro (Rollo 200m)",OK,2026-09-28T21:22:35,
PR000000148988,PR000001594572,Minutero electrónico planta 400W 230V regulador,OK,2026-09-28T21:22:43,
PR000000149002,PR000001594573,Regulador intensidad 400W incandescente 320W halógena,OK,2026-09-28T21:22:52,
PR000000149085,PR000001594574,Manguito PVC curvado 90º diámetro 25 gris,OK,2026-09-28T21:23:00,
PR000000149146,PR000001594575,Curva PVC TUPERPLAS gris diámetro 40,OK,2026-09-28T21:23:08,
PR000000149227,PR000001594576,Curva PVC TUPERPLAS gris diámetro 25,OK,2026-09-28T21:23:16,
PR000000149390,PR000001594577,Manguito PVC TUPERPLAS gris diámetro 63,OK,2026-09-28T21:23:24,
PR000000149485,PR000001594578,Placa señalización neutra 250mm de ancho,OK,2026-09-28T21:23:32,
PR000000149491,PR000001594579,Tubo flexible forrado libre de halógenos diámetro 25mm (Rollo de 75m),OK,2026-09-28T21:23:40,
PR000000149511,PR000001594580,Soporte a presión libre de halógenos diámetro 32 gris,OK,2026-09-28T21:23:48,
PR000000149523,PR000001594581,Curva PVC TUPERPLAS negra diámetro 40,OK,2026-09-28T21:29:47,
PR000000149604,PR000001594582,Racor de unión libre de halógenos rígido-corrugado diámetro 25 gris,OK,2026-09-28T21:29:56,
PR000000149621,PR000001594583,Tubo canalización ULTRA-TP I ligero diámetro 63 rojo (Rollo de 50m),OK,2026-09-28T21:30:03,
PR000000149623,PR000001594584,Tubo canalización corrugado PVC diámetro 63 rojo,OK,2026-09-28T21:30:11,
PR000000149624,PR000001594585,Tubo canalización ULTRA-TP I normal diámetro 200 rojo (Rollo de 25m),OK,2026-09-28T21:30:20,
PR000000149625,PR000001594586,Tubo canalización ULTRA-TP I normal diámetro 160 rojo (Rollo de 25m),OK,2026-09-28T21:30:28,
PR000000149626,PR000001594587,Tubo canalización ULTRA-TP I normal diámetro 50 rojo (Rollo de 50m),OK,2026-09-28T21:30:36,
PR000000149634,PR000001594588,Tubo canalización ULTRA-TP I normal diámetro 40 rojo (Rollo de 50m),OK,2026-09-28T21:30:44,
PR000000149643,PR000001594589,Tubo canalización ULTRA-TP I ligero diámetro 50 rojo (Rollo de 50m),OK,2026-09-28T21:30:52,
PR000000149645,PR000001594590,Tubo canalización ULTRA-TP I ligero diámetro 125 rojo (Rollo de 50m),OK,2026-09-28T21:31:00,
PR000000149647,PR000001594591,Tubo canalización ULTRA-TP I normal diámetro 125 rojo (Rollo de 50m),OK,2026-09-28T21:31:08,
PR000000149661,PR000001594592,Tubo flexible de PVC corrugado diámetro 40 gris,OK,2026-09-28T21:31:16,
PR000000149662,PR000001594593,Tubo flexible de PVC corrugado diámetro 32 gris,OK,2026-09-28T21:31:24,
PR000000149668,PR000001594594,Tubo canalización ULTRA-TP I ligero diámetro 90 rojo (En Barra),OK,2026-09-28T21:31:32,
PR000000149671,PR000001594595,Enlace caja TUPERPLAS libre de halógenos tubo liso 25 gris,OK,2026-09-28T21:31:40,
PR000000149682,PR000001594596,Tubo flexible de PVC corrugado forrado diámetro 20 negro,OK,2026-09-28T21:31:48,
PR000000149683,PR000001594597,Tubo flexible de PVC corrugado diámetro 25 negro,OK,2026-09-28T21:31:56,
PR000000149685,PR000001594598,Tubo canalización ULTRA-TP I normal diámetro 160 rojo (En Barra),OK,2026-09-28T21:32:04,
PR000000149692,PR000001594599,Tubo rígido PVC TUPERPLAS enchufable gris 32,OK,2026-09-28T21:32:12,
PR000000149696,PR000001594600,Tubo canalización ULTRA-TP I normal diámetro 200 rojo (En Barra),OK,2026-09-28T21:32:21,
PR000000149718,PR000001594601,Tubo flexible de PVC corrugado forrado diámetro 25 gris claro,OK,2026-09-28T21:38:18,
PR000000149719,PR000001594602,Tubo flexible de PVC corrugado forrado diámetro 20 gris claro,OK,2026-09-28T21:38:27,
PR000000149722,PR000001594603,Tubo flexible de PVC corrugado diámetro 25 gris,OK,2026-09-28T21:38:35,
PR000000149723,PR000001594604,Tubo flexible de PVC corrugado diámetro 20 gris,OK,2026-09-28T21:38:43,
PR000000149729,PR000001594605,Tubo canalización ULTRA-TP I ligero diámetro 110 rojo (En Barra),OK,2026-09-28T21:38:51,
PR000000149739,PR000001594606,Tubo flexible de PVC corrugado forrado diámetro 32 negro,OK,2026-09-28T21:39:00,
PR000000149740,PR000001594607,Tubo flexible de PVC corrugado forrado diámetro 25 negro,OK,2026-09-28T21:39:08,
PR000000149744,PR000001594608,Tubo flexible de PVC corrugado diámetro 32 negro,OK,2026-09-28T21:39:16,
PR000000149747,PR000001594609,Tubo rígido PVC TUPERPLAS enchufable gris 25,OK,2026-09-28T21:39:22,
PR000000149768,PR000001594610,Interruptor horario astronómico ASTRO NOVA CITY 230V programado por ciudades diario/semanal 2 circu,OK,2026-09-28T21:39:29,
PR000000149884,PR000001594611,Interruptor horario analógico INCA DUO D 230V 2 módulos sin reserva diario maniobra mínima 15mn p,OK,2026-09-28T21:39:36,
PR000000150039,PR000001594612,Interruptor horario digital DATA MICRO + 230V 1 circuito conmutado día/semana 32 memoria on/off pul,OK,2026-09-28T21:39:43,
PR000000150083,PR000001594613,Interruptor horario analógico 2 módulos DUO QRD 230V diario maniobra 30 minutos con reserva >150 h,OK,2026-09-28T21:39:51,
PR000000150087,PR000001594614,Detector movimiento DICROMAT MICRO empotrable en techo 360º 16mm 1 circuito campo detección: Ž©4m,OK,2026-09-28T21:39:59,
PR000000150189,PR000001594615,Interruptor horario analógico INCA DUO QRD 230V 2 módulos con reserva > 100 h diario maniobra mín,OK,2026-09-28T21:40:07,
PR000000150241,PR000001594616,Interruptor horario analógico UNO QRD 230V 1 módulo con reserva > 150 h diario maniobra mínima 15,OK,2026-09-28T21:40:15,
PR000000150459,PR000001594617,"Regleta de conexión aérea 10P 2x2,5 capuchonmm2",OK,2026-09-28T21:40:23,
PR000000150724,PR000001594618,Alicate aislado pico de loro 250mm,OK,2026-09-28T21:40:31,
PR000000150810,PR000001594619,Bloqueador para interruptor P/DM-11 nylon,OK,2026-09-28T21:40:40,
PR000000150818,PR000001594620,Bloqueador para interruptor P/DMT nylon,OK,2026-09-28T21:40:48,
PR000000150847,PR000001594621,Candado seguridad en composite C/COM-38-DK azul,OK,2026-09-28T21:46:54,
PR000000150855,PR000001594622,Cinta señalización CCS-01AM/IB 150mm (Rollo 500m),OK,2026-09-28T21:47:02,
PR000000150875,PR000001594623,Cinta balizamiento ST-64 amarillo y negro (Rollo 250m),OK,2026-09-28T21:47:10,
PR000000150877,PR000001594624,Cinta señalización CCS-01AM 150mm (Rollo 500m),OK,2026-09-28T21:47:18,
PR000000150886,PR000001594625,Señal advertencia RE200B riesgo eléctrico,OK,2026-09-28T21:47:27,
PR000000150936,PR000001594626,Señal aluminio AE-21S riesgo eléctrico 210mm,OK,2026-09-28T21:47:35,
PR000000151242,PR000001594627,Multímetro CTL-600 óptico y acústico,OK,2026-09-28T21:47:43,
PR000000151474,PR000001594628,"Tela vinílica SP-35 fabricada en vinilo de 0,3mm de espesor",OK,2026-09-28T21:47:51,
PR000000151501,PR000001594629,Casco de seguridad SPE con arnés ajustable,OK,2026-09-28T21:47:59,
PR000000151505,PR000001594630,"Guantes de protección mecánica SH-GPKV T10 nylon + fibra de vidrio, revestimento de espuma nitrilo",OK,2026-09-28T21:48:07,
PR000000151857,PR000001594631,Cortacable manual aprieta terminales SF-55 10-50mm2,OK,2026-09-28T21:48:15,
PR000000151979,PR000001594632,Terminal aluminio macizo TBEM-S-150 taladro 2x13,OK,2026-09-28T21:48:23,
PR000000152315,PR000001594633,Terminal bimetálico aluminio TBE-185 taladro 13,OK,2026-09-28T21:48:31,
PR000000152444,PR000001594634,Puntera preaislada nylon CPP-16,OK,2026-09-28T21:48:39,
PR000000152471,PR000001594635,Terminal pala estrecha TPE-150/10,OK,2026-09-28T21:48:47,
PR000000152472,PR000001594636,Terminal pala estrecha TPE-70/8,OK,2026-09-28T21:48:55,
PR000000152595,PR000001594637,Terminal cobre T-70/8,OK,2026-09-28T21:49:04,
PR000000152643,PR000001594638,Terminal cobre T-50/10,OK,2026-09-28T21:49:12,
PR000000152825,PR000001594639,"Tubo pared fina TPF-25,4/12,7N",OK,2026-09-28T21:49:21,
PR000000152989,PR000001594640,"Pica tierra 100u 14mm 1,5m",OK,2026-09-28T21:49:29,
PR000000153010,PR000001594641,Grapa Laton tierra  TGT142,OK,2026-09-28T21:55:08,
PR000000153022,PR000001594642,"Cinta P1000 PVC aislante 20mx19mmx0,15mm azul",OK,2026-09-28T21:55:16,
PR000000153030,PR000001594643,"Cable Aceflex Eca 1000V RV-K 5G1,5mm2 negro (Rollo 50m)",OK,2026-09-28T21:55:24,
PR000000153066,PR000001594644,"Cable Afumex Class Paneles Rígido (AS) H07Z1-R TYPE 2 (AS) 2,5mm2 gris (Caja)",OK,2026-09-28T21:55:32,
PR000000153084,PR000001594645,"Cable AFUMEX Class PANELES Rígido 750 V (AS) H07Z1-R (AS) 1x2,5 negro (Caja 100m)",OK,2026-09-28T21:55:40,
PR000000153089,PR000001594646,"Cable Afumex Class 1000V (AS) RZ1-K (AS) 3G2,5mm2 (Bobina)",OK,2026-09-28T21:55:49,
PR000000153118,PR000001594647,"Cable AFUMEX Class PANELES Rígido 750 V (AS) H07Z1-R (AS) 1x2,5 azul (Caja 100m)",OK,2026-09-28T21:55:57,
PR000000153131,PR000001594648,Cable Afumex RZ1-K (AS) 5G4,OK,2026-09-28T21:56:06,
PR000000153148,PR000001594649,Cable Afumex Class 1000V (AS) RZ1-K (AS) 4x25mm2 (Bobina),OK,2026-09-28T21:56:14,
PR000000153150,PR000001594650,"Cable Afumex Class 1000V (AS) RZ1-K (AS) 3G1,5mm2 (Bobina)",OK,2026-09-28T21:56:22,
PR000000153152,PR000001594651,Cable Afumex Class 1000V (AS) RZ1-K (AS) 1x70mm2 (Bobina),OK,2026-09-28T21:56:31,
PR000000153208,PR000001594652,"Cinta P1000 PVC aislante 20mx19mmx0,13mm gris",OK,2026-09-28T21:56:39,
PR000000153218,PR000001594653,Cable Afumex Class 1000V (AS) RZ1-K (AS) 1x150mm2 (Bobina),OK,2026-09-28T21:56:48,
PR000000153242,PR000001594654,Cable Afumex Class Firs 1000V (AS+) mRZ1-K (AS+) 3G1.5 (Bobina),OK,2026-09-28T21:56:56,
PR000000153249,PR000001594655,Cable Al Afumex Class 1000V (AS) AL RZ1 (AS) 1x50mm2 (Bobina),OK,2026-09-28T21:57:04,
PR000000153319,PR000001594656,"Cable Afumex Class 1000V (AS) RZ1-K (AS) 5G1,5mm2 (Bobina)",OK,2026-09-28T21:57:11,
PR000000153321,PR000001594657,"Cable Afumex Class 1000V (AS) RZ1-K (AS) 4G2,5mm2 (Bobina)",OK,2026-09-28T21:57:19,
PR000000153326,PR000001594658,Cable Afumex Class 1000V (AS) RZ1-K (AS) 3G4mm2 (Bobina),OK,2026-09-28T21:57:26,
PR000000153338,PR000001594659,"Cable Afumex Class 750V (AS) H07Z1-K TYPE 2 (AS) 1x2,5 amarillo verde (Caja)",OK,2026-09-28T21:57:33,
PR000000153339,PR000001594660,"Cable Firex Protech 750V (AS) H07Z1-K TYPE 2 (AS) 1x1,5 azul (Caja 100m)",OK,2026-09-28T21:57:40,
PR000000153377,PR000001594661,"Cinta P1000 PVC aislante 20mx19mmx0,13mm negra",OK,2026-09-28T22:03:22,
PR000000153400,PR000001594662,Cable Afumex Class 750V (AS) H07Z1-K TYPE 2 (AS) 1x35 amarillo verde (Bobina),OK,2026-09-28T22:03:30,
PR000000153404,PR000001594663,Cable Afumex Class 750V (AS) H07Z1-K TYPE 2 (AS) 1x4 azul (Caja),OK,2026-09-28T22:03:37,
PR000000153405,PR000001594664,"Cable Afumex Class 750V (AS) H07Z1-K TYPE 2 (AS) 1x2,5 gris (Caja)",OK,2026-09-28T22:03:44,
PR000000153445,PR000001594665,"Cable Firex Eca H05V-K (500V) - H07V-K (750V) 1x1,5mm2 amarillo / verde (Caja 100m)",OK,2026-09-28T22:03:51,
PR000000153485,PR000001594666,"Cable Afumex Class 1000V (AS) RZ1-K (AS) 5G2,5mm2 (Bobina)",OK,2026-09-28T22:03:58,
PR000000153509,PR000001594667,"Cinta P1000 PVC aislante 20mx19mmx0,13mm marrón",OK,2026-09-28T22:04:06,
PR000000153510,PR000001594668,"Cinta P1000 PVC aislante 20mx19mmx0,13mm blanco",OK,2026-09-28T22:04:15,
PR000000153520,PR000001594669,Cable Afumex Class 1000V (AS) RZ1-K (AS) 1x35mm2 (Bobina),OK,2026-09-28T22:04:24,
PR000000153552,PR000001594670,"Cable Firex Protech 750V (AS) H07Z1-K TYPE 2 (AS) 1x2,5 amarillo / verde (Caja 100m)",OK,2026-09-28T22:04:32,
PR000000153570,PR000001594671,Cable Afumex Class 1000V (AS) RZ1-K (AS) 3G4 (Rollo),OK,2026-09-28T22:04:40,
PR000000153572,PR000001594672,Cable Afumex Class 1000V (AS) RZ1-K (AS) 5G4mm2 (Bobina),OK,2026-09-28T22:04:49,
PR000000153585,PR000001594673,"Cable Afumex Class 750V (AS) H07Z1-K TYPE 2 (AS) 1x2,5 azul (Caja)",OK,2026-09-28T22:04:57,
PR000000153586,PR000001594674,"Cable Afumex Class 750V (AS) H07Z1-K TYPE 2 (AS) 1x1,5 negro (Caja)",OK,2026-09-28T22:05:05,
PR000000153593,PR000001594675,Cable Afumex Class 1000V (AS) RZ1-K (AS) 1x4mm2 (Bobina),OK,2026-09-28T22:05:14,
PR000000153637,PR000001594676,Cable Afumex Class 1000V (AS) RZ1-K (AS) 1x120mm2 (Bobina),OK,2026-09-28T22:05:22,
PR000000153638,PR000001594677,Cable Afumex Class 1000V (AS) RZ1-K (AS) 1x6mm2 (Bobina),OK,2026-09-28T22:05:30,
PR000000153650,PR000001594678,"Cable Afumex Class 750V (AS) H07Z1-K TYPE 2 (AS) 1x2,5 negro (Caja)",OK,2026-09-28T22:05:38,
PR000000153651,PR000001594679,"Cable Afumex Class 750V (AS) H07Z1-K TYPE 2 (AS) 1x2,5 marrón (Caja)",OK,2026-09-28T22:05:46,
PR000000153652,PR000001594680,"Cable Afumex Class 750V (AS) H07Z1-K TYPE 2 (AS) 1x1,5 marrón (Caja)",OK,2026-09-28T22:05:54,
PR000000153656,PR000001594681,Cable Al Afumex Class 1000V (AS) AL RZ1 (AS) 1x70mm2 (Bobina),OK,2026-09-28T22:12:18,
PR000000153685,PR000001594682,Cable Afumex Class 750V (AS) H07Z1-K TYPE 2 (AS) 1x10 gris (Caja),OK,2026-09-28T22:12:27,
PR000000153686,PR000001594683,Cable Afumex Class 750V (AS) H07Z1-K TYPE 2 (AS) 1x4 gris (Caja),OK,2026-09-28T22:12:35,
PR000000153694,PR000001594684,Cable Afumex Class 1000V (AS) RZ1-K (AS) 5G6mm2 (Bobina),OK,2026-09-28T22:12:43,
PR000000153714,PR000001594685,Cable Afumex Class 1000V (AS) RZ1-K (AS) 1x240mm2 (Bobina),OK,2026-09-28T22:12:51,
PR000000153715,PR000001594686,Cable Afumex Class 1000V (AS) RZ1-K (AS) 1x95mm2 (Bobina),OK,2026-09-28T22:13:00,
PR000000156338,PR000001594687,Conjunto cable y enchufe,OK,2026-09-28T22:13:08,
PR000000159873,PR000001594688,Cable ACEFLEX RV-K Eca 0.6/1kV 5G2.5 negro (Rollo),OK,2026-09-28T22:13:16,
PR000000159879,PR000001594689,Cable ACEFLEX RV-K Eca 0.6/1kV 3G2.5 negro (Rollo),OK,2026-09-28T22:13:24,
PR000000177373,PR000001594690,Zócalo conexión 11 pines,OK,2026-09-28T22:13:33,
PR000000191002,PR000001594691,Borna tierra 16mm2 verde amarillo,OK,2026-09-28T22:13:41,
PR000000191154,PR000001594692,Borna tierra 35mm2 verde amarillo,OK,2026-09-28T22:13:49,
PR000000219824,PR000001594693,Interruptor automático MCB 3 polos 6kA B-16A 3 módulos,OK,2026-09-28T22:13:57,
PR000000221186,PR000001594694,Portalámparas 220-240V,OK,2026-09-28T22:14:05,
PR000000223936,PR000001594695,Base portafusible 22x58 1 polo 100A 690V,OK,2026-09-28T22:14:13,
PR000000229559,PR000001594696,Manguito unión SDR 11 LX 25mm latón,OK,2026-09-28T22:14:21,
PR000000230217,PR000001594697,Purgador manual para colector REHAU,OK,2026-09-28T22:14:29,
PR000000230337,PR000001594698,Codo 90º ES REHAU diámetro 20mm polietileno,OK,2026-09-28T22:14:36,
PR000000230343,PR000001594699,Manguito REHAU extremo electrosoldable ES-SDR11 50,OK,2026-09-28T22:14:44,
PR000000230442,PR000001594700,Codo 90º ES REHAU diámetro 25mm polietileno,OK,2026-09-28T22:14:51,
PR000000230444,PR000001594701,Codo 90º ES REHAU diámetro 32mm polietileno,OK,2026-09-28T22:20:35,
PR000000230458,PR000001594702,Manguito unión diámetro 20mm polietileno,OK,2026-09-28T22:20:42,
PR000000231252,PR000001594703,Lámpara fluorescente 18W-230V A=640 IS2,OK,2026-09-28T22:20:49,
PR000000231316,PR000001594704,Manguito electrosoldable ESM 125 PE 100 negro,OK,2026-09-28T22:20:56,
PR000000231356,PR000001594705,Pieza en T igual electrosoldable ESM 125-125-125 PE 100 negro,OK,2026-09-28T22:21:03,
PR000000231488,PR000001594706,Adaptador REHAU PPR-PEX 32-32,OK,2026-09-28T22:21:10,
PR000000231574,PR000001594707,Codo electrosoldable ESM 50 PE 100 45º negro,OK,2026-09-28T22:21:18,
PR000000232053,PR000001594708,Kit instalación LINESTRONG acero galvanizado 100m,OK,2026-09-28T22:21:25,
PR000000232808,PR000001594709,Porta etiqueta MA6-1060,OK,2026-09-28T22:21:32,
PR000000233015,PR000001594710,Junta estanqueidad DN500 negro,OK,2026-09-28T22:21:39,
PR000000238314,PR000001594711,Foco de trabajo LEDriving® Cube PX2500 Spot 6000K 27W 12/24V,OK,2026-09-28T22:21:47,
PR000000238395,PR000001594712,Linterna frontal LEDinspect HEADTORCH250,OK,2026-09-28T22:21:54,
PR000000239296,PR000001594713,Fusible OFAA00GG100 NH00 gG,OK,2026-09-28T22:22:01,
PR000000243635,PR000001594714,Tensor cable LINESTRONG galvanizado,OK,2026-09-28T22:22:08,
PR000000246181,PR000001594715,Sai SPS 1000 ADVANCE R autonomía estándar Line-interactive senoidal rack 1U rack 1000VA-600W,OK,2026-09-28T22:22:15,
PR000000246217,PR000001594716,"Batería 12V 7,2 Ah Faston 6.35 mm F2 CSB (SAI Back-UPS 650 Schneider)",OK,2026-09-28T22:22:22,
PR000000249323,PR000001594717,Resistencia de caldeo 240 V,OK,2026-09-28T22:22:29,
PR000000253754,PR000001594718,Tuerca arandela dentada M10 acero inoxidable AISI-316,OK,2026-09-28T22:22:36,
PR000000253827,PR000001594719,MANGUITO 16mm2 POR TESTA PVC,OK,2026-09-28T22:22:43,
PR000000254089,PR000001594720,"Racor recto ECR-M EMC DN17 M25X1,5 negro",OK,2026-09-28T22:22:50,
PR000000254291,PR000001594721,Tubo anillado super flexible DN23 negro,OK,2026-09-28T22:29:02,
PR000000254545,PR000001594722,Bandeja de rejilla Insta-fix Viafil 60 x 200mm cincado Z3,OK,2026-09-28T22:29:11,
PR000000254755,PR000001594723,Tubo anillado AGT DN17 50m poliamida gris,OK,2026-09-28T22:29:19,
PR000000254802,PR000001594724,Racor recto DN 29 M32x1.5 gris,OK,2026-09-28T22:29:27,
PR000000254820,PR000001594725,Tubo anillado AGT DN36 30m poliamida gris,OK,2026-09-28T22:29:35,
PR000000254902,PR000001594726,Tubo anillado STT DN23 30m poliamida gris,OK,2026-09-28T22:29:43,
PR000000254946,PR000001594727,Clavija protección 32A 3P+N+T 400V 6h rojo,OK,2026-09-28T22:29:50,
PR000000255000,PR000001594728,Kit tornillo unión / fijación galvanizado TCA612G,OK,2026-09-28T22:29:57,
PR000000255072,PR000001594729,"Puntera cable simple 0,5mm2 L8 aislado blanco",OK,2026-09-28T22:30:04,
PR000000255179,PR000001594730,Tubo anillado AGT DN48 30m poliamida gris,OK,2026-09-28T22:30:12,
PR000000255356,PR000001594731,Racor recto poliamida MIRM-M DN10 M16x1.5 gris,OK,2026-09-28T22:30:21,
PR000000255496,PR000001594732,"Racor recto MUR-M DN23 M32x1,5 margen de cierre 17-20,5 gris",OK,2026-09-28T22:30:29,
PR000000255579,PR000001594733,Cadena portacables PLASTICHAIN 3010B D691350,OK,2026-09-28T22:30:36,
PR000000255741,PR000001594734,Puntera cable simple 10 L12 aislado marrón,OK,2026-09-28T22:30:45,
PR000000255826,PR000001594735,"Prensaestopas cap-top 2000 M20x1,5 poliamida gris claro",OK,2026-09-28T22:30:53,
PR000000255911,PR000001594736,Bloque contacto S-E base 16 polos 32B,OK,2026-09-28T22:31:01,
PR000000255945,PR000001594737,Bloque contacto S-E base 24 polos 24B,OK,2026-09-28T22:31:09,
PR000000256009,PR000001594738,Prensaestopas cap-top FIX diámetro 20 poliamida gris,OK,2026-09-28T22:31:17,
PR000000256028,PR000001594739,Racor recto DN 17 M20x1.5 gris,OK,2026-09-28T22:31:26,
PR000000256124,PR000001594740,Soporte vertical distanciador 150mm sendzimir,OK,2026-09-28T22:31:34,
PR000000256155,PR000001594741,Puntera cable simple 10mm2 L18 aislado rojo,OK,2026-09-28T22:37:36,
PR000000256159,PR000001594742,Tubo anillado STT DN12 50m poliamida gris,OK,2026-09-28T22:37:44,
PR000000256226,PR000001594743,Bloque contacto S-E base 16 polos 16B,OK,2026-09-28T22:37:52,
PR000000256306,PR000001594744,"Tuerca DIN46319 M20x1,5mm poliamida fibra de vidrio gris",OK,2026-09-28T22:38:00,
PR000000256308,PR000001594745,Puntera cable simple 6mm2 L12 aislado amarillo,OK,2026-09-28T22:38:08,
PR000000256338,PR000001594746,Tubo anillado PA6 muy flexible DN17 gris,OK,2026-09-28T22:38:16,
PR000000256341,PR000001594747,Racor recto DN 36 M40x1.5 gris,OK,2026-09-28T22:38:24,
PR000000256344,PR000001594748,Terminal latón diámetro 12 con ojete enganche M6,OK,2026-09-28T22:38:32,
PR000000256361,PR000001594749,"Prensaestopas cap-top 2000 M40x1,5 poliamida gris",OK,2026-09-28T22:38:40,
PR000000256363,PR000001594750,"Tuerca DIN46319 M16x1,5mm poliamida fibra de vidrio gris",OK,2026-09-28T22:38:48,
PR000000256389,PR000001594751,Unión lateral ala 60-110 cincado Z3,OK,2026-09-28T22:38:56,
PR000000256477,PR000001594752,Soporte OMEGA para pared/perfil colgante 150mm sendzimir,OK,2026-09-28T22:39:04,
PR000000256483,PR000001594753,Estuche brocas hormigón diámetro 3-10x1mm,OK,2026-09-28T22:39:12,
PR000000256509,PR000001594754,"Puntera cable simple 2,5mm2 L12 aislado azul",OK,2026-09-28T22:39:19,
PR000000256571,PR000001594755,Racor recto poliamida MIRM-M DN12 M16x1.5 gris,OK,2026-09-28T22:39:27,
PR000000256589,PR000001594756,"Puntera cable simple 1,5mm2 L8 aislado negro",OK,2026-09-28T22:39:35,
PR000000256602,PR000001594757,Puntera 2 cables aislado 2x6mm2 L14 amarillo,OK,2026-09-28T22:39:43,
PR000000256632,PR000001594758,"Prensaestopas cap-top 2000 M16x1,5 poliamida gris",OK,2026-09-28T22:39:52,
PR000000256668,PR000001594759,Racor recto poliamida MIRM-M DN17 M25x1.5 gris,OK,2026-09-28T22:39:59,
PR000000256731,PR000001594760,Tubo anillado súper flexible DN17 gris,OK,2026-09-28T22:40:08,
PR000000256780,PR000001594761,Juego 2 piezas interflex E3010BPL,OK,2026-09-28T22:46:09,
PR000000256802,PR000001594762,Racor rosca hembra NYLOFIX-PLUS DN17 M25 poliamida gris,OK,2026-09-28T22:46:18,
PR000000256825,PR000001594763,Soporte NYLOFIX para tubo DN29 poliamida gris,OK,2026-09-28T22:46:26,
PR000000256850,PR000001594764,Puntera cable simple 6 L12 aislado verde,OK,2026-09-28T22:46:34,
PR000000256920,PR000001594765,Bloque contacto S-E clavija 24 polos 24B,OK,2026-09-28T22:46:42,
PR000000256962,PR000001594766,Racor recto DN 12 M20x1.5 gris,OK,2026-09-28T22:46:49,
PR000000257106,PR000001594767,Bandeja perforada sendzimir 60x200,OK,2026-09-28T22:46:56,
PR000000257132,PR000001594768,Tuerca arandela dentada M10 inoxidable AISI304,OK,2026-09-28T22:47:04,
PR000000257139,PR000001594769,Racor recto DN 10 M16x1.5 gris,OK,2026-09-28T22:47:11,
PR000000257221,PR000001594770,Racor rosca hembra NYLOFIX-PLUS DN23 Pg21 poliamida gris,OK,2026-09-28T22:47:18,
PR000000257269,PR000001594771,Destornillador ergo line vaso hexagonal 8x125mm,OK,2026-09-28T22:47:25,
PR000000257362,PR000001594772,Puntera cable simple 4 L10 aislado naranja,OK,2026-09-28T22:47:33,
PR000000257379,PR000001594773,Puntera cable simple 35mm2 L16 aislado beige,OK,2026-09-28T22:47:39,
PR000000257671,PR000001594774,Racor recto DN 23 Pg21 gris,OK,2026-09-28T22:47:46,
PR000000257675,PR000001594775,Tubo anillado súper flexible DN12 gris,OK,2026-09-28T22:47:54,
PR000000257677,PR000001594776,Soporte NYLOFIX para tubo DN17 poliamida gris,OK,2026-09-28T22:48:01,
PR000000257686,PR000001594777,Puntera cable simple 4mm2 L10 aislado gris,OK,2026-09-28T22:48:09,
PR000000257699,PR000001594778,Destornillador ergo line vaso hexagonal 6x125mm,OK,2026-09-28T22:48:17,
PR000000257753,PR000001594779,Racor recto DN 36 M50x1.5 gris,OK,2026-09-28T22:48:25,
PR000000257824,PR000001594780,Soporte para tubo DN29,OK,2026-09-28T22:48:33,
PR000000257848,PR000001594781,Tubo anillado súper flexible DN23 gris,OK,2026-09-28T22:54:26,
PR000000258087,PR000001594782,Racor recto poliamida MIRM-M DN17 M20x1.5 gris,OK,2026-09-28T22:54:34,
PR000000258142,PR000001594783,Zócalo mural con mecanismo cierre rosca M20 6B,OK,2026-09-28T22:54:41,
PR000000258300,PR000001594784,"Pelacables para cable coaxial diámetro 4,8-7,5mm",OK,2026-09-28T22:54:48,
PR000000258334,PR000001594785,Tubo anillado súper flexible DN36 gris,OK,2026-09-28T22:54:55,
PR000000258341,PR000001594786,Racor recto DN 23 M25x1.5 gris,OK,2026-09-28T22:55:02,
PR000000258431,PR000001594787,Clip azul RC=55mm para cadena portacables D691301,OK,2026-09-28T22:55:09,
PR000000258666,PR000001594788,Unión universal cincado Z3,OK,2026-09-28T22:55:17,
PR000000258668,PR000001594789,"Prensaestopas cap-top 2000 M25x1,5 poliamida gris claro",OK,2026-09-28T22:55:24,
PR000000258705,PR000001594790,Racor recto poliamida MIRM-M DN12 M20x1.5 gris,OK,2026-09-28T22:55:31,
PR000000258751,PR000001594791,Bandeja rejilla VIAFIL cincado Z3 60x200mm,OK,2026-09-28T22:55:39,
PR000000258785,PR000001594792,Cubierta salida lateral con 2 pivotes M20 10B,OK,2026-09-28T22:55:46,
PR000000258889,PR000001594793,Suspensión central VIAFIL cincado Z3,OK,2026-09-28T22:55:54,
PR000000258937,PR000001594794,Bandeja rejilla VIAFIL cincado Z3 60x100mm,OK,2026-09-28T22:56:01,
PR000000258940,PR000001594795,Racor recto poliamida MIRM-M DN23 M25x1.5 gris,OK,2026-09-28T22:56:09,
PR000000259014,PR000001594796,Tubo anillado PA6 muy flexible DN23 gris,OK,2026-09-28T22:56:16,
PR000000259109,PR000001594797,Tubo anillado súper flexible DN29 gris,OK,2026-09-28T22:56:24,
PR000000259262,PR000001594798,Bandeja rejilla VIAFIL cincado Z3 60x60mm,OK,2026-09-28T22:56:31,
PR000000259279,PR000001594799,Bloque contacto S-E clavija 16 polos 16B,OK,2026-09-28T22:56:39,
PR000000259355,PR000001594800,Tapa bandeja 200mm galvanizado sendzimir,OK,2026-09-28T22:56:47,
PR000000259573,PR000001594801,Destornillador ergo line vaso hexagonal 7x125mm,OK,2026-09-28T23:02:52,
PR000000259686,PR000001594802,Soporte NYLOFIX para tubo DN23 poliamida gris,OK,2026-09-28T23:02:59,
PR000000259695,PR000001594803,"Tuerca DIN46319 M40x1,5mm poliamida fibra de vidrio gris",OK,2026-09-28T23:03:07,
PR000000259723,PR000001594804,Tubo anillado súper flexible DN10 gris,OK,2026-09-28T23:03:14,
PR000000259731,PR000001594805,"Prensaestopas cap-top 2000 M20x1,5 poliamida gris",OK,2026-09-28T23:03:21,
PR000000259747,PR000001594806,Soporte OMEGA para techo bandeja 100mm galvanizado sendzimir,OK,2026-09-28T23:03:29,
PR000000259761,PR000001594807,Soporte NYLOFIX para tubo DN12 poliamida gris,OK,2026-09-28T23:03:37,
PR000000259779,PR000001594808,Prensaestopas cap-top FIX diámetro 16 poliamida gris,OK,2026-09-28T23:03:44,
PR000000260245,PR000001594809,"Cable galvanizado longitud 15,5m",OK,2026-09-28T23:03:51,
PR000000260316,PR000001594810,Interruptor seguridad contacto cerrado+contacto cerrado+contacto abierto electroimán 24V entrada-C,OK,2026-09-28T23:03:58,
PR000000260401,PR000001594811,Caja embrochable 1 0F,OK,2026-09-28T23:04:05,
PR000000260532,PR000001594812,Parada de emergéncia contacto cerrado+contacto cerrado,OK,2026-09-28T23:04:12,
PR000000260533,PR000001594813,Parada emergéncia schneider XY2CJS15H29 CC/CA,OK,2026-09-28T23:04:19,
PR000000260710,PR000001594814,"Cable galvanizado Schneider XY2CZ301  longitud 10,5m",OK,2026-09-28T23:04:27,
PR000000261250,PR000001594815,Detector 50x50 PNP reflex conector contacto abierto función,OK,2026-09-28T23:04:34,
PR000000261264,PR000001594816,Detector schneider XUK1ARCNL2 50x50 5h reflex,OK,2026-09-28T23:04:42,
PR000000261270,PR000001594817,Detector Schneider XUK0AKSAM12 50x50 PNP/NPN,OK,2026-09-28T23:04:49,
PR000000261376,PR000001594818,Cuerpo interruptor posición plástico ruptura brusca conector,OK,2026-09-28T23:04:57,
PR000000261619,PR000001594819,Sensor presión 4...20mA 10bar,OK,2026-09-28T23:05:04,
PR000000261730,PR000001594820,Interruptor posición plástico ruptura brusca varilla roldana angular,OK,2026-09-28T23:05:11,
PR000000261756,PR000001594821,Presostato FSG2,OK,2026-09-28T23:11:03,
PR000000261818,PR000001594822,Final carrera con palanca y rodillo Telemecanique XCKN2145G11,OK,2026-09-28T23:11:11,
PR000000262036,PR000001594823,Presostato control 6bar XMAV06L2135,OK,2026-09-28T23:11:19,
PR000000262541,PR000001594824,Interruptor posición plástico ruptura brusca pulsador rectangular,OK,2026-09-28T23:11:27,
PR000000262774,PR000001594825,Conector hembra DIN 43650A,OK,2026-09-28T23:11:35,
PR000000264368,PR000001594826,Detector movimiento 10A regulable,OK,2026-09-28T23:11:44,
PR000000264449,PR000001594827,Relé fotoeléctrico RF-10 10A orientable 230VCA blanco,OK,2026-09-28T23:11:52,
PR000000264535,PR000001594828,Avisador luminoso LED intermitente 230/110/48VCA rojo,OK,2026-09-28T23:12:00,
PR000000264541,PR000001594829,Abrepuertas 990AD-P22 MAX 10-24Vca/Vcc,OK,2026-09-28T23:12:08,
PR000000264812,PR000001594830,"Alimentador 12VAC/1,5A DIN4",OK,2026-09-28T23:12:16,
PR000000265023,PR000001594831,Caja superficie CITY S2,OK,2026-09-28T23:12:24,
PR000000266898,PR000001594832,Unidad de extracción CJTHT/PLUS-45-2/4T-2-F-300,OK,2026-09-28T23:12:32,
PR000000270222,PR000001594833,"Ventilador helicoidal HCH-90-4T-5,5/PL motor IE3",OK,2026-09-28T23:12:40,
PR000000272551,PR000001594834,Brida acoplamiento BTUB-280,OK,2026-09-28T23:12:48,
PR000000272702,PR000001594835,Ventilador helicoidal 230/400V 2900m2/h HCT-31-2T/-PL,OK,2026-09-28T23:12:56,
PR000000275212,PR000001594836,Placa poliéster para GG5003/GG5003D/GG5013/GG5013D/GGA5003,OK,2026-09-28T23:13:03,
PR000000275235,PR000001594837,"Tapón roscado 3/4"" NPT latón niquelado (Ex II 2GD Td A21)",OK,2026-09-28T23:13:10,
PR000000275323,PR000001594838,"Tapón roscado 1/2"" GAS latón niquelado (Ex II 2GD Td A21)",OK,2026-09-28T23:13:17,
PR000000275329,PR000001594839,"Tapón roscado M50x1,5 latón niquelado (Ex II 2GD Td A21)",OK,2026-09-28T23:13:24,
PR000000275369,PR000001594840,Soporte inclinado para carril DIN gaestopas GG4991,OK,2026-09-28T23:13:30,
PR000000275379,PR000001594841,Funda trenzada autocierre poliéster V2 diámetro máximo 33mm negro,OK,2026-09-28T23:19:26,
PR000000275499,PR000001594842,Cubierta conector tapa ILME 24P 16A SH,OK,2026-09-28T23:19:34,
PR000000275637,PR000001594843,"Contratuerca rosca latón niquelado G1.1/4""",OK,2026-09-28T23:19:43,
PR000000275857,PR000001594844,Hoja corte perfil simétrico (2u),OK,2026-09-28T23:19:50,
PR000000276112,PR000001594845,Tubo MILFLEX UTE PVC negro Pg16,OK,2026-09-28T23:19:57,
PR000000276190,PR000001594846,Tubo rígido TPV PVC liso M40 gris,OK,2026-09-28T23:20:04,
PR000000276245,PR000001594847,Armario puerta ciega 300x400x195mm gris RAL7035,OK,2026-09-28T23:20:11,
PR000000276362,PR000001594848,Latiguillo CAT.6A S/FTP LSZH 3m gris,OK,2026-09-28T23:20:18,
PR000000276477,PR000001594849,Tubo rígido TPV liso M25 gris,OK,2026-09-28T23:20:25,
PR000000276691,PR000001594850,Base conector ILME 4P 10A gris,OK,2026-09-28T23:20:32,
PR000000276737,PR000001594851,"Prensaestopas poliamida gris M25x1,5",OK,2026-09-28T23:20:39,
PR000000276779,PR000001594852,Tapa ciega para arqueta 200x200x200mm gris,OK,2026-09-28T23:20:46,
PR000000277096,PR000001594853,Tubo acero inoxidable TAE-INOX enchufable IP67 M25,OK,2026-09-28T23:20:54,
PR000000277126,PR000001594854,Latiguillo CAT.6A S/FTP LSZH 15m gris,OK,2026-09-28T23:21:02,
PR000000277346,PR000001594855,Manguito flexible tubo-tubo PVC M20 IP64 gris,OK,2026-09-28T23:21:10,
PR000000277508,PR000001594856,Clavija 2P + TT 16A Schuko blanco,OK,2026-09-28T23:21:18,
PR000000277512,PR000001594857,Tubo acero TAE enchufable IP67 M32,OK,2026-09-28T23:21:27,
PR000000277666,PR000001594858,Latiguillo CAT.6A S/FTP LSZH 10m gris,OK,2026-09-28T23:21:35,
PR000000277866,PR000001594859,Armario puerta ciega 350x500x195mm gris RAL7035,OK,2026-09-28T23:21:43,
PR000000277912,PR000001594860,Caja estanca ciega 100x100x50mm gris,OK,2026-09-28T23:21:51,
PR000000278133,PR000001594861,Conector industrial M CAT.6A FTP,OK,2026-09-28T23:27:52,
PR000000278588,PR000001594862,Caja estanca BOXLINE 85x85x85mm con conos IP66 material termoplástico,OK,2026-09-28T23:28:00,
PR000000278661,PR000001594863,Clavija conector ILME 4P 10A gris,OK,2026-09-28T23:28:08,
PR000000278759,PR000001594864,Guía pasacables nylon diámetro 4mm extremos fijos 10m,OK,2026-09-28T23:28:16,
PR000000278808,PR000001594865,"Tubo termorretractil 4,8mm azul Tiras",OK,2026-09-28T23:28:25,
PR000000278821,PR000001594866,Latiguillo CAT.6A S/FTP LSZH 10m azul,OK,2026-09-28T23:28:33,
PR000000278886,PR000001594867,Manguito flexible tubo-tubo PVC M40 IP64 gris,OK,2026-09-28T23:28:41,
PR000000279200,PR000001594868,Casquillo protección cable libre de halógenos para tubo M25 polietileno gris,OK,2026-09-28T23:28:49,
PR000000279342,PR000001594869,Caja estanca ciega 400x300x130mm gris,OK,2026-09-28T23:28:57,
PR000000279418,PR000001594870,Clavija 2P + TT 16A Schuko negro,OK,2026-09-28T23:29:05,
PR000000279784,PR000001594871,Manguito unión curvado 90 PVC M16 gris,OK,2026-09-28T23:29:13,
PR000000279870,PR000001594872,Cubierta conector ILME 3P 10A metálico,OK,2026-09-28T23:29:21,
PR000000279964,PR000001594873,Armario puerta ciega 500x700x245mm gris RAL7035,OK,2026-09-28T23:29:29,
PR000000279982,PR000001594874,Repartidor 4P 160A 12 orificios,OK,2026-09-28T23:29:37,
PR000000280471,PR000001594875,Cubierta mecanismo bloqueo Pg11 M20 sin prensaestopas,OK,2026-09-28T23:29:46,
PR000000280528,PR000001594876,Armario puerta ciega 600x800x260mm gris RAL7035,OK,2026-09-28T23:29:54,
PR000000280695,PR000001594877,Caja derivación 100x100x59,OK,2026-09-28T23:30:02,
PR000000280930,PR000001594878,Tubo rígido TPV liso M20 gris,OK,2026-09-28T23:30:09,
PR000000281020,PR000001594879,Armario puerta ciega 210x280x130mm gris RAL7035,OK,2026-09-28T23:30:16,
PR000000281240,PR000001594880,Tubo rígido TPV PVC liso M50 gris,OK,2026-09-28T23:30:23,
PR000000281807,PR000001594881,Latiguillo CAT.6A S/FTP LSZH 1m azul,OK,2026-09-28T23:36:22,
PR000000281887,PR000001594882,Guía pasacables helicoidal poliéster diámetro 4mm 30m,OK,2026-09-28T23:36:29,
PR000000282378,PR000001594883,Latiguillo CAT.6A S/FTP LSZH 5m gris,OK,2026-09-28T23:36:37,
PR000000282432,PR000001594884,Guía pasacables helicoidal poliéster 5mm portaguia 651/04 20m,OK,2026-09-28T23:36:46,
PR000000282760,PR000001594885,Latiguillo CAT.6A S/FTP LSZH 2m gris,OK,2026-09-28T23:36:54,
PR000000283508,PR000001594886,Tapa ciega para arqueta 300x300x300mm gris,OK,2026-09-28T23:37:02,
PR000000283682,PR000001594887,Manguito enchufable acero cincado M25,OK,2026-09-28T23:37:10,
PR000000283813,PR000001594888,ARQUETA PP 300x300x300mm SIN TAPA GRIS,OK,2026-09-28T23:37:17,
PR000000284309,PR000001594889,"Latiguillo CAT.6A S/FTP LSZH 0,5m gris",OK,2026-09-28T23:37:26,
PR000000284790,PR000001594890,Guía pasacables helicoidal poliéster 4mm contenedor 651/08 15m,OK,2026-09-28T23:37:33,
PR000000285717,PR000001594891,Latiguillo CAT.6A S/FTP LSZH 1m gris,OK,2026-09-28T23:37:41,
PR000000286522,PR000001594892,Sal Vacuum Pastilles Descalcificador Enisal Pro 25 kg,OK,2026-09-28T23:37:49,
PR000000286558,PR000001594893,Taco clavo TCA 6x40 (bote 100u),OK,2026-09-28T23:37:57,
PR000000286603,PR000001594894,Tornillo DESA-BRIC 6.8 M8/10x80 (blíster 4u),OK,2026-09-28T23:38:04,
PR000000286632,PR000001594895,Atadora ferralla neumática TRENSIM M-70,OK,2026-09-28T23:38:11,
PR000000286645,PR000001594896,Abrazadera ligera M6 32 metálico,OK,2026-09-28T23:38:18,
PR000000286669,PR000001594897,Abrazadera isofónica M8/M10 diámetro 15,OK,2026-09-28T23:38:24,
PR000000286719,PR000001594898,"Tornillo cabeza plana TX 4,5x40 bicromatado RC",OK,2026-09-28T23:38:31,
PR000000286730,PR000001594899,"Tornillo cabeza plana TX 3,5x40 bicromatado RC",OK,2026-09-28T23:38:38,
PR000000286795,PR000001594900,Taco fijación material hueco / poco espesor 10x60 plástico,OK,2026-09-28T23:38:46,
PR000000286815,PR000001594901,Tornillo doble rosca M8x60 inoxidable A2,OK,2026-09-28T23:45:11,
PR000000286898,PR000001594902,Abrazadera isofónica metálico M8/10 diámetro 75,OK,2026-09-28T23:45:18,
PR000000286908,PR000001594903,Tornillo cabeza plana TX 6x130 bicromatado RP,OK,2026-09-28T23:45:25,
PR000000286963,PR000001594904,"Tornillo cabeza plana TX 4,5x35 bicromatado RC",OK,2026-09-28T23:45:32,
PR000000286973,PR000001594905,Abarcón M8-75 metálico acero inoxidable,OK,2026-09-28T23:45:39,
PR000000286978,PR000001594906,Abarcón M8-60 metálico acero inoxidable,OK,2026-09-28T23:45:46,
PR000000286995,PR000001594907,Abrazadera metálico isofónica M8-18 con EPDM,OK,2026-09-28T23:45:53,
PR000000287046,PR000001594908,Carril 41x41 perforada 2x3000mm galvanizado,OK,2026-09-28T23:46:00,
PR000000287167,PR000001594909,Carril 41x21 perforada 2x3000mm galvanizado,OK,2026-09-28T23:46:07,
PR000000287169,PR000001594910,Carril 41x41 perforada 2x2000mm galvanizado,OK,2026-09-28T23:46:14,
PR000000287316,PR000001594911,Taco largo MUNGO MQL-ST 8x80mm nylon,OK,2026-09-28T23:46:21,
PR000000287319,PR000001594912,"Tornillo broca 5,5/6,3x150 para panel sanwich con arandela PS3+Arvul",OK,2026-09-28T23:46:28,
PR000000287782,PR000001594913,Abrazadera plástico DESA-CLEC diámetro 12 nylon,OK,2026-09-28T23:46:35,
PR000000287813,PR000001594914,Ángulo carril STRUT 135 diámetro 14,OK,2026-09-28T23:46:42,
PR000000287819,PR000001594915,Soporte pared STRUT 41x21x450 perforada galvanizado,OK,2026-09-28T23:46:49,
PR000000287823,PR000001594916,Soporte pared STRUT 41x21x150 perforada galvanizado,OK,2026-09-28T23:46:56,
PR000000287866,PR000001594917,Abrazadera RM8 + M10 reforzado diámetro 150,OK,2026-09-28T23:47:03,
PR000000287931,PR000001594918,Abrazadera abierta RM8 reforzado diámetro 54,OK,2026-09-28T23:47:10,
PR000000287936,PR000001594919,Abrazadera isofónica clip M8 diámetro 42,OK,2026-09-28T23:47:17,
PR000000287982,PR000001594920,Abrazadera isofónica abierta M8 diámetro 54,OK,2026-09-28T23:47:24,
PR000000287984,PR000001594921,Abrazadera isofónica abierta M8 diámetro 28,OK,2026-09-28T23:53:12,
PR000000288011,PR000001594922,Tuerca STRUT M10 carril 41x21 muelle corto,OK,2026-09-28T23:53:20,
PR000000288015,PR000001594923,Soporte pared STRUT 41x41x150 perforada galvanizado,OK,2026-09-28T23:53:28,
PR000000288016,PR000001594924,Soporte pared STRUT 41x41x600 perforada galvanizado,OK,2026-09-28T23:53:36,
PR000000288017,PR000001594925,Soporte pared STRUT 41x41x450 perforada galvanizado,OK,2026-09-28T23:53:44,
PR000000288018,PR000001594926,Tornillo cabeza martillo para guía perforada M10x40,OK,2026-09-28T23:53:52,
PR000000288021,PR000001594927,Tuerca M8 carril 27x18/28x30,OK,2026-09-28T23:54:00,
PR000000288047,PR000001594928,Abrazadera plástico DESA-MULTITUBE diámetro 20-23 gris,OK,2026-09-28T23:54:08,
PR000000288089,PR000001594929,Grapa ciega metálico 1 pata diámetro 20,OK,2026-09-28T23:54:16,
PR000000288151,PR000001594930,"Tornillo rosca chapa DIN7982 avellanado 4,8x50 cincado",OK,2026-09-28T23:54:24,
PR000000288204,PR000001594931,Soporte radiador universal 105 galvanizado,OK,2026-09-28T23:54:32,
PR000000288232,PR000001594932,Abrazadera plástico DESA-MULTITUBE diámetro 15-16 gris,OK,2026-09-28T23:54:40,
PR000000288259,PR000001594933,Tornillo DIN 571 12x50,OK,2026-09-28T23:54:48,
PR000000288263,PR000001594934,Tornillo DIN 571 8x40,OK,2026-09-28T23:54:55,
PR000000288280,PR000001594935,Abrazadera plástico DESA-MULTITUBE diámetro 22-25 gris,OK,2026-09-28T23:55:02,
PR000000288305,PR000001594936,Abrazadera sin-fin 25-40,OK,2026-09-28T23:55:08,
PR000000288416,PR000001594937,"Tornillo hexagonal 5,5x38",OK,2026-09-28T23:55:16,
PR000000288432,PR000001594938,Pistola silicona tubular,OK,2026-09-28T23:55:23,
PR000000288435,PR000001594939,Taco TH M12,OK,2026-09-28T23:55:29,
PR000000288491,PR000001594940,Taco NY-X 8x40 universal expansión,OK,2026-09-28T23:55:36,
PR000000288524,PR000001594941,Cáncamo cerrado inoxidable DESA-BRIC 8x50,OK,2026-09-29T00:01:47,
PR000000288636,PR000001594942,Tirafondo M6x25 con rosca,OK,2026-09-29T00:01:54,
PR000000288645,PR000001594943,Bote cola para PVC evacuación con pincel 250cc,OK,2026-09-29T00:02:01,
PR000000288672,PR000001594944,Tirafondo M6x30 con rosca,OK,2026-09-29T00:02:08,
PR000000288706,PR000001594945,Brida nylon negra 3.6x140,OK,2026-09-29T00:02:15,
PR000000288818,PR000001594946,Brida nylon negra 4.8x200,OK,2026-09-29T00:02:22,
PR000000288849,PR000001594947,Bote cola para PVC presión con pincel 500cc,OK,2026-09-29T00:02:31,
PR000000288868,PR000001594948,Tirafondo M6x40 con rosca,OK,2026-09-29T00:02:40,
PR000000288880,PR000001594949,Abrazadera LM8 para bajantes diámetro 125,OK,2026-09-29T00:02:53,
PR000000288923,PR000001594950,Bote cola para PVC presión pincel 1000cc,OK,2026-09-29T00:03:07,
PR000000288925,PR000001594951,Bote cola para PVC evacuación con pincel 1000cc,OK,2026-09-29T00:03:16,
PR000000288974,PR000001594952,Disolvente limpieza PVC 500cc,OK,2026-09-29T00:03:24,
PR000000288991,PR000001594953,Tornillo DIN 571 6x50,OK,2026-09-29T00:03:33,
PR000000289012,PR000001594954,Tirafondo doble rosca M8x80 (10 unidades blíster),OK,2026-09-29T00:03:41,
PR000000289093,PR000001594955,Abrazadera sin-fin 8-16,OK,2026-09-29T00:03:53,
PR000000289111,PR000001594956,Taco clavo 6x45,OK,2026-09-29T00:04:01,
PR000000289139,PR000001594957,"Tornillo hexagonal 4,8x19 arandela neopreno",OK,2026-09-29T00:04:09,
PR000000289182,PR000001594958,Tornillo broca panel sandwich para viga 5.5/6.3x130 P16 nº5,OK,2026-09-29T00:04:16,
PR000000289183,PR000001594959,Hembrilla cerrada 20x80,OK,2026-09-29T00:04:23,
PR000000289232,PR000001594960,Abrazadera sin-fin 16-32,OK,2026-09-29T00:04:30,
PR000000289375,PR000001594961,Abrazadera 16,OK,2026-09-29T00:10:32,
PR000000289377,PR000001594962,Tornillo broca panel sandwich para viga 5.5/6.3x150 P16 nº5,OK,2026-09-29T00:10:39,
PR000000289394,PR000001594963,Grapa 25 (10 unidades blíster),OK,2026-09-29T00:10:46,
PR000000289444,PR000001594964,"Brida nylon negra 7,6x450",OK,2026-09-29T00:10:53,
PR000000289530,PR000001594965,Abrazadera M6 25 doradas (10 unidades blíster),OK,2026-09-29T00:11:00,
PR000000289612,PR000001594966,"Conjunto abrazadera isofónica M8 + M10-28 (3/4"") 2unidades blíster)",OK,2026-09-29T00:11:07,
PR000000295919,PR000001594967,Luminaria estanca 927 ECHO LED 24W CLD CELL gris,OK,2026-09-29T00:11:14,
PR000000298154,PR000001594968,Columna troncocónica CL-0 altura 6 diámetro 60 galvanizado,OK,2026-09-29T00:11:22,
PR000000299442,PR000001594969,Sonda nivel,OK,2026-09-29T00:11:29,
PR000000299460,PR000001594970,Puntera aislada ST 16mm2,OK,2026-09-29T00:11:36,
PR000000299461,PR000001594971,Puntera aislada ST 10mm2,OK,2026-09-29T00:11:43,
PR000000299919,PR000001594972,Herramienta K507 con matrices intercambiables,OK,2026-09-29T00:11:52,
PR000000299941,PR000001594973,Interruptor de nivel simple GAVE HN1 230/400VAC,OK,2026-09-29T00:11:59,
PR000000300096,PR000001594974,Puntera aislada sección 35mm2 longitud del tubo 16mm beige,OK,2026-09-29T00:12:07,
PR000000301400,PR000001594975,Conmutador Gave A-5637100 4P 100A,OK,2026-09-29T00:12:15,
PR000000301458,PR000001594976,Conmutador 1-0-2 2P 25A calibre 0 montaje 0,OK,2026-09-29T00:12:24,
PR000000301707,PR000001594977,"Fusible cilíndrico cristal 6x32 0,5A -F",OK,2026-09-29T00:12:32,
PR000000301758,PR000001594978,"Fusible cilíndrico cristal 5x20 3,15A -F",OK,2026-09-29T00:12:40,
PR000000302069,PR000001594979,Separador fases T-1,OK,2026-09-29T00:12:47,
PR000000302174,PR000001594980,Portafusible NH unipolar 160A tamaño 0,OK,2026-09-29T00:12:55,
PR000000302397,PR000001594981,"Fusible GPV SOLARTEC 20A 2,1-3,5W",OK,2026-09-29T00:19:16,
PR000000302490,PR000001594982,Base portafusibles 1P 20A,OK,2026-09-29T00:19:24,
PR000000302780,PR000001594983,Puntera doble aislada sección 4mm2 gris,OK,2026-09-29T00:19:32,
PR000000304663,PR000001594984,Relé diferencial Circuitor RGU-10A,OK,2026-09-29T00:19:41,
PR000000304689,PR000001594985,"Regulador automático de energía reactiva Computer C6 Wi-Fi, con relé de alarma, 400V, alimentaciŽ",OK,2026-09-29T00:19:49,
PR000000304981,PR000001594986,Transformador WGC-220x105,OK,2026-09-29T00:19:58,
PR000000304983,PR000001594987,Transformador toroidal Circuitor WGC-55,OK,2026-09-29T00:20:06,
PR000000304984,PR000001594988,Transformador toroidal WGC-110 diámetro 110mm,OK,2026-09-29T00:20:14,
PR000000304988,PR000001594989,Relé electrónico RGU-10,OK,2026-09-29T00:20:22,
PR000000305065,PR000001594990,Contactor CMC-12B+RD + cables,OK,2026-09-29T00:20:30,
PR000000305099,PR000001594991,Relé diferencial RGU2,OK,2026-09-29T00:20:38,
PR000000305110,PR000001594992,Transformador toroidal WGC-80 diámetro 80mm,OK,2026-09-29T00:20:46,
PR000000305331,PR000001594993,"Batería automática OPTIM 3 P-P-17,5-440",OK,2026-09-29T00:20:54,
PR000000307335,PR000001594994,"Transformador de corriente TD5 100/5A, pletina 15x15 mm",OK,2026-09-29T00:21:02,
PR000000308464,PR000001594995,Lámpara RefLED Superia Retro ES50 V3 450LM 830 36 SL 5W,OK,2026-09-29T00:21:10,
PR000000310118,PR000001594996,Variador trifásico FR-D740-160SC-EC 400VAC 16A,OK,2026-09-29T00:21:19,
PR000000310120,PR000001594997,Variador monofásico FR-D720S-070SC-EC 220VAC 7A,OK,2026-09-29T00:21:27,
PR000000310185,PR000001594998,Variador monofásico mitsubishi  FR-D720S-100SC-EC 220VAC 10A,OK,2026-09-29T00:21:35,
PR000000310717,PR000001594999,"AL-232CAB Cable interfaz entre ALPHA PC 2,5m",OK,2026-09-29T00:21:43,
PR000000310830,PR000001595000,"Variador trifásico de 400V AC salida 11kW ND 15kW LD 23,0A ND 35,0A LD RS485",OK,2026-09-29T00:21:51,
PR000000310849,PR000001595001,"Variador Mitsubishi FR-E840-0095-4-60  400V AC 3,7kW ND 5,5kW",OK,2026-09-29T00:28:14,
PR000000310974,PR000001595002,"Guardamotor 1,5kW Ir=2,5-4,0A Icu AC 400V=100kA sin UL",OK,2026-09-29T00:28:21,
PR000000310999,PR000001595003,"Variador trifásico de 400V AC salida 7,5kW ND 11kW LD 17,0A ND 23,0A LD RS485",OK,2026-09-29T00:28:28,
PR000000311205,PR000001595004,Interruptor diferencial electrónico de alta inmunidad 4P 3+N 63A 300mA 230/400VAC IEC61008-1 venta,OK,2026-09-29T00:28:35,
PR000000311364,PR000001595005,Interruptor diferencial electrónico de alta inmunidad 2P 1+N 63A 30mA 230VAC IEC61008-1 venta por c,OK,2026-09-29T00:28:42,
PR000000311469,PR000001595006,"Variador de frecuencia para motor con inominal 47A entrada 3x380-480V 50/60Hz salida 3x400V 0,5-400H",OK,2026-09-29T00:28:49,
PR000000312823,PR000001595007,Teléfono serie 7 T-71U con llamada electrónica,OK,2026-09-29T00:28:56,
PR000000312930,PR000001595008,Tapa perfil aluminio EDEC TA-33SL-G para tiras LED,OK,2026-09-29T00:29:03,
PR000000313962,PR000001595009,Contratuerca metálica PG16,OK,2026-09-29T00:29:10,
PR000000313985,PR000001595010,Contratuerca metálica PG21,OK,2026-09-29T00:29:17,
PR000000315293,PR000001595011,Bobina hilo estaño sin plomo 1mm 100 GR.,OK,2026-09-29T00:29:26,
PR000000316666,PR000001595012,Detector FDO500 óptico analógico,OK,2026-09-29T00:29:33,
PR000000316910,PR000001595013,Gel aislante SEAL BIT 2+,OK,2026-09-29T00:29:41,
PR000000317025,PR000001595014,Caja manguera UTP-CAT6ELH 305m Cu,OK,2026-09-29T00:29:48,
PR000000317290,PR000001595015,Manguera 8 conductores multifilar,OK,2026-09-29T00:29:56,
PR000000317433,PR000001595016,Transformador LED de tensión constante 150W 24VDC 220-240V,OK,2026-09-29T00:30:04,
PR000000317800,PR000001595017,Lámpara CorePro LEDtube 600mm 8W 840 T8,OK,2026-09-29T00:30:11,
PR000000319263,PR000001595018,Luminaria estanca WT120C LED18S/840 PSU L600,OK,2026-09-29T00:30:19,
PR000000320480,PR000001595019,Juego pieza final para 4MX900 9MX056 EP-900 blanco (2u),OK,2026-09-29T00:30:26,
PR000000320953,PR000001595020,Driver LED Transformer 60W 24VDC,OK,2026-09-29T00:30:33,
PR000000322857,PR000001595021,Caja general de protección ENDESA 400/9 con bases BUC+BC,OK,2026-09-29T00:36:26,
PR000000323011,PR000001595022,"Sujetacables SC-6-B 1/4"" acero galvanizado en caliente",OK,2026-09-29T00:36:33,
PR000000323425,PR000001595023,Caja general de protección 9-400/BUC,OK,2026-09-29T00:36:40,
PR000000324015,PR000001595024,Base unipolar cerrado caja general de protección 9 100/160A,OK,2026-09-29T00:36:48,
PR000000324224,PR000001595025,Caja UNINTER S33 MT64 540x360x171 con tapa transparente,OK,2026-09-29T00:36:56,
PR000000324280,PR000001595026,Tapa transparente TO7030-A,OK,2026-09-29T00:37:04,
PR000000324293,PR000001595027,Caja de alumbrado DF20/0 tetrapolar vacía,OK,2026-09-29T00:37:12,
PR000000324443,PR000001595028,Canalera tipo 2 caja general de protección 160/250A,OK,2026-09-29T00:37:20,
PR000000339670,PR000001595029,Luminaria de emergencia Nova LD 2N5A blanco,OK,2026-09-29T00:37:28,
PR000000347599,PR000001595030,Pantalla fluorescente Estanca-40-N10-TCA 36W,OK,2026-09-29T00:37:36,
PR000000362130,PR000001595031,Luminaria emergencia IKUS-S 3P DALI 1RT/RTD1634 blanco,OK,2026-09-29T00:37:44,
PR000000396165,PR000001595032,Sujeta cable exterior 07690LHA,OK,2026-09-29T00:37:52,
PR000000406245,PR000001595033,"Cinta aislante autosoldable Scotch 23 9,15x19",OK,2026-09-29T00:38:00,
PR000000406593,PR000001595034,"Masilla aislante Scotchfil 1,5x38",OK,2026-09-29T00:38:08,
PR000000406698,PR000001595035,Kit empalme recto Scotchcast 92-NB-A0,OK,2026-09-29T00:38:16,
PR000000406835,PR000001595036,Cinta Temflex 155 19mm x 20m negro,OK,2026-09-29T00:38:24,
PR000000408572,PR000001595037,Prensaestopa en poliamida MAXIblock rosca M40 gris claro con contratuerca,OK,2026-09-29T00:38:32,
PR000000408726,PR000001595038,Prensaestopa en poliamida MAXIblock rosca M32 gris claro con contratuerca,OK,2026-09-29T00:38:39,
PR000000408727,PR000001595039,Prensaestopa en poliamida MAXIblock rosca M16 gris claro con contratuerca,OK,2026-09-29T00:38:47,
PR000000411928,PR000001595040,terminales preaislados PF,OK,2026-09-29T00:38:55,
PR000000412040,PR000001595041,"Tuerca en latón niquelado EMC M20x1,5 para Prensaestopa",OK,2026-09-29T00:44:47,
PR000000412144,PR000001595042,Terminal Cu norma francesa sección 25mm2 borne diámetro 8mm,OK,2026-09-29T00:44:54,
PR000000412423,PR000001595043,Grapa latón Pica 14-16MM 2 tornillos cable 16-50mm2 puesta a tierra,OK,2026-09-29T00:45:01,
PR000000413000,PR000001595044,Puntera hueca en banda CPKE108 sección 1mm2 rojo,OK,2026-09-29T00:45:08,
PR000000413202,PR000001595045,Puntera hueca PKD preaislado 16mm2 largo 12mm azul (Bolsa 100u),OK,2026-09-29T00:45:15,
PR000000413399,PR000001595046,Regleta unipolar ZETApiu sección 6mm2 10 vías,OK,2026-09-29T00:45:22,
PR000000413564,PR000001595047,"Puntera hueca doble PKT TWIN 2x6mm2 largo 14,0mm amarillo (Bolsa 100u)",OK,2026-09-29T00:45:29,
PR000000413705,PR000001595048,"Manguito preaislado PVC sección 0,25-1,5mm2 largo 25mm rojo",OK,2026-09-29T00:45:37,
PR000000413712,PR000001595049,"Puntera hueca PKE preaislado 6mm2 largo 12,0mm verde (Bolsa 100u)",OK,2026-09-29T00:45:44,
PR000000413717,PR000001595050,"Puntera hueca PKE preaislado 25mm2 largo 16,0mm negro (Bolsa 50u)",OK,2026-09-29T00:45:51,
PR000000414452,PR000001595051,Manguito punta - punta Cu baja tensión sección 10mm2,OK,2026-09-29T00:45:58,
PR000000414507,PR000001595052,Manguito punta - punta Cu baja tensión sección 4-6mm2,OK,2026-09-29T00:46:05,
PR000000417108,PR000001595053,"Protector faston H 6,3mm 2 cables para terminales desconectables azul",OK,2026-09-29T00:46:12,
PR000000417255,PR000001595054,"Protector faston H 6,3mm 2 cables para terminales desconectables rojo",OK,2026-09-29T00:46:19,
PR000000417326,PR000001595055,Puntera hueca PKE preaislado 4mm2 largo 10mm naranja (Bolsa 100u),OK,2026-09-29T00:46:26,
PR000000417480,PR000001595056,"Terminal presión Cu baja tensión A7-M10 sección 35mm2 diámetro 10,5mm",OK,2026-09-29T00:46:33,
PR000000417985,PR000001595057,"Terminal presión Cu baja tensión A24B-M10/19 sección 120mm2 diámetro 10,5mm pala 19mm",OK,2026-09-29T00:46:39,
PR000000431100,PR000001595058,Cinta entintada RIBBON MM 110/360 SW (2005070000) Impresora Weidmüller THM MMP,OK,2026-09-29T00:46:46,
PR000000433735,PR000001595059,"Cable patch FL CAT5 PATCH 0,5",OK,2026-09-29T00:46:54,
PR000000436373,PR000001595060,Borne de paso UT 35,OK,2026-09-29T00:47:01,
PR000000439402,PR000001595061,Bloque de conexión G 10/3,OK,2026-09-29T00:52:53,
PR000000439940,PR000001595062,Borne de tierra para carril UT 6-PE,OK,2026-09-29T00:53:00,
PR000000442313,PR000001595063,Borne de paso UT 16,OK,2026-09-29T00:53:07,
PR000000444917,PR000001595064,Contratuerca A-INL-NPT3/4-N-S,OK,2026-09-29T00:53:15,
PR000000447419,PR000001595065,"Cable Patch FL CAT6 PATCH 20,0",OK,2026-09-29T00:53:22,
PR000000448511,PR000001595066,Borna de tierra para carril USLKG 10,OK,2026-09-29T00:53:29,
PR000000450187,PR000001595067,Borne de paso UT 10,OK,2026-09-29T00:53:36,
PR000000450452,PR000001595068,"Borna de tierra para carril USLKG 2,5",OK,2026-09-29T00:53:43,
PR000000453100,PR000001595069,Conector macho CAT5e en azul VS-08-NP-RJ45-BU,OK,2026-09-29T00:53:50,
PR000000455971,PR000001595070,"Carril simétrico perforado NS 35/7,5 PERF (18X5,2) 2000MM",OK,2026-09-29T00:53:58,
PR000000463548,PR000001595071,Puntera con manguito AI 6-12 YE,OK,2026-09-29T00:54:05,
PR000000466752,PR000001595072,Bloque de conexión G 10/2,OK,2026-09-29T00:54:12,
PR000000468395,PR000001595073,"Puntera con manguito AI-TWIN 2X2,5-10 BU",OK,2026-09-29T00:54:19,
PR000000468561,PR000001595074,"Puntera con manguito AI 1,5-8 BK",OK,2026-09-29T00:54:26,
PR000000470368,PR000001595075,"Prensaestopas VC-K-KV-PG21 (17-20,5)",OK,2026-09-29T00:54:33,
PR000000472248,PR000001595076,Puntera con manguito AI 35-16 BE,OK,2026-09-29T00:54:40,
PR000000472487,PR000001595077,Módulo EMG 10-LG,OK,2026-09-29T00:54:47,
PR000000473237,PR000001595078,Carril simétrico perforado NS 35/15 BLK PERF 2000MM,OK,2026-09-29T00:54:54,
PR000000474268,PR000001595079,"Puntera doble preaislado AI2X2,5/13 Twin Azul",OK,2026-09-29T00:55:01,
PR000000474761,PR000001595080,Borne de paso UKH-70,OK,2026-09-29T00:55:08,
PR000000475408,PR000001595081,"Puntera con manguito AI 2,5-12 BU",OK,2026-09-29T01:01:31,
PR000000475411,PR000001595082,Borne de tierra para carril UT 10-PE,OK,2026-09-29T01:01:39,
PR000000477917,PR000001595083,Borne de corriente UKH 50,OK,2026-09-29T01:01:47,
PR000000477968,PR000001595084,Borne de paso UT 6,OK,2026-09-29T01:01:55,
PR000000480018,PR000001595085,"Puntera con manguito AI 0,5-10 WH",OK,2026-09-29T01:02:03,
PR000000482049,PR000001595086,"Cable de datos SAC-3P-100,0-180/0,25",OK,2026-09-29T01:02:12,
PR000000484118,PR000001595087,"Borne para placa de circuito impreso MKDSP 25/2-15,00",OK,2026-09-29T01:02:20,
PR000000485642,PR000001595088,"Borne de paso UT 2,5",OK,2026-09-29T01:02:28,
PR000000491543,PR000001595089,"Cable patch FL CAT5 PATCH 0,3",OK,2026-09-29T01:02:37,
PR000000496661,PR000001595090,Puntera con manguito AI 4-10 GY,OK,2026-09-29T01:02:45,
PR000000506928,PR000001595091,"Caja SACB-6/6-L- 10,0PUR SCO P de sensores/ actuadores",OK,2026-09-29T01:02:53,
PR000000507528,PR000001595092,Puntera con manguito AI 10-18 RD,OK,2026-09-29T01:03:01,
PR000000510574,PR000001595093,Conexión 7m conector canon/Jack macho,OK,2026-09-29T01:03:10,
PR000000510769,PR000001595094,Cable datos DK6000 U/UTP Dca Cu 23AWG CAT6 LSFH 305m violeta,OK,2026-09-29T01:03:18,
PR000000510796,PR000001595095,Conector datos RJ45 FTP Cat6A H + soporte carril DIN,OK,2026-09-29T01:03:26,
PR000000510977,PR000001595096,Conector datos RJ45 UTP CAT-6 M,OK,2026-09-29T01:03:35,
PR000000511013,PR000001595097,Toma terminal separadora 2 conectores TV+FM/SAT,OK,2026-09-29T01:03:43,
PR000000511075,PR000001595098,Conector RJ45 macho UTP Cat 6A para cables de datos,OK,2026-09-29T01:03:51,
PR000000511084,PR000001595099,Derivador F 2D 5...1220MHz 4dB (DOCSIS 3.1),OK,2026-09-29T01:04:02,
PR000000511149,PR000001595100,Cable de datos DK6000 U/UTP Cat 6 Dca LSFH 24AWG en color blanco,OK,2026-09-29T01:04:12,
PR000000511625,PR000001595101,Amplificador multicanal T12 TDT canal 3235 470862MHz G50dB Vs125dBÁV,OK,2026-09-29T01:10:30,
PR000000511981,PR000001595102,Pelacables,OK,2026-09-29T01:10:37,
PR000000511987,PR000001595103,"Prolongador ACH-REM 9,5mm diámetro 1,5m blister",OK,2026-09-29T01:10:45,
PR000000512238,PR000001595104,Cable coaxial CU CXT con cubierta negro,OK,2026-09-29T01:10:52,
PR000000512243,PR000001595105,"Conector H diámetro 9,5mm",OK,2026-09-29T01:11:00,
PR000000512264,PR000001595106,"Conector M diámetro 9,5mm",OK,2026-09-29T01:11:07,
PR000000512272,PR000001595107,Cable coaxial CXT LSFH Dca 18RtC blanco,OK,2026-09-29T01:11:14,
PR000000517448,PR000001595108,"Sensor E3FARP21OMI (fotocèl·lula 0,1-4m PNP Connector M12) Plástico Espejo (no incluido)",OK,2026-09-29T01:11:21,
PR000000518284,PR000001595109,Fotocélula espejo 7m relé cable 2m Lite,OK,2026-09-29T01:11:28,
PR000000518294,PR000001595110,Cámara de videovigilancia para Interiores 3000TVL AHD 1080P,OK,2026-09-29T01:11:36,
PR000000520068,PR000001595111,Temporizador multifunción 11 pines DPDT 667919,OK,2026-09-29T01:11:43,
PR000000520167,PR000001595112,Temporizador H3CR-A-301 100-240AC/100-125DC,OK,2026-09-29T01:11:50,
PR000000520487,PR000001595113,Relé SPDT 50mA borna+base Push-in+ 230VCA,OK,2026-09-29T01:11:57,
PR000000521583,PR000001595114,"Cámara inteligente F420, monocromo de 1.2mpx, vista amplia, enfoque fijo de 190mm, luz blanca, Auto",OK,2026-09-29T01:12:04,
PR000000522731,PR000001595115,"Variador omron 3G3MX2-A4015-EV2 400V AC, 1,5/2,2KW, 4,8/5,4A(HD/ND), vector sin disipador,",OK,2026-09-29T01:12:12,
PR000000525583,PR000001595116,Relé enchufable DPDT 5A LED indicador pulsador prueba,OK,2026-09-29T01:12:19,
PR000000526834,PR000001595117,Módulo expansión 12/8 E/S salidas relé,OK,2026-09-29T01:12:26,
PR000000527141,PR000001595118,Sensor solo para el conjunto de interruptores magnéticos de proximidad GLS-1,OK,2026-09-29T01:12:33,
PR000000528046,PR000001595119,"Fuente de alimentación 60W/24V/2,5A carril DIN",OK,2026-09-29T01:12:40,
PR000000528446,PR000001595120,Magnético acero codificado 1NA 100mA LED CAT4 M12-8,OK,2026-09-29T01:12:47,
PR000000528791,PR000001595121,Fuente de alimentación S8VKG12024 120W/24V/5A,OK,2026-09-29T01:18:46,
PR000000536420,PR000001595122,Bloque contactos 1NA,OK,2026-09-29T01:18:54,
PR000000538465,PR000001595123,Conector con cable recto 4 hilos M12 2m,OK,2026-09-29T01:19:02,
PR000000538536,PR000001595124,Borne tierra tornillo TS35 16mm2 12mm verde amarillo,OK,2026-09-29T01:19:11,
PR000000538795,PR000001595125,Base G2R-2-S con 8 pines carril DIN PRO,OK,2026-09-29T01:19:19,
PR000000540406,PR000001595126,Tarifa por hora de viaje,OK,2026-09-29T01:19:27,
PR000000540433,PR000001595127,Kilometraje permitido - valor por kilómetro,OK,2026-09-29T01:19:35,
PR000000540719,PR000001595128,Torre de iluminación Unidad de interfaz LVS 75xx,OK,2026-09-29T01:19:43,
PR000000542778,PR000001595129,Tensor 44506-4700 SM06-TG00 para serie ER,OK,2026-09-29T01:19:51,
PR000000546327,PR000001595130,"Puntera preaislada AI 1,5/18 negro",OK,2026-09-29T01:20:00,
PR000000546360,PR000001595131,Prensaestopas KPE-M25 gris,OK,2026-09-29T01:20:08,
PR000000546397,PR000001595132,Puntera doble preaislado AI 2x1/8 twin rojo,OK,2026-09-29T01:20:17,
PR000000546403,PR000001595133,Capuchón conexión B100 10P,OK,2026-09-29T01:20:24,
PR000000546461,PR000001595134,"Puntera doble preaislado AI 2x2,5/10 twin azul",OK,2026-09-29T01:20:31,
PR000000546479,PR000001595135,Minutero escalera electromecánico KSC-01 montaje carril DIN,OK,2026-09-29T01:20:38,
PR000000546511,PR000001595136,Prensaestopas KPE-M40 gris,OK,2026-09-29T01:20:45,
PR000000546512,PR000001595137,Prensaestopas KPE-PG-16 gris,OK,2026-09-29T01:20:52,
PR000000546515,PR000001595138,Capuchón conexión B25 5P,OK,2026-09-29T01:21:00,
PR000000546560,PR000001595139,Puntera doble preaislado AI 2x6/14 twin amarillo,OK,2026-09-29T01:21:08,
PR000000546561,PR000001595140,Regleta TS16NA natural,OK,2026-09-29T01:21:16,
PR000000546674,PR000001595141,Prensaestopas KPE-M16 gris,OK,2026-09-29T01:27:05,
PR000000546730,PR000001595142,Prensaestopas KPE-M12 gris,OK,2026-09-29T01:27:14,
PR000000546736,PR000001595143,Enrrollacable KEC-50 50m blanco,OK,2026-09-29T01:27:22,
PR000000546768,PR000001595144,"Puntera doble preaislado AI 2x0,5/8 twin blanco",OK,2026-09-29T01:27:29,
PR000000546773,PR000001595145,Puntera doble preaislado AI 2x10/14 twin rojo,OK,2026-09-29T01:27:37,
PR000000546776,PR000001595146,Capuchón conexión B60 10P,OK,2026-09-29T01:27:44,
PR000000546780,PR000001595147,Capuchones de conexión B250 5P,OK,2026-09-29T01:27:51,
PR000000546845,PR000001595148,Prensaestopas KPE-PG-13. 5 gris,OK,2026-09-29T01:27:58,
PR000000546849,PR000001595149,Terminal bimetálico KTBIM 25,OK,2026-09-29T01:28:05,
PR000000546871,PR000001595150,"Brida poliamida 4,8x200mm BK negra",OK,2026-09-29T01:28:12,
PR000000546876,PR000001595151,Capuchón conexión B40 10P,OK,2026-09-29T01:28:19,
PR000000546893,PR000001595152,Prensaestopas KPE-M20 gris,OK,2026-09-29T01:28:27,
PR000000546900,PR000001595153,Capuchón conexión B100 5P,OK,2026-09-29T01:28:35,
PR000000546919,PR000001595154,Manguito conexión tubular KCC 10 cobre,OK,2026-09-29T01:28:43,
PR000000546956,PR000001595155,Prensaestopas KPE-M32 gris,OK,2026-09-29T01:28:51,
PR000000546957,PR000001595156,Capuchón conexión B160 10P,OK,2026-09-29T01:28:59,
PR000000546971,PR000001595157,"Bridas detectables 4,8x300 BD",OK,2026-09-29T01:29:07,
PR000000547004,PR000001595158,Capuchón conexión B40 5P,OK,2026-09-29T01:29:15,
PR000000547029,PR000001595159,"Terminal preaislado KPR 2,5/6 azul",OK,2026-09-29T01:29:23,
PR000000547060,PR000001595160,Prensaestopas KPE-PG-42 gris,OK,2026-09-29T01:29:31,
PR000000547065,PR000001595161,Terminal bimetálico KTBIM 16,OK,2026-09-29T01:35:20,
PR000000547110,PR000001595162,"Inversor SAI Schneider Electric Easy UPS BVS, 800 VA, 230V ac, 4 salidas",OK,2026-09-29T01:35:27,
PR000000547119,PR000001595163,Puntera doble preaislado AI 2x4/12 twin gris,OK,2026-09-29T01:35:34,
PR000000547182,PR000001595164,Capuchón conexión B60 5P,OK,2026-09-29T01:35:41,
PR000000547211,,Maletín herramientas Troley XH 142PZ Xhander,FAIL_CREATE,2026-10-01T10:24:02,"POST item falló 400: {""error"":{""code"":""Application_FieldValidationException"",""message"":""Type must be equal to 'Inventory'  in Item: No.=PR000001596545. Current value is 'Service'.  CorrelationId:  d35923c4-4917-412d-88d5-9a618c2da32b."",""target"":""inventoryPostingGroupCode""}}"
PR000000547264,PR000001595165,Fusible NH-00 gG 160A 500V con indicador superior,OK,2026-09-29T01:35:49,
PR000000547321,PR000001595166,Base portafusible PMX-14 3 módulos 2P 14x51 con indicador,OK,2026-09-29T01:35:56,
PR000000547402,PR000001595167,Transformador monofásico TR24 2500VA 230-400V,OK,2026-09-29T01:36:03,
PR000000548230,PR000001595168,Base 1P NH-00 160A tornillo,OK,2026-09-29T01:36:10,
PR000000548269,PR000001595169,Fusible UTE 50A 14x51 gl-gG T-1 500V con indicador,OK,2026-09-29T01:36:17,
PR000000548487,PR000001595170,Fusible de cristal 15A 6x32 rápido sobrecalibrado,OK,2026-09-29T01:36:24,
PR000000548758,PR000001595171,"Cable RV-K 0,6/1kV 5G2,5mm2 negro (Bobina)",OK,2026-09-29T01:36:31,
PR000000548943,PR000001595172,"Cable RZ1-K 0,6/1kV 5G10mm2 verde claro (Bobina)",OK,2026-09-29T01:36:38,
PR000000548979,PR000001595173,Cable silicona 3G1mm2 negro (Bobina),OK,2026-09-29T01:36:45,
PR000000549013,PR000001595174,"Cable RZ 0,6/1kV 5x6mm2 negro negro negro negro negro (Bobina)",OK,2026-09-29T01:36:52,
PR000000549233,PR000001595175,"Cable RV 0,6/1kV 5G16mm2 negro (Bobina)",OK,2026-09-29T01:36:59,
PR000000549244,PR000001595176,"Cable RV-K 0,6/1kV 4G1,5mm2 negro (Bobina)",OK,2026-09-29T01:37:07,
PR000000549363,PR000001595177,Cable silicona 4G6mm2 negro (Bobina),OK,2026-09-29T01:37:14,
PR000000549435,PR000001595178,Broca de percusión SDS Plus 16x450,OK,2026-09-29T01:37:21,
PR000000549455,PR000001595179,Guantes Electricista 1000 V Talla 10,OK,2026-09-29T01:37:29,
PR000000549597,PR000001595180,Juego Destornilladores 2 PZ 6 piezas,OK,2026-09-29T01:42:59,
PR000000549672,PR000001595181,Llave Universal para Armarios Maniobras,OK,2026-09-29T01:43:07,
PR000000549788,PR000001595182,Broca de percusión SDS Plus 10x450,OK,2026-09-29T01:43:14,
PR000000549861,PR000001595183,Guantes Electricista 1000V Talla 9,OK,2026-09-29T01:43:21,
PR000000549968,PR000001595184,Empalme (conector) DIN -40500 - DC 10,OK,2026-09-29T01:43:28,
PR000000550301,PR000001595185,Punteras 25mm,OK,2026-09-29T01:43:35,
PR000000550585,PR000001595186,"Broca espiral DIN 338/HSS Tipo N 3,3mm Cobalto",OK,2026-09-29T01:43:42,
PR000000550594,PR000001595187,"Sierras de corona bimetálica con dentado fino, 8% de cobalto 25 Ø",OK,2026-09-29T01:43:49,
PR000000550793,PR000001595188,"Broca espiral DIN 338/HSS Tipo N 8,5mm Cobalto",OK,2026-09-29T01:43:56,
PR000000550844,PR000001595189,"Sierras de corona bimetálica con dentado fino, 8% de cobalto 20 Ø",OK,2026-09-29T01:44:03,
PR000000550931,PR000001595190,"Broca espiral DIN 338/HSS Tipo N 3,5mm Cobalto",OK,2026-09-29T01:44:09,
PR000000551004,PR000001595191,Terminal aluminio -DIN 46329 - 35 mm M10,OK,2026-09-29T01:44:16,
PR000000551458,PR000001595192,Carro plegable porta caja SYSCON TROLLY,OK,2026-09-29T01:44:23,
PR000000551518,PR000001595193,Sierra corona bimetálico HSS dentado triscado diámetro 111,OK,2026-09-29T01:44:30,
PR000000551623,PR000001595194,Terminal tubular 90º 70mm2 M8,OK,2026-09-29T01:44:37,
PR000000551626,PR000001595195,Terminal tubular 90º 16mm2 M10,OK,2026-09-29T01:44:44,
PR000000551633,PR000001595196,Terminal tubular 90º 35mm2 M8,OK,2026-09-29T01:44:51,
PR000000551875,PR000001595197,Tuerca hexagonal M6 acero galvanizado,OK,2026-09-29T01:44:58,
PR000000551969,PR000001595198,"Tornillo montaje autoroscante 4,2x25mm galvanizado",OK,2026-09-29T01:45:04,
PR000000552040,PR000001595199,Tornillo cabeza hexagonal para madera 8x50mm galvanizado,OK,2026-09-29T01:50:33,
PR000000552174,PR000001595200,Terminal cobre tubular 150-10,OK,2026-09-29T01:50:40,
PR000000552353,PR000001595201,Terminal cobre tubular 70-10,OK,2026-09-29T01:50:46,
PR000000552359,PR000001595202,Terminal cobre tubular 16-10,OK,2026-09-29T01:50:53,
PR000000552380,PR000001595203,"batería adicional para aparatos 14,4V",OK,2026-09-29T01:51:00,
PR000000552453,PR000001595204,Terminal cobre tubular 35-10,OK,2026-09-29T01:51:07,
PR000000552497,PR000001595205,Sierra corona bimetálica 76mm diámetro 3,OK,2026-09-29T01:51:14,
PR000000552583,PR000001595206,Broca para piedra HIGH-HELIX 4x85mm,OK,2026-09-29T01:51:22,
PR000000553237,PR000001595207,"Punteras gemelas 1,0mm rojo",OK,2026-09-29T01:51:29,
PR000000553428,PR000001595208,Terminal clavija 70mm,OK,2026-09-29T01:51:36,
PR000000553723,PR000001595209,"Punteras gemelas 10,0mm",OK,2026-09-29T01:51:43,
PR000000553760,PR000001595210,Puntera 50mm cobre azul,OK,2026-09-29T01:51:50,
PR000000553762,PR000001595211,Puntera 16mm cobre azul,OK,2026-09-29T01:51:57,
PR000000553769,PR000001595212,"Punteras gemelas 6,0mm",OK,2026-09-29T01:52:04,
PR000000553803,PR000001595213,Terminal para aplastar M12 E-Cu 150mm2,OK,2026-09-29T01:52:11,
PR000000553939,PR000001595214,Broca escalonada 4-20mm,OK,2026-09-29T01:52:18,
PR000000554336,PR000001595215,Botas de electricista talla 44-45,OK,2026-09-29T01:52:25,
PR000000554360,PR000001595216,Broca para piedra d-8mm,OK,2026-09-29T01:52:32,
PR000000554724,PR000001595217,"Tira de punteras 1,5/8 negro",OK,2026-09-29T01:52:39,
PR000000554800,PR000001595218,Cúter de seguridad 18mm,OK,2026-09-29T01:58:36,
PR000000554996,PR000001595219,Matriz para terminales tubulares 120mm2,OK,2026-09-29T01:58:44,
PR000000555256,PR000001595220,Matriz para terminal tubular punzado 120 mm2,OK,2026-09-29T01:58:53,
PR000000555588,PR000001595221,Pistola para cartucho profi 310ml,OK,2026-09-29T01:59:01,
PR000000555597,PR000001595222,Cubo para obra con asa plástico 12l negro,OK,2026-09-29T01:59:09,
PR000000555646,PR000001595223,"Llave vaso destornillador hexagonal 1/4"" 8mm",OK,2026-09-29T01:59:17,
PR000000555674,PR000001595224,Spray teflon Hupptfe 400ml,OK,2026-09-29T01:59:26,
PR000000555711,PR000001595225,"Juego de atornillador allen cabezal esférica INOX 1,5-10 (9 unidades)",OK,2026-09-29T01:59:34,
PR000000555736,PR000001595226,Spray para marcar Hupmark 500ml rosa luminoso,OK,2026-09-29T01:59:42,
PR000000555778,PR000001595227,"Llave carraca reversible 1/4""",OK,2026-09-29T01:59:50,
PR000000555788,PR000001595228,Puntera aisladas 16mm cobre blanco,OK,2026-09-29T01:59:57,
PR000000555804,PR000001595229,Spray silicona Hupsil 400ml,OK,2026-09-29T02:00:05,
PR000000555840,PR000001595230,Bolsa basura 1100x700 120l (rollo 10 unidades),OK,2026-09-29T02:00:12,
PR000000555847,PR000001595231,Palo escoba 1400mm,OK,2026-09-29T02:00:19,
PR000000555849,PR000001595232,Juego de botas seguridad con aislamiento talla 42 negro,OK,2026-09-29T02:00:27,
PR000000555881,PR000001595233,Cargador rápido Li-on 18v,OK,2026-09-29T02:00:34,
PR000000556309,PR000001595234,Luminaria estanca EVOLUTION SATI permanente 150 1h SATI,OK,2026-09-29T02:00:41,
PR000000558298,PR000001595235,Luminaria emergencia GS 210lm 1h no permanente blanco,OK,2026-09-29T02:00:48,
PR000000558338,PR000001595236,Luminaria emergencia GS 325lm 1h no permanente blanco,OK,2026-09-29T02:00:55,
PR000000558341,PR000001595237,Luminaria emergencia GS 165lm 1h no permanente blanco,OK,2026-09-29T02:06:54,
PR000000558388,PR000001595238,Caja de empotrar equipo para serie GS,OK,2026-09-29T02:07:03,
PR000000558648,PR000001595239,Sonda de nivel por boya flotante,OK,2026-09-29T02:07:11,
PR000000559409,PR000001595240,"Interfaz modular con relé SERIE 4C, montaje en carril 35mm, zócalo con bornes de jaula, 2 contacto",OK,2026-09-29T02:07:19,
PR000000559619,PR000001595241,Abrazadera isofónica M12 para tubo diámetro exterior 250 M12 reforzada,OK,2026-09-29T02:07:27,
PR000000559787,PR000001595242,"Relé de vigilancia de tensión de red trifásica SERIE 70, 1 contacto conmutado, 6A, 380...415V AC,",OK,2026-09-29T02:07:35,
PR000000559976,PR000001595243,Abrazadera isofónica diámetro 50 M8/M10,OK,2026-09-29T02:07:43,
PR000000559988,PR000001595244,Abrazadera isofónica Bismat 1000 Walraven DN75,OK,2026-09-29T02:07:52,
PR000000560043,PR000001595245,Abrazadera isofónica para tubo diámetro exterior 32mm M8,OK,2026-09-29T02:08:00,
PR000000560049,PR000001595246,Abrazadera isofónica diámetro 40 M8/M10,OK,2026-09-29T02:08:08,
PR000000560081,PR000001595247,Abrazadera isofónica para tubo diámetro exterior 75mm M8/M10,OK,2026-09-29T02:08:16,
PR000000560114,PR000001595248,"Contactor modular SERIE 22, 2NA 25A AgSnO2, 24V AC/DC, selector Auto-On-Off + indicador mecánico +",OK,2026-09-29T02:08:24,
PR000000560350,PR000001595249,"Temporizador modular multifunción SERIE 80, 1 contacto conmutado, 8A, 24...240V AC/DC",OK,2026-09-29T02:08:32,
PR000000560410,PR000001595250,"Contactor modular SERIE 22, 2NA 25A AgSnO2, 230V AC/DC, selector Auto-On-Off + indicador mecánico +",OK,2026-09-29T02:08:40,
PR000000560541,PR000001595251,Tapa reforzada TAR-5555-G 55x55cm color gris,OK,2026-09-29T02:08:48,
PR000000560697,PR000001595252,Junta inodoro a manguito QW-17 diámetro 90-110,OK,2026-09-29T02:08:56,
PR000000561053,PR000001595253,Tapa reforzada 30x30cm TAR-3030-G color gris GAMA 30x30,OK,2026-09-29T02:09:04,
PR000000561118,PR000001595254,"Mini-relé para circuito impreso/enchufable-reticulado 5mm SERIE 40, 2 contactos conmutados, 8A, AgN",OK,2026-09-29T02:09:13,
PR000000561157,PR000001595255,Canalón PVC CA-33-R 330mm gris oscuro RAL7037,OK,2026-09-29T02:09:21,
PR000000561181,PR000001595256,Gancho para canalón GB-33-PB 330mm blanco RAL9016,OK,2026-09-29T02:15:08,
PR000000561371,PR000001595257,"Sifón urinario B-4U-A 1.1/2"" botella corto",OK,2026-09-29T02:15:15,
PR000000561463,PR000001595258,Junta labiada para manguito inodoro QW-17 diámetro 90/110,OK,2026-09-29T02:15:23,
PR000000561553,PR000001595259,Gancho para canalón GB-33-PR 330mm gris oscuro RAL7037,OK,2026-09-29T02:15:30,
PR000000561605,PR000001595260,Plafón embellecedor B-101-40 para tubo diámetro 40,OK,2026-09-29T02:15:37,
PR000000561687,PR000001595261,Válvula PVC de riego VR-63 DN63mm,OK,2026-09-29T02:15:44,
PR000000561735,PR000001595262,Tubo DN50 PN 6Atm de PVC con unión encolada para abastecimiento y distribución,OK,2026-09-29T02:15:52,
PR000000561813,PR000001595263,Bote sifónico B-S-AR diámetro 110,OK,2026-09-29T02:15:59,
PR000000561845,PR000001595264,Tapón de reducción V-5-AR diámetro 110-50,OK,2026-09-29T02:16:06,
PR000000561963,PR000001595265,Manguito de unión hembra - hembra 45º KH-B diámetro 40,OK,2026-09-29T02:16:13,
PR000000562017,PR000001595266,"Tubo de evacuación estructurada UNE-EN 1453-1 DN40mm espesor 3,0mm 5m con junta pegada",OK,2026-09-29T02:16:21,
PR000000567258,PR000001595267,"Vaina de inmersión A-22P-A26, G1/2"", SW22, 300mm, latón, para sensores 01DT-..R/22DT-..R",OK,2026-09-29T02:16:28,
PR000000569403,PR000001595268,"Racor fijo H EasyPress 16x1/2""",OK,2026-09-29T02:16:35,
PR000000569486,PR000001595269,Codo PPSU Rayper 16,OK,2026-09-29T02:16:43,
PR000000569595,PR000001595270,Codo PPSU Rayper 20,OK,2026-09-29T02:16:50,
PR000000569772,PR000001595271,Anillo Rayper diámetro 32 blanco,OK,2026-09-29T02:16:58,
PR000000569870,PR000001595272,Te Multipex PPSU 25-16-25,OK,2026-09-29T02:17:05,
PR000000569900,PR000001595273,"Racor M Rayper 16x1/2""",OK,2026-09-29T02:17:12,
PR000000569958,PR000001595274,"Racor fijo M EasyPress 32x1""",OK,2026-09-29T02:17:19,
PR000000569976,PR000001595275,"Racor fijo M Multipex 32-1""",OK,2026-09-29T02:23:07,
PR000000570067,PR000001595276,"Racor M Rayper 20x1/2""",OK,2026-09-29T02:23:15,
PR000000570129,PR000001595277,Codo Multipex 20,OK,2026-09-29T02:23:22,
PR000000570359,PR000001595278,"Racor M Rayper 32x1""",OK,2026-09-29T02:23:29,
PR000000570403,PR000001595279,"Manguito reducido Multipex 20x2,0/16x2,0",OK,2026-09-29T02:23:37,
PR000000570405,PR000001595280,"Te salida H Multipex 20x2,0-1/2""",OK,2026-09-29T02:23:45,
PR000000570411,PR000001595281,"Racor fijo M EasyPress 25x1""",OK,2026-09-29T02:23:54,
PR000000570755,PR000001595282,Manguito de reducción diámetro 20-16 PPSU,OK,2026-09-29T02:24:02,
PR000000570769,PR000001595283,Te Multipex PPSU 20-16-16/20x2,OK,2026-09-29T02:24:10,
PR000000570795,PR000001595284,"Racor móvil Rayper 25x3/4""",OK,2026-09-29T02:24:18,
PR000000570948,PR000001595285,"Racor M Rayper 25x3/4""",OK,2026-09-29T02:24:26,
PR000000570950,PR000001595286,Anillo Rayper diámetro 20 rojo,OK,2026-09-29T02:24:34,
PR000000570990,PR000001595287,"Tubería multicapa PERT/AL/PERT 16x2,0",OK,2026-09-29T02:24:44,
PR000000571008,PR000001595288,"Racor móvil Multipex 32-1""",OK,2026-09-29T02:24:52,
PR000000571383,PR000001595289,Mando palanca para llaves de corte,OK,2026-09-29T02:25:00,
PR000000571391,PR000001595290,"Codo terminal Multipex 20x2,0-1/2""",OK,2026-09-29T02:25:08,
PR000000571421,PR000001595291,Manguito reducido PPSU Rayper 20x16,OK,2026-09-29T02:25:16,
PR000000572213,PR000001595292,"Reducción M-H 1/2x1/4"" latón",OK,2026-09-29T02:25:25,
PR000000572285,PR000001595293,"Válvula compuerta STOP cierre metálico 3""",OK,2026-09-29T02:25:33,
PR000000572413,PR000001595294,"Reducción de latón conexión a roscar M-H 3/4-1/2"" , hexágono interior",OK,2026-09-29T02:31:05,
PR000000572647,PR000001595295,"Te reducida 50x4,5-32x3-50x4,5mm",OK,2026-09-29T02:31:12,
PR000000572707,PR000001595296,"Tubo multicapa 25x2,5mm PEX-Al-PEX (Barra 5m)",OK,2026-09-29T02:31:19,
PR000000572709,PR000001595297,Tubo multicapa 20x2mm PEX-Al-PEX (Barra 5m),OK,2026-09-29T02:31:26,
PR000000572847,PR000001595298,"Alargadera latón roscar M-H 1/2"" L20",OK,2026-09-29T02:31:34,
PR000000572975,PR000001595299,Codo soldar diámetro 10mm para gas butano,OK,2026-09-29T02:31:41,
PR000000573033,PR000001595300,"Tapón ciego con precinto M 7/8""",OK,2026-09-29T02:31:49,
PR000000573039,PR000001595301,Racor rampa M 20x150mm para gas propano,OK,2026-09-29T02:31:57,
PR000000573047,PR000001595302,Te soldar diámetro 10mm para gas butano,OK,2026-09-29T02:32:05,
PR000000573071,PR000001595303,"Purgador aire automático calefacción M 1/2"" latón",OK,2026-09-29T02:32:13,
PR000000573079,PR000001595304,"Válvula hexagonal MINI 1/2x1/2"" rojo",OK,2026-09-29T02:32:21,
PR000000573109,PR000001595305,Válvula V-82 20x150mm para gas propano,OK,2026-09-29T02:32:28,
PR000000573125,PR000001595306,"Alargadera latón roscar M-H 1/2"" L100 cromada",OK,2026-09-29T02:32:35,
PR000000573155,PR000001595307,"Válvula L-88 grifo lavadora esfera boca vertical 1/2x3/4""",OK,2026-09-29T02:32:42,
PR000000573187,PR000001595308,"Filtro retención STOP 2.1/2"" acero inoxidable",OK,2026-09-29T02:32:50,
PR000000573231,PR000001595309,"Válvula GCRM grifo esferal 3/4"" diámetro 20 mm boca vertical para jardín",OK,2026-09-29T02:32:57,
PR000000573237,PR000001595310,"Válvula palanca TAJO-2000 SOLAR H-H 1"" inoxidable",OK,2026-09-29T02:33:04,
PR000000573271,PR000001595311,"Manguito M tuerca exterior 1.1/2""x50mm",OK,2026-09-29T02:33:11,
PR000000573301,PR000001595312,"Manguito M tuerca exterior 1.1/4""x40mm",OK,2026-09-29T02:33:18,
PR000000573311,PR000001595313,"Te roscar M tuerca exterior 20x1/2""x20mm",OK,2026-09-29T02:39:04,
PR000000573353,PR000001595314,"Filtro retención STOP 1.1/4"" acero inoxidable",OK,2026-09-29T02:39:12,
PR000000573407,PR000001595315,"Válvula grifo esfera boca vertical palanca 1/2""x3/4"" para jardín",OK,2026-09-29T02:39:20,
PR000000573413,PR000001595316,"Válvula palanca TAJO-2000 SOLAR H-H 1.1/4"" inoxidable",OK,2026-09-29T02:39:29,
PR000000573419,PR000001595317,"Tapón M 3/8"" latón",OK,2026-09-29T02:39:37,
PR000000573453,PR000001595318,"Reducción M-H 1x1/2"" latón",OK,2026-09-29T02:39:44,
PR000000573495,PR000001595319,"Válvula palanca TURIA-3000 H-H 1.1/4x1.1/4"" cromo",OK,2026-09-29T02:39:52,
PR000000573507,PR000001595320,"Manguito H tuerca interior 1/2""x20mm",OK,2026-09-29T02:39:59,
PR000000573540,PR000001595321,"Válvula H-H 2"" palanca NPT OMEGA",OK,2026-09-29T02:40:06,
PR000000573549,PR000001595322,"Te rosca H tuerca interior 32x1""x32mm",OK,2026-09-29T02:40:13,
PR000000573570,PR000001595323,"Válvula H-H 1.1/2"" palanca NPT OMEGA",OK,2026-09-29T02:40:20,
PR000000573576,PR000001595324,"Codo H tuerca interior 3/4""x25mm",OK,2026-09-29T02:40:27,
PR000000573646,PR000001595325,"Racor fijo PRESS H-H 20x2-1/2""",OK,2026-09-29T02:40:34,
PR000000573653,PR000001595326,"Manguito unión PRESS 25x2,5mm",OK,2026-09-29T02:40:41,
PR000000573714,PR000001595327,Válvula COMBI MAC 1/2X3/4X3/8 sin T con doble anti retorno vibrada,OK,2026-09-29T02:40:48,
PR000000573731,PR000001595328,"Válvula A-80 LIPSTICK M 1/2x1/2"" sin tuerca cromo",OK,2026-09-29T02:40:56,
PR000000573732,PR000001595329,"Válvula A-80 LIPSTICK M 1/2x3/8"" sin tuerca cromo",OK,2026-09-29T02:41:03,
PR000000573792,PR000001595330,"Válvula palanca TAJO-2000 SOLAR M-H 1/2-1/2"" inoxidable cromo",OK,2026-09-29T02:41:10,
PR000000573855,PR000001595331,"Válvula A-80 ASAG-MAC M-M 1/2x3/8"" sin tuerca",OK,2026-09-29T02:41:17,
PR000000573858,PR000001595332,"Válvula retención L-85 grifo lavadora esfera boca vertical 1/2x3/4""",OK,2026-09-29T02:47:17,
PR000000573859,PR000001595333,"Válvula L-86 gris lavadora esfera boca vertical 1/2x3/4"" plafón",OK,2026-09-29T02:47:26,
PR000000573882,PR000001595334,"Unión M-M 1/2x1/2"" latón",OK,2026-09-29T02:47:34,
PR000000573905,PR000001595335,"Válvula A-80 NOVA ST 1/2x3/8""",OK,2026-09-29T02:47:43,
PR000000573919,PR000001595336,Junta goma 20/150mm,OK,2026-09-29T02:47:51,
PR000000573935,PR000001595337,Racor abocardado 5062 20/150x15mm,OK,2026-09-29T02:47:59,
PR000000573948,PR000001595338,"Racor abocardado 5066 1/2""x15mm",OK,2026-09-29T02:48:07,
PR000000573990,PR000001595339,Codo igual 16x2mm a compresión,OK,2026-09-29T02:48:15,
PR000000574003,PR000001595340,"Codo base fijación H 20x2mmx1/2""",OK,2026-09-29T02:48:23,
PR000000574019,PR000001595341,Manguito unión 20x2mm a compresión,OK,2026-09-29T02:48:31,
PR000000574041,PR000001595342,"Te H 3/4x3/4x3/4"" latón",OK,2026-09-29T02:48:39,
PR000000574046,PR000001595343,"Reducción MARSELA H-M 3/4x1/2"" latón",OK,2026-09-29T02:48:47,
PR000000574052,PR000001595344,"Alargadera M-H 1/2x1/2"" 50mm latón / cromo",OK,2026-09-29T02:48:56,
PR000000574063,PR000001595345,"Tapón M 1.1/2"" latón",OK,2026-09-29T02:49:04,
PR000000574079,PR000001595346,"Unión H-H 1/2x1/2"" latón",OK,2026-09-29T02:49:12,
PR000000574124,PR000001595347,Te igual tuerca exterior 32x32x32mm,OK,2026-09-29T02:49:20,
PR000000574147,PR000001595348,Te igual tuerca exterior 50x50x50mm,OK,2026-09-29T02:49:28,
PR000000574157,PR000001595349,Manguito doble tuerca exterior 40x40mm,OK,2026-09-29T02:49:37,
PR000000574170,PR000001595350,"Válvula Ax80 TECH 1/2x3/8"" sin tuerca",OK,2026-09-29T02:49:45,
PR000000574178,PR000001595351,Soporte contador G4 lateral,OK,2026-09-29T02:55:53,
PR000000574184,PR000001595352,Soporte contador G4 recto,OK,2026-09-29T02:56:01,
PR000000574215,PR000001595353,Derivación goma-latón para gas butano,OK,2026-09-29T02:56:08,
PR000000574251,PR000001595354,Máquina pequeña prensar KLAUKE UAP3L con batería 15 hasta 54,OK,2026-09-29T02:56:16,
PR000000574290,PR000001595355,"Tubo DVGW AISI-316 diámetro 54x1,5 brillante",OK,2026-09-29T02:56:23,
PR000000574299,PR000001595356,"Tubo inoxidable AISI-304 diámetro 76,1x2,0 brillante",OK,2026-09-29T02:56:30,
PR000000574303,PR000001595357,"Tubo inoxidable AISI-316 diámetro 35x1,0 brillante",OK,2026-09-29T02:56:37,
PR000000574304,PR000001595358,"Tubo inoxidable AISI-316 diámetro 28x0,8 brillante",OK,2026-09-29T02:56:45,
PR000000574305,PR000001595359,"Tubo inoxidable AISI-316 diámetro 22x0,7 brillante",OK,2026-09-29T02:56:52,
PR000000574306,PR000001595360,"Tubo inoxidable AISI-316 diámetro 18x0,7 brillante",OK,2026-09-29T02:56:59,
PR000000574307,PR000001595361,"Tubo inoxidable AISI-316 diámetro 15x0,6 brillante",OK,2026-09-29T02:57:06,
PR000000574311,PR000001595362,"Tubo inoxidable AISI-304 diámetro 28x0,8 brillante",OK,2026-09-29T02:57:13,
PR000000574312,PR000001595363,"Tubo inoxidable AISI-304 diámetro 22x0,7 brillante",OK,2026-09-29T02:57:20,
PR000000574329,PR000001595364,"Unión M soldado diámetro 54x2"" INSTALPRESS",OK,2026-09-29T02:57:27,
PR000000574339,PR000001595365,"Unión H diámetro 28x1"" INSTALPRESS",OK,2026-09-29T02:57:34,
PR000000574344,PR000001595366,Te igual diámetro 22 INSTALPRESS,OK,2026-09-29T02:57:41,
PR000000574346,PR000001595367,Reducción M-H diámetro 35x28 INSTALPRESS,OK,2026-09-29T02:57:48,
PR000000574364,PR000001595368,"Racor 2 piezas con junta plana 28x1""",OK,2026-09-29T02:57:54,
PR000000574371,PR000001595369,"Te roscada H diámetro 15x1/2"" FILPRESS",OK,2026-09-29T02:58:01,
PR000000574372,PR000001595370,Reducción M-H diámetro 28x22 FILPRESS,OK,2026-09-29T03:04:16,
PR000000574381,PR000001595371,"Unión H una pieza diámetro 28x1"" FILPRESS",OK,2026-09-29T03:04:24,
PR000000574385,PR000001595372,"Unión M una pieza diámetro 28x1"" FILPRESS",OK,2026-09-29T03:04:33,
PR000000574395,PR000001595373,"Unión H soldada diámetro 18x1/2"" INSTALPRESS",OK,2026-09-29T03:04:42,
PR000000574399,PR000001595374,Te reducción H-H-H diámetro 35x22x35 INSTALPRESS,OK,2026-09-29T03:04:50,
PR000000574402,PR000001595375,"Te roscada soldada diámetro 42x3/4"" INSTALPRESS",OK,2026-09-29T03:04:58,
PR000000574404,PR000001595376,"Te roscada soldada diámetro 18x1/2"" INSTALPRESS",OK,2026-09-29T03:05:07,
PR000000574420,PR000001595377,"Te roscada H diámetro 35x3/4"" FILPRESS",OK,2026-09-29T03:05:16,
PR000000574422,PR000001595378,Te igual H diámetro 28 FILPRESS,OK,2026-09-29T03:05:24,
PR000000574424,PR000001595379,Curva 90º H-H diámetro 28 FILPRESS,OK,2026-09-29T03:05:32,
PR000000574442,PR000001595380,"Te roscada soldada diámetro 54x3/4"" INSTALPRESS",OK,2026-09-29T03:05:40,
PR000000574456,PR000001595381,"Racor 2 piezas con junta plana 54x2""",OK,2026-09-29T03:05:49,
PR000000574460,PR000001595382,"Codo placa diámetro 28x1"" FILPRESS",OK,2026-09-29T03:05:57,
PR000000574479,PR000001595383,Reducción M-H diámetro 22x15 FILPRESS,OK,2026-09-29T03:06:06,
PR000000574515,PR000001595384,Reducción M-H diámetro 54x28 FILPRESS,OK,2026-09-29T03:06:14,
PR000000574516,PR000001595385,Te igual H diámetro 22 FILPRESS,OK,2026-09-29T03:06:22,
PR000000574517,PR000001595386,Manguito H-H diámetro 22 FILPRESS,OK,2026-09-29T03:06:30,
PR000000574548,PR000001595387,Reducción M-H diámetro 28x18 FILPRESS,OK,2026-09-29T03:06:38,
PR000000574550,PR000001595388,Manguito H-H sin tope diámetro 18 FILPRESS,OK,2026-09-29T03:06:47,
PR000000574566,PR000001595389,Manguito H-H diámetro 28 FILPRESS,OK,2026-09-29T03:12:49,
PR000000574584,PR000001595390,Reducción M-H diámetro 28x22 INSTALPRESS,OK,2026-09-29T03:12:57,
PR000000574598,PR000001595391,"Curva 90º H-H diámetro 76,1x76,1mm acero al carbono",OK,2026-09-29T03:13:05,
PR000000574614,PR000001595392,Reducción M-H diámetro 22x18 FILPRESS,OK,2026-09-29T03:13:13,
PR000000574631,PR000001595393,Reducción M-H diámetro 35x15 INSTALPRESS,OK,2026-09-29T03:13:20,
PR000000574634,PR000001595394,Codo 90º H-H radio corto diámetro 42mm FILPRESS,OK,2026-09-29T03:13:28,
PR000000574652,PR000001595395,"Codo placa diámetro 18x1/2"" FILPRESS",OK,2026-09-29T03:13:36,
PR000000574688,PR000001595396,Manguito H-H diámetro 18 FILPRESS,OK,2026-09-29T03:13:45,
PR000000574689,PR000001595397,Curva 45º H-H diámetro 22 FILPRESS,OK,2026-09-29T03:13:53,
PR000000574690,PR000001595398,Curva 90º H-M diámetro 28 FILPRESS,OK,2026-09-29T03:14:01,
PR000000574696,PR000001595399,Te reducción H-H-H diámetro 35x15x35 INSTALPRESS,OK,2026-09-29T03:14:09,
PR000000574723,PR000001595400,Curva 90º H-H diámetro 22 FILPRESS,OK,2026-09-29T03:14:17,
PR000000574728,PR000001595401,"Unión H diámetro 28x1"" A316L",OK,2026-09-29T03:14:25,
PR000000574749,PR000001595402,Reducción M-H diámetro 28x15 INSTALPRESS,OK,2026-09-29T03:14:34,
PR000000574750,PR000001595403,Te igual soldada diámetro 22 INSTALPRESS,OK,2026-09-29T03:14:42,
PR000000574761,PR000001595404,"Manguito H-H diámetro 76,1x76,1mm acero al carbono",OK,2026-09-29T03:14:50,
PR000000574767,PR000001595405,"Curva 45º H-H diámetro 76,1 FILPRESS",OK,2026-09-29T03:14:57,
PR000000574778,PR000001595406,Curva 90º H-M diámetro 15 FILPRESS,OK,2026-09-29T03:15:04,
PR000000574786,PR000001595407,Curva 90º H-H diámetro 22 INSTALPRESS,OK,2026-09-29T03:15:12,
PR000000574792,PR000001595408,"Racor 2 piezas con junta plana 22x3/4""",OK,2026-09-29T03:20:59,
PR000000574798,PR000001595409,"Codo H diámetro 18x1/2"" FILPRESS",OK,2026-09-29T03:21:07,
PR000000574811,PR000001595410,"Unión H diámetro 35x1.1/4"" A316L",OK,2026-09-29T03:21:15,
PR000000574832,PR000001595411,"Unión M diámetro 22x1/2"" INSTALPRESS",OK,2026-09-29T03:21:23,
PR000000574833,PR000001595412,"Unión M soldado diámetro 76,1x2.1/2 INSTALPRESS",OK,2026-09-29T03:21:31,
PR000000574847,PR000001595413,"Racor 2 piezas con junta plana 18x1/2""",OK,2026-09-29T03:21:40,
PR000000574851,PR000001595414,"Racor 2 piezas diámetro 42x11/2"" FILPRESS",OK,2026-09-29T03:21:47,
PR000000574854,PR000001595415,Manguito H-H diámetro 15 FILPRESS,OK,2026-09-29T03:21:55,
PR000000574888,PR000001595416,"Te roscada H diámetro 28x3/4"" FILPRESS",OK,2026-09-29T03:22:03,
PR000000574889,PR000001595417,"Racor 2 piezas diámetro 54x2"" FILPRESS",OK,2026-09-29T03:22:11,
PR000000574890,PR000001595418,Te igual H diámetro 15 FILPRESS,OK,2026-09-29T03:22:20,
PR000000574894,PR000001595419,Curva 90º H-M diámetro 22 FILPRESS,OK,2026-09-29T03:22:28,
PR000000574895,PR000001595420,"Unión H una pieza diámetro 18x1/2"" FILPRESS",OK,2026-09-29T03:22:36,
PR000000574913,PR000001595421,"Te roscada soldada diámetro 28x1"" INTALPRESS",OK,2026-09-29T03:22:43,
PR000000574928,PR000001595422,"Unión M diámetro 22x3/4"" INSTALPRESS",OK,2026-09-29T03:22:50,
PR000000574929,PR000001595423,"Unión M diámetro 18x1/2"" INSTALPRESS",OK,2026-09-29T03:22:57,
PR000000574937,PR000001595424,Manguito H-H diámetro 22 INSTALPRESS,OK,2026-09-29T03:23:04,
PR000000574954,PR000001595425,Te igual H diámetro 18 FILPRESS,OK,2026-09-29T03:23:11,
PR000000574956,PR000001595426,Reducción M-H diámetro 35x28 FILPRESS,OK,2026-09-29T03:23:18,
PR000000574973,PR000001595427,Racor 2 piezas junta plana diámetro 28x1 INSTALPRESS,OK,2026-09-29T03:29:13,
PR000000574993,PR000001595428,Te reducción H diámetro 54x28 FILPRESS,OK,2026-09-29T03:29:22,
PR000000574998,PR000001595429,"Curva 2 piezas diámetro 15x1/2"" FILPRESS",OK,2026-09-29T03:29:30,
PR000000575007,PR000001595430,Curva 90º H-H diámetro 15 FILPRESS,OK,2026-09-29T03:29:38,
PR000000575009,PR000001595431,"Unión H una pieza diámetro 22x3/4"" FILPRESS",OK,2026-09-29T03:29:46,
PR000000575015,PR000001595432,Te igual soldada diámetro 54 INSTALPRESS,OK,2026-09-29T03:29:55,
PR000000575019,PR000001595433,"Unión M diámetro 28x1"" INSTALPRESS",OK,2026-09-29T03:30:03,
PR000000575041,PR000001595434,Manguito H-H diámetro 54 FILPRESS,OK,2026-09-29T03:30:11,
PR000000575042,PR000001595435,Manguito H-H sin tope diámetro 54 FILPRESS,OK,2026-09-29T03:30:19,
PR000000575043,PR000001595436,Curva 45º H-H diámetro 18 FILPRESS,OK,2026-09-29T03:30:27,
PR000000575044,PR000001595437,Curva 45º H-H diámetro 15 FILPRESS,OK,2026-09-29T03:30:35,
PR000000575049,PR000001595438,"Unión Hembra Prensar inox 28x3/4"" A316L",OK,2026-09-29T03:30:43,
PR000000575052,PR000001595439,"Unión M diámetro 42x1.1/2"" A316L",OK,2026-09-29T03:30:51,
PR000000575108,PR000001595440,"Unión H soldada diámetro 42x1.1/2"" INSTALPRES",OK,2026-09-29T03:31:00,
PR000000575132,PR000001595441,"Te roscada H diámetro 28x1/2"" FILPRESS",OK,2026-09-29T03:31:07,
PR000000575134,PR000001595442,Manguito H-H diámetro 35 FILPRESS,OK,2026-09-29T03:31:16,
PR000000575136,PR000001595443,Manguito H-H sin tope diámetro 15 FILPRESS,OK,2026-09-29T03:31:24,
PR000000575137,PR000001595444,Curva 90º H-H diámetro 18 FILPRESS,OK,2026-09-29T03:31:32,
PR000000575144,PR000001595445,"Unión H diámetro 18x1/2"" A316L",OK,2026-09-29T03:31:40,
PR000000575155,PR000001595446,"Te roscada H diámetro 22x1/2x22"" INSTALPRESS",OK,2026-09-29T03:37:18,
PR000000575160,PR000001595447,Codo 90º H-H radio corto diámetro 54mm FILPRESS,OK,2026-09-29T03:37:25,
PR000000575173,PR000001595448,Manguito H-H diámetro 42 FILPRESS,OK,2026-09-29T03:37:33,
PR000000575174,PR000001595449,Curva 45º H-M diámetro 15 FILPRESS,OK,2026-09-29T03:37:40,
PR000000575176,PR000001595450,"Unión H una pieza diámetro 15x1/2"" FILPRESS",OK,2026-09-29T03:37:47,
PR000000575197,PR000001595451,"Unión H diámetro 22x3/4"" INSTALPRESS",OK,2026-09-29T03:37:55,
PR000000575199,PR000001595452,"Unión H soldada diámetro 54x2"" INSTALPRESS",OK,2026-09-29T03:38:03,
PR000000575203,PR000001595453,Racor 2 piezas junta plana diámetro 22x3/4 INSTALPRESS,OK,2026-09-29T03:38:11,
PR000000575246,PR000001595454,Te reducción H-H-H diámetro 35x18x35 INSTALPRESS,OK,2026-09-29T03:38:19,
PR000000575259,PR000001595455,"Racor 2 piezas con junta plana 76,1x2 1/2""",OK,2026-09-29T03:38:27,
PR000000575266,PR000001595456,"Racor 2 piezas con junta plana diámetro 18x1/2"" A316L",OK,2026-09-29T03:38:35,
PR000000575288,PR000001595457,"Unión M soldado diámetro 22x3/4"" INSTALPRESS",OK,2026-09-29T03:38:43,
PR000000575292,PR000001595458,Reducción M-H diámetro 18x15 INSTALPRESS,OK,2026-09-29T03:38:51,
PR000000575307,PR000001595459,Curva 90º H-H diámetro 35 FILPRESS,OK,2026-09-29T03:38:59,
PR000000575337,PR000001595460,"Codo H diámetro 15x1/2"" FILPRESS",OK,2026-09-29T03:39:07,
PR000000575369,PR000001595461,"Grifo jardín inoxidable 3/4""",OK,2026-09-29T03:39:15,
PR000000575374,PR000001595462,"Machón roscado figura 245 1/2x1/4"" AISI-316",OK,2026-09-29T03:39:22,
PR000000575378,PR000001595463,"Machón roscado figura 245 1.1/2x1.1/4""AISI-316",OK,2026-09-29T03:39:29,
PR000000575379,PR000001595464,"Tuerca M-H roscado figura 241 2x1.1/2"" AISI-316",OK,2026-09-29T03:39:37,
PR000000575385,PR000001595465,Abrazadera isofónica doble RM8-10 diámetro 154-160,OK,2026-09-29T03:45:18,
PR000000575388,PR000001595466,Abrazadera isofónica doble RM8-10 diámetro 57-70,OK,2026-09-29T03:45:25,
PR000000575397,PR000001595467,"Machón roscado figura 245 1.1/4x1"" AISI-316",OK,2026-09-29T03:45:33,
PR000000575398,PR000001595468,"Machón roscado figura 245 1.1/2x1"" AISI-316",OK,2026-09-29T03:45:41,
PR000000575403,PR000001595469,"Tuerca M-H roscado figura 241 1.1/2x3/4"" AISI-316",OK,2026-09-29T03:45:49,
PR000000575404,PR000001595470,"Tuerca M-H roscado figura 241 1.1/2x1"" AISI-316",OK,2026-09-29T03:45:58,
PR000000575422,PR000001595471,"Entronque manguera 3/8"" figura 399",OK,2026-09-29T03:46:06,
PR000000575423,PR000001595472,"Entronque manguera 2"" figura 399",OK,2026-09-29T03:46:14,
PR000000575431,PR000001595473,Junta VITON diámetro 18 FILPRESS,OK,2026-09-29T03:46:22,
PR000000575432,PR000001595474,Junta VITON diámetro 15 FILPRESS,OK,2026-09-29T03:46:30,
PR000000575433,PR000001595475,"Tuerca M-H roscado figura 241 1/4x1/8"" AISI-316",OK,2026-09-29T03:46:38,
PR000000575453,PR000001595476,Abrazadera inoxidable 98-103 fleje 25x1.5 tornillo M8x70,OK,2026-09-29T03:46:46,
PR000000575460,PR000001595477,Abrazadera inoxidable 44-47 fleje 20x1 tornillo M6x50,OK,2026-09-29T03:46:54,
PR000000575469,PR000001595478,"Abrazadera tipo ""F"" 3"" diámetro 86-100",OK,2026-09-29T03:47:03,
PR000000575489,PR000001595479,"Tapón M roscado figura 290 1.1/4""AISI-316",OK,2026-09-29T03:47:10,
PR000000575491,PR000001595480,"Tapón M roscado figura 290 3/4"" AISI-316",OK,2026-09-29T03:47:19,
PR000000575496,PR000001595481,"Machón roscado figura 245 1x1/2"" AISI-316",OK,2026-09-29T03:47:27,
PR000000575499,PR000001595482,"Tuerca M-H roscado figura 241 1x1/2"" AISI-316",OK,2026-09-29T03:47:35,
PR000000575500,PR000001595483,"Tuerca M-H roscado figura 241 1/2x3/8"" AISI-316",OK,2026-09-29T03:47:43,
PR000000575501,PR000001595484,"Machón roscado figura 280 2"" AISI-316",OK,2026-09-29T03:53:52,
PR000000575505,PR000001595485,"Te igual H roscado figura 130 1"" AISI-316",OK,2026-09-29T03:53:59,
PR000000575558,PR000001595486,"Tapón M roscado figura 290 1.1/2""AISI-316",OK,2026-09-29T03:54:07,
PR000000575561,PR000001595487,"Tapón M roscado figura 290 1/2"" AISI-316",OK,2026-09-29T03:54:14,
PR000000575563,PR000001595488,"Manguito H-H roscado figura 270 2.1/2""AISI-316",OK,2026-09-29T03:54:21,
PR000000575565,PR000001595489,"Manguito H-H roscado figura 270 1.1/4""AISI-316",OK,2026-09-29T03:54:29,
PR000000575566,PR000001595490,"Manguito H-H roscado figura 270 2"" AISI-316",OK,2026-09-29T03:54:37,
PR000000575568,PR000001595491,"Manguito H-H roscado figura 270 3/4"" AISI-316",OK,2026-09-29T03:54:45,
PR000000575572,PR000001595492,"Tuerca M-H roscado figura 241 3x2.1/2"" AISI-316",OK,2026-09-29T03:54:53,
PR000000575573,PR000001595493,"Tuerca M-H roscado figura 241 3/4x1/2"" AISI-316",OK,2026-09-29T03:55:01,
PR000000575575,PR000001595494,"Machón roscado figura 280 2.1/2"" AISI-316",OK,2026-09-29T03:55:09,
PR000000575577,PR000001595495,"Machón roscado figura 280 1.1/4"" AISI-316",OK,2026-09-29T03:55:17,
PR000000575579,PR000001595496,"Machón roscado figura 280 1"" AISI-316",OK,2026-09-29T03:55:25,
PR000000575580,PR000001595497,"Machón roscado figura 280 1/2"" AISI-316",OK,2026-09-29T03:55:32,
PR000000575586,PR000001595498,"Te igual H roscado figura 130 1/2"" AISI-316",OK,2026-09-29T03:55:39,
PR000000575598,PR000001595499,"Entronque manguera 1/2"" figura 399",OK,2026-09-29T03:55:47,
PR000000575632,PR000001595500,"Válvula bola paso total 3/4"" 2 piezas",OK,2026-09-29T03:55:54,
PR000000575633,PR000001595501,"Válvula bola paso total 1"" 2 piezas",OK,2026-09-29T03:56:01,
PR000000575657,PR000001595502,"Codo 90º H-H roscado figura 90 1/2"" AISI-316",OK,2026-09-29T03:56:09,
PR000000575688,PR000001595503,"Enlace 3 piezas H-H diámetro 2.1/2""",OK,2026-09-29T04:02:10,
PR000000575691,PR000001595504,Junta VITON diámetro 15 verde,OK,2026-09-29T04:02:18,
PR000000575708,PR000001595505,Junta VITON diámetro 35 verde,OK,2026-09-29T04:02:27,
PR000000575719,PR000001595506,Junta VITON diámetro 22 verde,OK,2026-09-29T04:02:35,
PR000000575720,PR000001595507,Junta VITON diámetro 28 verde,OK,2026-09-29T04:02:43,
PR000000575722,PR000001595508,"Junta VITON diámetro 76,1 verde",OK,2026-09-29T04:02:51,
PR000000575723,PR000001595509,Junta VITON diámetro 54 verde,OK,2026-09-29T04:02:59,
PR000000575735,PR000001595510,"Entronque M serie BR 1.1/4""x35mm para manguera",OK,2026-09-29T04:03:08,
PR000000575748,PR000001595511,"Enlace contra rosca serie BC MxM 1""",OK,2026-09-29T04:03:16,
PR000000575757,PR000001595512,"Enlace contra rosca serie BC MxM 3/4x1/2""",OK,2026-09-29T04:03:24,
PR000000575815,PR000001595513,"Entronque H serie BR 1""x25mm para manguera (boquilla sold laton 12)",OK,2026-09-29T04:03:32,
PR000000575818,PR000001595514,"Entronque M serie BR 1/2""x14mm para manguera",OK,2026-09-29T04:03:40,
PR000000575824,PR000001595515,"Tapón H serie BR 1""",OK,2026-09-29T04:03:47,
PR000000575838,PR000001595516,"Enlace contra rosca serie BR MxM 1/2""",OK,2026-09-29T04:03:55,
PR000000575845,PR000001595517,"Racor marsella serie BR MxH 2x2.1/2""",OK,2026-09-29T04:04:02,
PR000000575846,PR000001595518,"Racor marsella serie BR MxH 1.1/4x1.1/2""",OK,2026-09-29T04:04:09,
PR000000575860,PR000001595519,"Enlace contra rosca reducido serie BR MxM 1.1/4""x1""",OK,2026-09-29T04:04:16,
PR000000575890,PR000001595520,"Entronque M serie BR 2""x60mm para manguera",OK,2026-09-29T04:04:24,
PR000000575907,PR000001595521,"Manguito igual serie BC HxH 1""",OK,2026-09-29T04:04:31,
PR000000575911,PR000001595522,"Enlace contra rosca serie BC MxM 1x1/2""",OK,2026-09-29T04:10:31,
PR000000575922,PR000001595523,"Nipple roscado completo serie BR 1/2""x40mm",OK,2026-09-29T04:10:38,
PR000000575932,PR000001595524,"Nipple serie BR MxM 1/2""x150mm",OK,2026-09-29T04:10:45,
PR000000575935,PR000001595525,"Nipple serie BR MxM 1/2""x50mm",OK,2026-09-29T04:10:52,
PR000000575988,PR000001595526,"Manguito igual serie BR HxH 1""",OK,2026-09-29T04:10:59,
PR000000576002,PR000001595527,"Racor marsella serie BR MxH 3/8x1/2""",OK,2026-09-29T04:11:07,
PR000000576036,PR000001595528,"Té igual serie BR HxHxM 1/2""",OK,2026-09-29T04:11:14,
PR000000576086,PR000001595529,"Té igual serie BR HxHxH 1/2""",OK,2026-09-29T04:11:21,
PR000000576121,PR000001595530,"Racor M tipo A 1"" acero",OK,2026-09-29T04:11:28,
PR000000576437,PR000001595531,Abrazadera INOX REP S DN65 diámetro 73mm,OK,2026-09-29T04:11:35,
PR000000576686,PR000001595532,"Abrazadera tapaporos corta DC 3"" acero",OK,2026-09-29T04:11:42,
PR000000576687,PR000001595533,"Abrazadera tapaporos corta DC 2.1/2"" acero",OK,2026-09-29T04:11:49,
PR000000576730,PR000001595534,Manguito brida OFK 110x110mm para tubo de plástico,OK,2026-09-29T04:11:57,
PR000000576836,PR000001595535,"Racor M tipo AK 2""x63mm",OK,2026-09-29T04:12:06,
PR000000576874,PR000001595536,"Abrazadera con toma DT 1""x1/2"" acero",OK,2026-09-29T04:12:14,
PR000000576876,PR000001595537,"Abrazadera con toma DT 1.1/2""x3/4"" acero",OK,2026-09-29T04:12:22,
PR000000576878,PR000001595538,"Abrazadera corta DC 1"" acero",OK,2026-09-29T04:12:30,
PR000000576891,PR000001595539,Abrazadera tapaporos diámetro 28mm cobre,OK,2026-09-29T04:12:38,
PR000000576904,PR000001595540,"Manguito tipo GEBO 1/2"" acero",OK,2026-09-29T04:12:46,
PR000000576953,PR000001595541,"Racor con terminal rosca M 1.1/4"" A-PE/AF-PE para tubos de plástico",OK,2026-09-29T04:18:23,
PR000000576960,PR000001595542,"Nipple 1/2""x80mm con doble rosca material 1.4404",OK,2026-09-29T04:18:31,
PR000000577014,PR000001595543,"Nipple 3""x200mm con doble rosca material 1.4404",OK,2026-09-29T04:18:39,
PR000000577044,PR000001595544,"Nipple 1/2""x60mm con doble rosca material 1.4404",OK,2026-09-29T04:18:47,
PR000000577111,PR000001595545,"Tuerca reducción de 1""x1/2"" M-H roscada en acero inoxidable",OK,2026-09-29T04:18:55,
PR000000577112,PR000001595546,"Tuerca reducción de 3/4""x1/2"" M-H roscada en acero inoxidable",OK,2026-09-29T04:19:03,
PR000000577159,PR000001595547,"Nipple 2.1/2""x150mm con doble rosca material 1.4404",OK,2026-09-29T04:19:12,
PR000000577171,PR000001595548,"Nipple 1""x120mm con doble rosca material 1.4404",OK,2026-09-29T04:19:20,
PR000000577179,PR000001595549,"Nipple 1/2""x120mm con doble rosca material 1.4404",OK,2026-09-29T04:19:28,
PR000000577217,PR000001595550,"Fig. 220 Racor ""Y"" 1/2"" H-H-H roscado Acero inoxidable AISI-316",OK,2026-09-29T04:19:36,
PR000000577236,PR000001595551,"Machón reducido de 1""x3/4"" M-M roscado en acero inoxidable",OK,2026-09-29T04:19:45,
PR000000577245,PR000001595552,"Tuerca reducción de 1""x3/4"" M-H roscada en acero inoxidable",OK,2026-09-29T04:19:53,
PR000000577270,PR000001595553,"Fig. 130 Té igual H-H-H de 1/2"" roscada en acero inoxidable AISI 316",OK,2026-09-29T04:20:01,
PR000000577271,PR000001595554,"Machón reducido de 1""x1/2"" M-M roscado en acero inoxidable",OK,2026-09-29T04:20:10,
PR000000577277,PR000001595555,"Machón reducido de 1.1/2""x3/4"" M-M roscado en acero inoxidable",OK,2026-09-29T04:20:18,
PR000000577313,PR000001595556,"Manguito reducción de 1""x1/2"" H-H roscado en acero inoxidable",OK,2026-09-29T04:20:26,
PR000000577336,PR000001595557,"Tapón M hexagonal de 1/2"" roscado en acero inoxidable A-316 FIG. 290",OK,2026-09-29T04:20:33,
PR000000577350,PR000001595558,"Fig. 120 Codo 45º de 1/2"" H-H roscado en acero inoxidable 316",OK,2026-09-29T04:20:40,
PR000000577399,PR000001595559,"Machón reducido de 3/8""x1/4"" M-M roscado en acero inoxidable",OK,2026-09-29T04:20:48,
PR000000577408,PR000001595560,"Racor H tipo I 3/4"" acero",OK,2026-09-29T04:26:43,
PR000000577468,PR000001595561,"Abrazadera tapaporos DS 2"" acero",OK,2026-09-29T04:26:51,
PR000000577581,PR000001595562,"Abrazadera tapaporos DS 3/4"" acero",OK,2026-09-29T04:26:58,
PR000000577628,PR000001595563,"Racor H tipo I 1"" acero",OK,2026-09-29T04:27:05,
PR000000578029,PR000001595564,Kit abrazaderas de 110mm de diámetro (5u),OK,2026-09-29T04:27:12,
PR000000578202,PR000001595565,Codo de 90º HD5 de 15mm diámetro,OK,2026-09-29T04:27:20,
PR000000578225,PR000001595566,"Colector HX94T con válvula y 4 salidas de 15x3/4"" en color azul/rojo",OK,2026-09-29T04:27:29,
PR000000578263,PR000001595567,Resistencia de apoyo para depósitos,OK,2026-09-29T04:27:37,
PR000000578570,PR000001595568,Juego clips de bloqueo color negro (20u),OK,2026-09-29T04:27:45,
PR000000578871,PR000001595569,Bomba condensados para caldera mural hasta 30kW,OK,2026-09-29T04:27:53,
PR000000581580,PR000001595570,Sombrerete antirregolfante galvanizado diámetro 160,OK,2026-09-29T04:28:01,
PR000000582328,PR000001595571,Reducción excéntrica con goma diámetro 200-100 galvanizado,OK,2026-09-29T04:28:09,
PR000000583556,PR000001595572,Codo 90º estampado con goma diámetro 150 galvanizado,OK,2026-09-29T04:28:17,
PR000000583557,PR000001595573,Codo 90º estampado con goma diámetro 160 galvanizado,OK,2026-09-29T04:28:25,
PR000000583748,PR000001595574,Codo 45º estampado con goma diámetro 160 galvanizado,OK,2026-09-29T04:28:34,
PR000000583749,PR000001595575,Codo 45º estampado con goma diámetro 150 galvanizado,OK,2026-09-29T04:28:42,
PR000000583835,PR000001595576,"Tubo helicoidal autoconectable 160 espesor 0,6 galvanizado",OK,2026-09-29T04:28:50,
PR000000583891,PR000001595577,Manguito galvanizado para accesorio diámetro 100mm,OK,2026-09-29T04:28:58,
PR000000584034,PR000001595578,"Tubo helicoidal autoconectable 160 espesor 0,5 galvanizado",OK,2026-09-29T04:29:06,
PR000000584392,PR000001595579,Escuadra soporte 500x400mm,OK,2026-09-29T04:34:48,
PR000000584603,PR000001595580,"Tubo helicoidal galvanizado autoconectable 250 espesor 0,5",OK,2026-09-29T04:34:57,
PR000000584802,PR000001595581,"Tubo helicoidal galvanizado autoconectable 400 espesor 0,6",OK,2026-09-29T04:35:05,
PR000000584818,PR000001595582,"Tubo helicoidal galvanizado autoconectable 150 espesor 0,5",OK,2026-09-29T04:35:13,
PR000000586056,PR000001595583,Tubo doble tubo inoxidable / galvanizado diámetro 300-355,OK,2026-09-29T04:35:21,
PR000000586952,PR000001595584,Manguito galvanizado diámetro 750,OK,2026-09-29T04:35:29,
PR000000586967,PR000001595585,Escuadra soporte para conducto rectangular,OK,2026-09-29T04:35:37,
PR000000590885,PR000001595586,Tubo acodado 90º tiro FERRO-LUX diámetro 120 acero,OK,2026-09-29T04:35:45,
PR000000592424,PR000001595587,Terminal anti-lluvia SV-EI 120 diámetro 150/350 inoxidable,OK,2026-09-29T04:35:53,
PR000000593319,PR000001595588,"Válvula seguridad diafragma SM110 3/4-3/4"" 3.0bar",OK,2026-09-29T04:36:01,
PR000000593402,PR000001595589,"Válvula reductora presión D05FS rosca 1""",OK,2026-09-29T04:36:09,
PR000000593422,PR000001595590,"Válvula reductora presión inoxidable 3/4"" 25bar",OK,2026-09-29T04:36:17,
PR000000593437,PR000001595591,Manómetro M07K DN63mm escala 0-10bar,OK,2026-09-29T04:36:25,
PR000000593603,PR000001595592,"Válvula reductora presión con manómetro 1/2""",OK,2026-09-29T04:36:33,
PR000000593761,PR000001595593,"Válvula seguridad SM152 3/4-1"" 8bar",OK,2026-09-29T04:36:41,
PR000000593797,PR000001595594,"Válvula reductora presión D06F-AM 3/4""",OK,2026-09-29T04:36:49,
PR000000594186,PR000001595595,Manómetro 0-10bar,OK,2026-09-29T04:36:57,
PR000000594197,PR000001595596,Manómetro 0-4bar,OK,2026-09-29T04:37:04,
PR000000596157,PR000001595597,"Válvula retención bola 2.1/2"" PVC",OK,2026-09-29T04:37:11,
PR000000596197,PR000001595598,Clorador salino QP SALT GO pH 22 g/h,OK,2026-09-29T04:43:07,
PR000000596230,PR000001595599,Bomba centrífuga RGM-20 2CV monofásica 220V,OK,2026-09-29T04:43:15,
PR000000596318,PR000001595600,Bomba centrífuga A-20-T 2CV tripolar 230/400V,OK,2026-09-29T04:43:23,
PR000000596504,PR000001595601,"Electrobomba centrífuga monobloc NIZA 4.4M 0,75CV turbina inox",OK,2026-09-29T04:43:31,
PR000000596560,PR000001595602,Interruptor nivel HASA-85 10m doble cámara,OK,2026-09-29T04:43:39,
PR000000596595,PR000001595603,Depósito hidroneumático membrana fija PWB-60 horizontal,OK,2026-09-29T04:43:46,
PR000000596610,PR000001595604,Interruptor nivel HASA-85 5m doble cámara,OK,2026-09-29T04:43:53,
PR000000596673,PR000001595605,"Válvula bola 1.1/4""",OK,2026-09-29T04:44:00,
PR000000596803,PR000001595606,Bomba autoaspirante PANTHER 100M 1CV monofásica 230V,OK,2026-09-29T04:44:07,
PR000000596811,PR000001595607,Pistola para GAS-OIL paro automático,OK,2026-09-29T04:44:14,
PR000000596856,PR000001595608,Cartucho carbón activo,OK,2026-09-29T04:44:21,
PR000000596936,PR000001595609,"Bomba autoaspirante PANTHER 150M 1,5CV monofásica 230V",OK,2026-09-29T04:44:28,
PR000000596938,PR000001595610,"Regulador presión MASCONTROL regulación 1.1/4""",OK,2026-09-29T04:44:35,
PR000000596996,PR000001595611,Interruptor nivel mercurio,OK,2026-09-29T04:44:42,
PR000000597004,PR000001595612,"Latiguillo flexible 700mm diámetro 3/4""",OK,2026-09-29T04:44:49,
PR000000597014,PR000001595613,Interruptor de nivel aguas residuales 10 metros,OK,2026-09-29T04:44:56,
PR000000597043,PR000001595614,"Presostato TELEM 1,4-6Kg/cm2",OK,2026-09-29T04:45:03,
PR000000597215,PR000001595615,Interruptor nivel ILA,OK,2026-09-29T04:45:10,
PR000000597220,PR000001595616,"Presostato 1,4-4,6Kg/cm2 FSG-2",OK,2026-09-29T04:45:17,
PR000000597258,PR000001595617,"Bomba multicelular INOX304 HMI 4/60T 1,5CV III 230/400",OK,2026-09-29T04:51:08,
PR000000597297,PR000001595618,"Bomba reversible autoaspirante BE-25M 0,6CV monofásica 230V",OK,2026-09-29T04:51:15,
PR000000597337,PR000001595619,"Regulador presión constante MASCONTROL-UP III 1.1/4""",OK,2026-09-29T04:51:22,
PR000000597609,PR000001595620,Radiador aluminio EUROPA 600C 5 elementos,OK,2026-09-29T04:51:29,
PR000000597930,PR000001595621,Termo eléctrico TIBER C 50 vertical 50l con termómetro digital clase energética C,OK,2026-09-29T04:51:36,
PR000000598067,PR000001595622,MANDO TERMOSTATO PARED AR-3TA1. FUJITSU,OK,2026-09-29T04:51:43,
PR000000598938,PR000001595623,Bomba evacuación condensado conlift1,OK,2026-09-29T04:51:50,
PR000000599303,PR000001595624,"Bomba UPS25-60N 1x230V 1.1/2"" 180mm",OK,2026-09-29T04:51:57,
PR000000606346,PR000001595625,Bomba circuladora ALPHA2 25-60 180 1x230V 50Hz 6H,OK,2026-09-29T04:52:05,
PR000000606362,PR000001595626,Bomba circuladora para agua caliente sanitaria TP 40-270/2 B,OK,2026-09-29T04:52:12,
PR000000606406,PR000001595627,"Bomba autocebante JP 3-42 1x230V 50Hz 1,5m schuko HU",OK,2026-09-29T04:52:19,
PR000000610160,PR000001595628,Bomba circuladora Grundfos MAGNA1/32-120N inoxidable,OK,2026-09-29T04:52:26,
PR000000611953,PR000001595629,"Alicates de corte aislados INDC8 de alta presión de 200mm 8"" 1000V",OK,2026-09-29T04:52:33,
PR000000612369,PR000001595630,Cables de prueba aislados Fluke TL1500DC,OK,2026-09-29T04:52:40,
PR000000612500,PR000001595631,"Grifo sin boya lateral cazoleta latón 3/8""x30",OK,2026-09-29T04:52:47,
PR000000612544,PR000001595632,Bolsa descarga DC254 + grifo CGI,OK,2026-09-29T04:52:54,
PR000000612557,PR000001595633,"Junta plana teflón JPT1 3/8"" ancha 8x15x1,5",OK,2026-09-29T04:53:01,
PR000000612584,PR000001595634,Caja surtido juntas tóricas,OK,2026-09-29T04:53:08,
PR000000612604,PR000001595635,"Junta plana teflón JPT6 3/4"" 18x24x1,5",OK,2026-09-29T04:53:15,
PR000000612695,PR000001595636,"Junta JR3 32,5x42,5x1 para radiador teflón",OK,2026-09-29T04:59:17,
PR000000612727,PR000001595637,"Boya con soporte guía regulación poliestireno B14 3/8""",OK,2026-09-29T04:59:24,
PR000000612857,PR000001595638,"Grifo flotador compacto lateral Fomi Fenyx 3/8"" POM (Caja)",OK,2026-09-29T04:59:31,
PR000000612888,PR000001595639,Conexión flexible FLEX para Sena-Nilo-Volga,OK,2026-09-29T04:59:38,
PR000000612894,PR000001595640,Pulsador Aqua mixto cromado,OK,2026-09-29T04:59:46,
PR000000613111,PR000001595641,Interacumulador mural IAV 150 diámetro 575x1160/1150mm clase energética B,OK,2026-09-29T04:59:53,
PR000000613143,PR000001595642,"Termo eléctrico Ceramics 50 1500W 230V diámetro 433x451x629/613mm tomas 1/2"" clase energética C /",OK,2026-09-29T05:00:01,
PR000000613212,PR000001595643,Válvula de seguridad 7bar 3/4'',OK,2026-09-29T05:00:08,
PR000000613215,PR000001595644,Juego soporte antivibratorio,OK,2026-09-29T05:00:16,
PR000000613371,PR000001595645,Codo 90º sistema coaxial diámetro 60/100,OK,2026-09-29T05:00:23,
PR000000613505,PR000001595646,"Caldera mural mixta de condensación Kosner TITAN HR 30/36 instantánea, gas natural, 30,3/36,3kW bajo",OK,2026-09-29T05:00:30,
PR000000613799,PR000001595647,"Reductor macho-hembra 2.1/2x2"" Uponor Wipex",OK,2026-09-29T05:00:38,
PR000000613844,PR000001595648,"Racor fijo macho Uponor RTM 20x3/4""",OK,2026-09-29T05:00:45,
PR000000614057,PR000001595649,Manguito unión PPSU 16-16 Uponor Q&E,OK,2026-09-29T05:00:53,
PR000000614383,PR000001595650,Te 25-25-25 Uponor S-Press PLUS,OK,2026-09-29T05:01:00,
PR000000614501,PR000001595651,"Codo fijación largo 20-Rp1/2""FT Uponor S-Press PLUS para instalaciones en pared o fijación en plac",OK,2026-09-29T05:01:07,
PR000000614537,PR000001595652,Codo 25-25 Uponor S-Press PLUS,OK,2026-09-29T05:01:14,
PR000000614829,PR000001595653,"Tornillo sin fin de alimentación de dos etapas motor del engranaje, cambiapolos 750/3000rpm",OK,2026-09-29T05:01:22,
PR000000614907,PR000001595654,Gancho fijación panel ondulado cubierta 230x12x20 con arandela EPDM y rosca,OK,2026-09-29T05:01:29,
PR000000615554,PR000001595655,"Llave de gas 1""",OK,2026-09-29T05:07:23,
PR000000615679,PR000001595656,Filtro H14,OK,2026-09-29T05:07:31,
PR000000615681,PR000001595657,Filtro de aire AE41140,OK,2026-09-29T05:07:40,
PR000000615682,PR000001595658,Filtro de aire CF14008,OK,2026-09-29T05:07:48,
PR000000615685,PR000001595659,Filtro de aire AE3288,OK,2026-09-29T05:07:56,
PR000000619030,PR000001595660,Coquilla en rollo ArmaFlex ACE Plus ACE/P-09x010/E,OK,2026-09-29T05:08:04,
PR000000619031,PR000001595661,Coquilla en rollo ArmaFlex ACE Plus ACE/P-09x006/E,OK,2026-09-29T05:08:12,
PR000000619277,PR000001595662,Cinta autoadhesiva AF/ARMAFLEX EVO 30m espesor 3mm,OK,2026-09-29T05:08:20,
PR000000619505,PR000001595663,Coquilla HT diámetro 48 espesor 25mm,OK,2026-09-29T05:08:28,
PR000000619507,PR000001595664,Coquilla HT diámetro 35 espesor 25mm,OK,2026-09-29T05:08:36,
PR000000619508,PR000001595665,Coquilla HT diámetro 18 espesor 25mm,OK,2026-09-29T05:08:44,
PR000000619517,PR000001595666,Coquilla HT diámetro 18 espesor 19mm,OK,2026-09-29T05:08:52,
PR000000619526,PR000001595667,Coquilla HT diámetro 14/15 espesor 10mm,OK,2026-09-29T05:09:00,
PR000000619624,PR000001595668,Cinta adhesiva ARMAFLEX ULTIMA rollo 15m,OK,2026-09-29T05:09:07,
PR000000619700,PR000001595669,Coquilla 2m ARMAFLEX S-HT diámetro 18 espesor 13mm negro,OK,2026-09-29T05:09:14,
PR000000619739,PR000001595670,Coquilla SH/ARMAFLEX diámetro 40 espesor 19mm,OK,2026-09-29T05:09:21,
PR000000619740,PR000001595671,Coquilla SH/ARMAFLEX diámetro 25 espesor 19mm,OK,2026-09-29T05:09:28,
PR000000619741,PR000001595672,Coquilla SH/ARMAFLEX diámetro 20 espesor 19mm,OK,2026-09-29T05:09:36,
PR000000619973,PR000001595673,Coquilla ARMAFLEX ULTIMA espesor 19mm diámetro 18mm,OK,2026-09-29T05:09:44,
PR000000620257,PR000001595674,Cinta autoadhesivo IT 15mx50mmx3mm,OK,2026-09-29T05:15:42,
PR000000620259,PR000001595675,Cinta autoadhesiva en rollo 50mx50mm D,OK,2026-09-29T05:15:50,
PR000000620278,PR000001595676,Coquilla HT diámetro 18 espesor 13mm,OK,2026-09-29T05:15:57,
PR000000620451,PR000001595677,Coquilla ARMAFLEX S-HT diámetro 35 espesor 32mm negro,OK,2026-09-29T05:16:04,
PR000000620459,PR000001595678,Coquilla 2m ARMAFLEX S-HT diámetro 22 espesor 13mm negro,OK,2026-09-29T05:16:12,
PR000000620514,PR000001595679,Coquilla SH/ARMAFLEX diámetro 50 espesor 19mm,OK,2026-09-29T05:16:19,
PR000000620515,PR000001595680,Coquilla SH/ARMAFLEX diámetro 32 espesor 19mm,OK,2026-09-29T05:16:26,
PR000000620533,PR000001595681,Plancha rollo 15x1m espesor 6mm estándar,OK,2026-09-29T05:16:33,
PR000000620687,PR000001595682,Cinta NH/Armaflex Smart espesor 3mm 15 metros,OK,2026-09-29T05:16:40,
PR000000620751,PR000001595683,Cinta autoadhesiva AF/ARMAFLEX EVO 15m espesor 3mm,OK,2026-09-29T05:16:48,
PR000000620925,PR000001595684,Reducción tipo LS PE100 SDR11 PN16 diámetro 63-50mm,OK,2026-09-29T05:16:55,
PR000000621358,PR000001595685,"Enlace mixto 3 piezas 3/4"" diámetro 25mm PVC",OK,2026-09-29T05:17:02,
PR000000621380,PR000001595686,Codo de 90º PE100 ELGEF Plus diámetro 40 PN16,OK,2026-09-29T05:17:10,
PR000000621413,PR000001595687,"Manguito unión mixto PN16 diámetro 160mm 6"" PVC",OK,2026-09-29T05:17:17,
PR000000621994,PR000001595688,Manguito liso diámetro 50mm PN16 para VSA,OK,2026-09-29T05:17:24,
PR000000622213,PR000001595689,"Reducción hexagonal 3/8x1/4"" de latón FIG 241",OK,2026-09-29T05:17:32,
PR000000622227,PR000001595690,"Enlace mixto 3 piezas 2"" diámetro 63mm PVC",OK,2026-09-29T05:17:39,
PR000000622364,PR000001595691,Tapón PP-R GF Hakan diámetro 40 verde,OK,2026-09-29T05:17:46,
PR000000622574,PR000001595692,Válvula de bola PN16 DN50 Ø 63 PVC-U/EPDM,OK,2026-09-29T05:17:53,
PR000000622803,PR000001595693,Reducción PE-100 Electrosoldable 40-32mm PN-16,OK,2026-09-29T05:23:31,
PR000000622838,PR000001595694,"Enlace mixto 3 piezas 1"" diámetro 32mm PVC",OK,2026-09-29T05:23:38,
PR000000622942,PR000001595695,"Tapón rosca M RV0TAF PN16 2"" PVC",OK,2026-09-29T05:23:46,
PR000000622998,PR000001595696,"Unión rosca M 1.1/4"" diámetro 40 con junta tórica EPDM",OK,2026-09-29T05:23:55,
PR000000623007,PR000001595697,Toma módulo ELGEF Plus 110-63mm 10/16bar completo con parte inferior moldeada,OK,2026-09-29T05:24:03,
PR000000623092,PR000001595698,"Enlace mixto 3 piezas 1.1/4"" diámetro 40mm PVC",OK,2026-09-29T05:24:12,
PR000000623132,PR000001595699,"Manguito unión mixto PN16 diámetro 75mm 2.1/2"" PVC",OK,2026-09-29T05:24:20,
PR000000623201,PR000001595700,Tapón PP-R GF Hakan diámetro 32 verde,OK,2026-09-29T05:24:28,
PR000000623526,PR000001595701,"Enlace mixto 3 piezas 1.1/2"" diámetro 50mm PVC",OK,2026-09-29T05:24:37,
PR000000623625,PR000001595702,Te encolable 90º PN16 diámetro 50mm PVC-UH,OK,2026-09-29T05:24:45,
PR000000623680,PR000001595703,Manguito portabrida encolable PVC Diam. 63 DN50 PN16,OK,2026-09-29T05:24:54,
PR000000623687,PR000001595704,Grúa brazo rotativo,OK,2026-09-29T05:25:02,
PR000000623792,PR000001595705,Codo 90º PP-R electrosoldable GF Hakan d63,OK,2026-09-29T05:25:10,
PR000000623853,PR000001595706,Codo 90º ELGEF Plus diámetro 63 10/16bar con fijación,OK,2026-09-29T05:25:18,
PR000000623873,PR000001595707,Codo 45º PP-R GF Hakan diámetro 50 verde,OK,2026-09-29T05:25:27,
PR000000624087,PR000001595708,Reducción PE100 SDR11 ELGEF Plus 63x50 PN16,OK,2026-09-29T05:25:34,
PR000000624190,PR000001595709,Codo 45º encolable PN16 diámetro 75mm PVC-U,OK,2026-09-29T05:25:41,
PR000000624418,PR000001595710,"Válvula antirretorno 3/4""",OK,2026-09-29T05:25:52,
PR000000624476,PR000001595711,Codo 30 PE100 polietileno ELGEFPLUS tipo L diámetro 90,OK,2026-09-29T05:26:00,
PR000000624595,PR000001595712,Codo 90º ELGEF Plus diámetro 40 10/16bar con fijación,OK,2026-09-29T05:31:20,
PR000000624804,PR000001595713,"Manguito rosca M hexagonal PP-R GF Hakan 40-1 1/4""",OK,2026-09-29T05:31:28,
PR000000625404,PR000001595714,"Manguito transición H diámetro 20mm 1/2"" polipropileno / latón azul - negro",OK,2026-09-29T05:31:36,
PR000000625471,PR000001595715,Tubo PPr aluminio GF Hakan diámetro 63mm verde,OK,2026-09-29T05:31:45,
PR000000625678,PR000001595716,Casquillo de reducción encolable PN16 diámetro 40-50mm PVC-UH,OK,2026-09-29T05:31:53,
PR000000625734,PR000001595717,"Manguito roscado 3VCLV1F 1.1/2"" PN16 PVC-U",OK,2026-09-29T05:32:01,
PR000000625988,PR000001595718,Manguito enlace encolable PN16 diámetro 75mm PVC-U gris,OK,2026-09-29T05:32:09,
PR000000626060,PR000001595719,Brida ciega PN16 diámetro 63mm DN50 PVC-U,OK,2026-09-29T05:32:18,
PR000000626111,PR000001595720,"Te mixta roscada 90º PN16 diámetro 25mm 3/4"" PVC-U",OK,2026-09-29T05:32:26,
PR000000626323,PR000001595721,"Enlace mixto 3 piezas 2"" diámetro 50mm PVC",OK,2026-09-29T05:32:34,
PR000000626324,PR000001595722,"Enlace mixto 3 piezas PN16 diámetro 40mm 1.1/4"" PVC",OK,2026-09-29T05:32:43,
PR000000626452,PR000001595723,Junta manguito reparación diámetro 40mm,OK,2026-09-29T05:32:51,
PR000000626563,PR000001595724,Manguito electrosoldable polibutileno diámetro 20mm,OK,2026-09-29T05:32:59,
PR000000626949,PR000001595725,Casquillo de reducción encolable PN16 diámetro 32-50mm PVC-UH,OK,2026-09-29T05:33:06,
PR000000627075,PR000001595726,Reducción encolable PN16 diámetro 160-110mm PVC-UH,OK,2026-09-29T05:33:14,
PR000000627231,PR000001595727,"Collarín de toma diámetro 75mm 2"" PN12,5 polipropileno negro",OK,2026-09-29T05:33:22,
PR000000627357,PR000001595728,"Collarín de toma diámetro 90mm 3/4"" PN16 polipropileno azul",OK,2026-09-29T05:33:30,
PR000000627701,PR000001595729,"Reducción roscada M-H corta PN16 2-2. 1/2"" PVC",OK,2026-09-29T05:33:38,
PR000000627799,PR000001595730,Tubo PPr aluminio GF Hakan diámetro 32mm verde,OK,2026-09-29T05:33:46,
PR000000628148,PR000001595731,Codo 90º encolable PN16 diámetro 75mm PVC-U,OK,2026-09-29T05:40:01,
PR000000628455,PR000001595732,Máquina electrosoldable MSA 210 Edición Standard,OK,2026-09-29T05:40:09,
PR000000628996,PR000001595733,Casquillo de reducción encolable PN16 diámetro 25-50mm PVC-UH,OK,2026-09-29T05:40:18,
PR000000629085,PR000001595734,"Tubo multicapa diámetro 25x2,5mm (Barra 5m)",OK,2026-09-29T05:40:26,
PR000000629211,PR000001595735,"Tuerca unión 1""",OK,2026-09-29T05:40:34,
PR000000629448,PR000001595736,Codo 90º diámetro 50mm PN16 polipropileno azul - negro,OK,2026-09-29T05:40:42,
PR000000629649,PR000001595737,Te encolable reducida 90º PN16 diámetro 50-32mm PVC-UH,OK,2026-09-29T05:40:50,
PR000000633088,PR000001595738,Vaso expansión 200L-10B-VT-V-G1ö1/4,OK,2026-09-29T05:40:58,
PR000000634023,PR000001595739,Llave bola con manija palanca 21/2 PN28 MS. TYPE 250D,OK,2026-09-29T05:41:06,
PR000000634353,PR000001595740,Bomba circuladora rotor húmedo Varios PICO-STG 15/1-8-130,OK,2026-09-29T05:41:14,
PR000000634508,PR000001595741,"Llave de corte bola RP 3/4""",OK,2026-09-29T05:41:22,
PR000000634596,PR000001595742,Llave bola con manija palanca TYPE250W IG.1 1/4 PN35,OK,2026-09-29T05:41:30,
PR000000634776,PR000001595743,"Llave de corte bola RP 1/2""",OK,2026-09-29T05:41:38,
PR000000635070,PR000001595744,Bomba circuladora de rotor húmedo de conexión roscada YONOS PICO1.0 15/1-6 motor EC resistente al,OK,2026-09-29T05:41:46,
PR000000635481,PR000001595745,Vaso expansión 50L-10Bar Calef,OK,2026-09-29T05:41:54,
PR000000635775,PR000001595746,Compensador acero inoxidabl DN125 PN16,OK,2026-09-29T05:42:02,
PR000000635792,PR000001595747,Llave bola con manija palanca TYP250D IG.1 1/2 PN35,OK,2026-09-29T05:42:10,
PR000000636686,PR000001595748,"Válvula de flotador G1.1/4""",OK,2026-09-29T05:42:18,
PR000000636857,PR000001595749,Bomba rotor húmedo STAR-Z NOVA-T,OK,2026-09-29T05:42:27,
PR000000636924,PR000001595750,"Llave de corte bola RP 1""",OK,2026-09-29T05:48:30,
PR000000637866,PR000001595751,BRIDA DIN 2566 PLANA ROSCADA PN10 50 2 ZINCADA,OK,2026-09-29T05:48:38,
PR000000637934,PR000001595752,"Bomba STAR-Z 25/6 agua caliente sanitaria 230V monofásico conexión 1""",OK,2026-09-29T05:48:46,
PR000000638262,PR000001595753,"Brida roscada DN65-21/2 PN16 DIN2566 ST-""",OK,2026-09-29T05:48:54,
PR000000639558,PR000001595754,Conducto flexible 203mm Flexiver Clima,OK,2026-09-29T05:49:02,
PR000000639562,PR000001595755,Conducto flexible 203mm Flexiver D,OK,2026-09-29T05:49:09,
PR000000641651,PR000001595756,"Purgador automático 1/8""",OK,2026-09-29T05:49:17,
PR000000641997,PR000001595757,Cinta de aluminio reforzada 50x50mm,OK,2026-09-29T05:49:25,
PR000000642114,PR000001595758,Tubo multicapa diámetro 16x2 (rollo 200),OK,2026-09-29T05:49:34,
PR000000642142,PR000001595759,"Válvula de esfera 1288 PN25 H-H diámetro 1/2"" con palanca inoxidable",OK,2026-09-29T05:49:42,
PR000000642157,PR000001595760,"Grifo curvo jardín 1258 PN16 diámetro 1/2"" palanca inoxidable",OK,2026-09-29T05:49:50,
PR000000642163,PR000001595761,Tubo PEX/AL/PEX 1045 diámetro 32/3 (Rollo 50m),OK,2026-09-29T05:49:58,
PR000000642173,PR000001595762,"Manguito M PS4243G diámetro 18-1/2""",OK,2026-09-29T05:50:06,
PR000000642198,PR000001595763,"Curva H-H soldar cobre 3/4"" 90° aire acondicionado y refrigeración Pressman Fig 002",OK,2026-09-29T05:50:14,
PR000000642281,PR000001595764,"Manguito H PC4270G diámetro 28x1""",OK,2026-09-29T05:50:22,
PR000000642342,PR000001595765,"Válvula de pie de fondo 1461 diámetro 2""",OK,2026-09-29T05:50:30,
PR000000642345,PR000001595766,"Válvula de esfera 1286 PN25 M-H diámetro 3/8"" mariposa con maneta roja",OK,2026-09-29T05:50:38,
PR000000642346,PR000001595767,"Válvula de esfera 1285 PN25 H-H diámetro 3/8"" mariposa con maneta roja",OK,2026-09-29T05:50:46,
PR000000642415,PR000001595768,"Racor loco recto 5359G diámetro 10-3/8"" con junta plana",OK,2026-09-29T05:50:54,
PR000000642418,PR000001595769,"Purgador automático 1910 diámetro 1/2""",OK,2026-09-29T05:56:51,
PR000000642482,PR000001595770,"Racor Marsella H-M 8246EM diámetro 1.1/2""",OK,2026-09-29T05:57:00,
PR000000642483,PR000001595771,"Racor Marsella reducido H-M 8243M diámetro 3/4x1""",OK,2026-09-29T05:57:08,
PR000000642624,PR000001595772,"Manguito H-H 8270M diámetro 3/4""",OK,2026-09-29T05:57:16,
PR000000642651,PR000001595773,"Machón reducido M-M 8245M diámetro 3/4x1/2""",OK,2026-09-29T05:57:25,
PR000000642653,PR000001595774,"Machón reducido M-M 8245M diámetro 1/2x3/8""",OK,2026-09-29T05:57:33,
PR000000642655,PR000001595775,"Racor Marsella reducido H-M 8243M diámetro 1.1/4x3/4""",OK,2026-09-29T05:57:41,
PR000000642679,PR000001595776,"Reducción hexagonal M-H 8241M diámetro 3/4x3/8""",OK,2026-09-29T05:57:49,
PR000000642805,PR000001595777,"Machón reducido M-M 8245M diámetro 1.1/4x1""",OK,2026-09-29T05:57:58,
PR000000642811,PR000001595778,"Machón reducido M-M 8245M diámetro 1x3/4""",OK,2026-09-29T05:58:06,
PR000000642814,PR000001595779,"Racor Marsella reducido H-M 8243M diámetro 1.1/4x1""",OK,2026-09-29T05:58:14,
PR000000642824,PR000001595780,"Adaptador H-M 8243GM diámetro 22-3/4""",OK,2026-09-29T05:58:22,
PR000000642833,PR000001595781,"Reducción hexagonal M-H 8241M diámetro 1.1/2x1.1/4""",OK,2026-09-29T05:58:30,
PR000000642839,PR000001595782,"Reducción hexagonal M-H 8241M diámetro 1.1/4x1/2""",OK,2026-09-29T05:58:38,
PR000000642843,PR000001595783,"Reducción hexagonal M-H 8241M diámetro 1/2x1/4""",OK,2026-09-29T05:58:47,
PR000000642849,PR000001595784,"Reducción hexagonal M-H 8241M diámetro 3/8x1/4""",OK,2026-09-29T05:58:55,
PR000000642892,PR000001595785,"Machón reducido M-M 8245M diámetro 1.1/2x1.1/4""",OK,2026-09-29T05:59:03,
PR000000642923,PR000001595786,"Curva 90º H-H 9607D diámetro 2A 1/2"" cobre",OK,2026-09-29T05:59:11,
PR000000642924,PR000001595787,"Codo 90º H-H 9607 diámetro 90 3/4"" cobre",OK,2026-09-29T05:59:19,
PR000000642933,PR000001595788,Entronque a manguera M 81004M diámetro 1x30,OK,2026-09-29T06:05:26,
PR000000642938,PR000001595789,Entronque a manguera M 81004M diámetro 1x25,OK,2026-09-29T06:05:35,
PR000000642976,PR000001595790,"Curva 180º H-H 9638 diámetro 60 1/2"" cobre",OK,2026-09-29T06:05:43,
PR000000642977,PR000001595791,"Curva 180º H-H 9638 diámetro 60 3/4"" cobre",OK,2026-09-29T06:05:51,
PR000000643055,PR000001595792,"Curva 45º H-H 9606 diámetro 41 3/8"" cobre",OK,2026-09-29T06:05:59,
PR000000643098,PR000001595793,Entronque a manguera M 81004M diámetro 3/4x20,OK,2026-09-29T06:06:08,
PR000000643102,PR000001595794,Entronque a manguera M 81004M diámetro 1/2x14,OK,2026-09-29T06:06:16,
PR000000643184,PR000001595795,"Curva 90º H-H 9607D diámetro 2A 1/4"" cobre",OK,2026-09-29T06:06:24,
PR000000643189,PR000001595796,"Codo 90º H-H 9607 diámetro 90 3/8"" cobre",OK,2026-09-29T06:06:32,
PR000000643215,PR000001595797,"Manguito de reducción M-H 9600A diámetro 243 3/4x1/2"" cobre",OK,2026-09-29T06:06:40,
PR000000643217,PR000001595798,"Manguito de reducción M-H 9600A diámetro 243 1/2x3/8"" cobre",OK,2026-09-29T06:06:48,
PR000000643264,PR000001595799,"Manguito H-H 9600 diámetro 270 3/4"" cobre",OK,2026-09-29T06:06:56,
PR000000643287,PR000001595800,"Manguito H-H 9600 diámetro 270 1/4"" cobre",OK,2026-09-29T06:07:04,
PR000000643288,PR000001595801,"Manguito H-H 9600 diámetro 270 1/2"" cobre",OK,2026-09-29T06:07:12,
PR000000643391,PR000001595802,Manguito recto 301 diámetro 18x18mm,OK,2026-09-29T06:07:20,
PR000000643419,PR000001595803,"Manguito H-H 9600 diámetro 270 3/8"" cobre",OK,2026-09-29T06:07:29,
PR000000643708,PR000001595804,"Codo placa P7472G diámetro 16-1/2""",OK,2026-09-29T06:07:37,
PR000000643712,PR000001595805,"Codo placa P7472G diámetro 20-1/2""",OK,2026-09-29T06:07:45,
PR000000643715,PR000001595806,"Conector para tubo multicapa P7270G diámetro 16x1/2""",OK,2026-09-29T06:07:53,
PR000000643748,PR000001595807,Te reducida H-H-H P7130R diámetro 32-25-25,OK,2026-09-29T06:13:25,
PR000000643774,PR000001595808,Válvula de esfera P1204 diámetro 25mm,OK,2026-09-29T06:13:32,
PR000000643853,PR000001595809,"Codo placa P7472G diámetro 25-3/4""",OK,2026-09-29T06:13:39,
PR000000643882,PR000001595810,"Manguito H P7240G diámetro 32-1""",OK,2026-09-29T06:13:47,
PR000000643951,PR000001595811,Te igual H-H-H P7130 diámetro 32-32-32,OK,2026-09-29T06:13:54,
PR000000643959,PR000001595812,"Racor loco recto 5240G diámetro 28x1"" con cuello y precinto",OK,2026-09-29T06:14:01,
PR000000644065,PR000001595813,Curva 45º H-H PH5041 diámetro 15mm,OK,2026-09-29T06:14:08,
PR000000644482,PR000001595814,Junta plana 4990 diámetro 20.150,OK,2026-09-29T06:14:15,
PR000000644527,PR000001595815,Manguito sin tope H-H 5270S diámetro 18mm,OK,2026-09-29T06:14:22,
PR000000644532,PR000001595816,Manguito sin tope H-H 5270S diámetro 12mm,OK,2026-09-29T06:14:30,
PR000000644673,PR000001595817,Estropajo no metálico,OK,2026-09-29T06:14:37,
PR000000644759,PR000001595818,"Codo unión M-H 3098 diámetro 1/4"" con junta cónica",OK,2026-09-29T06:14:44,
PR000000644764,PR000001595819,"Manguito dilatación MxM 3/4""",OK,2026-09-29T06:14:52,
PR000000644910,PR000001595820,"Manguito de dilatación Y3270 diámetro 1""",OK,2026-09-29T06:14:59,
PR000000645205,PR000001595821,Tapón H 5301 diámetro 12mm,OK,2026-09-29T06:15:06,
PR000000645207,PR000001595822,Tapón H 5301 diámetro 10mm,OK,2026-09-29T06:15:13,
PR000000645209,PR000001595823,Manguito con tope H-H 5270 diámetro 22mm,OK,2026-09-29T06:15:20,
PR000000645210,PR000001595824,Manguito con tope H-H 5270 diámetro 18mm,OK,2026-09-29T06:15:27,
PR000000645211,PR000001595825,Manguito con tope H-H 5270 diámetro 16mm,OK,2026-09-29T06:15:35,
PR000000645214,PR000001595826,Manguito con tope H-H 5270 diámetro 10mm,OK,2026-09-29T06:21:29,
PR000000645275,PR000001595827,Manguito con tope H-H 5270 diámetro 15mm,OK,2026-09-29T06:21:37,
PR000000645276,PR000001595828,Manguito con tope H-H 5270 diámetro 12mm,OK,2026-09-29T06:21:45,
PR000000645343,PR000001595829,"Unión roscada M P4331G diámetro 18x3/4""",OK,2026-09-29T06:21:53,
PR000000645420,PR000001595830,Te reducida H-H-H 5130R diámetro 18-15-15mm,OK,2026-09-29T06:22:01,
PR000000645444,PR000001595831,Te H-H-H 5130 diámetro 15mm,OK,2026-09-29T06:22:08,
PR000000645447,PR000001595832,Codo 90º M-H 5092 diámetro 15mm,OK,2026-09-29T06:22:15,
PR000000645454,PR000001595833,Codo 90º H-H 5090 diámetro 35mm,OK,2026-09-29T06:22:23,
PR000000645457,PR000001595834,Codo 90º H-H 5090 diámetro 12mm,OK,2026-09-29T06:22:30,
PR000000645458,PR000001595835,Curva puente M-H 5086 diámetro 18mm,OK,2026-09-29T06:22:37,
PR000000645471,PR000001595836,Curva 45º H-H 5041 diámetro 22mm,OK,2026-09-29T06:22:44,
PR000000645472,PR000001595837,Curva 45º H-H 5041 diámetro 15mm,OK,2026-09-29T06:22:51,
PR000000645474,PR000001595838,Curva 45º H-H 5041 diámetro 12mm,OK,2026-09-29T06:22:58,
PR000000645478,PR000001595839,Curva 45º M-H 5040 diámetro 15mm,OK,2026-09-29T06:23:05,
PR000000645485,PR000001595840,Curva 90º H-H 5002A diámetro 18mm,OK,2026-09-29T06:23:12,
PR000000645501,PR000001595841,Manguito de reducción M-H 5243 diámetro 12-10mm,OK,2026-09-29T06:23:19,
PR000000645525,PR000001595842,Codo 90º H-H 5090 diámetro 18mm,OK,2026-09-29T06:23:26,
PR000000645575,PR000001595843,Te reducida H-H-H 5130R diámetro 18-15-18mm,OK,2026-09-29T06:23:33,
PR000000645581,PR000001595844,Te H-H-H 5130 diámetro 10mm,OK,2026-09-29T06:23:41,
PR000000645617,PR000001595845,Curva 90º H-H 5002A diámetro 22mm,OK,2026-09-29T06:29:28,
PR000000645618,PR000001595846,Curva 90º H-H 5002A diámetro 15mm,OK,2026-09-29T06:29:35,
PR000000645663,PR000001595847,Codo 90º H-H 5090 diámetro 15mm,OK,2026-09-29T06:29:43,
PR000000645664,PR000001595848,Codo 90º H-H 5090 diámetro 10mm,OK,2026-09-29T06:29:50,
PR000000645666,PR000001595849,Curva 90º H-H 5002A diámetro 12mm,OK,2026-09-29T06:29:57,
PR000000645861,PR000001595850,"Racor deposito 8535 diámetro 2""",OK,2026-09-29T06:30:05,
PR000000645878,PR000001595851,"Unión tres piezas 8126 con sellado metálico diámetro 2""",OK,2026-09-29T06:30:11,
PR000000645879,PR000001595852,"Unión 3 piezas H-H 4340G diámetro 22x3/4"" con junta cónica",OK,2026-09-29T06:30:19,
PR000000646033,PR000001595853,"Unión tres piezas 8126 con sellado metálico diámetro 1.1/4""",OK,2026-09-29T06:30:26,
PR000000646084,PR000001595854,Curva 90º H-H PG5002 diámetro 14mm cobre,OK,2026-09-29T06:30:33,
PR000000646105,PR000001595855,"Racor Marsella reducido H-M 8243M diámetro 2""x1.1/2""",OK,2026-09-29T06:30:40,
PR000000646134,PR000001595856,"Tubo PSTUBE 76 diámetro 1,5mm de acero inoxidable (Barra 6m 304)",OK,2026-09-29T06:30:47,
PR000000646147,PR000001595857,Tapón de cierre H PG5001 diámetro 14mm cobre,OK,2026-09-29T06:30:54,
PR000000646166,PR000001595858,Curva 90º H-H P5002 Larga diámetro 18mm cobre,OK,2026-09-29T06:31:01,
PR000000646185,PR000001595859,"Manguito antielectrolítico M-H 8560M 3/4""",OK,2026-09-29T06:31:08,
PR000000646292,PR000001595860,Manguito H-H deslizante P5270S diámetro 15mm cobre,OK,2026-09-29T06:31:15,
PR000000646293,PR000001595861,Manguito H-H PG5270 diámetro 16mm cobre,OK,2026-09-29T06:31:23,
PR000000646295,PR000001595862,Manguito de reducción M-H PG5243 diámetro 18x16mm cobre,OK,2026-09-29T06:31:30,
PR000000646317,PR000001595863,"Racor deposito 8535 diámetro 1""",OK,2026-09-29T06:31:39,
PR000000646336,PR000001595864,Curva 90º H-H P5002 Larga diámetro 15mm cobre,OK,2026-09-29T06:37:25,
PR000000646350,PR000001595865,"Codo 90º H-M 8092GM diámetro 54-2""",OK,2026-09-29T06:37:32,
PR000000646434,PR000001595866,"Te H-H-H 4130G diámetro 22x3/4"" bronce",OK,2026-09-29T06:37:41,
PR000000646504,PR000001595867,"Entronque M S243G diámetro 22x3/4"" cobre",OK,2026-09-29T06:37:49,
PR000000646542,PR000001595868,Curva 45º H-H PS26041 diámetro 18mm,OK,2026-09-29T06:37:57,
PR000000646557,PR000001595869,"Tubo multicapa 1041 diámetro 25/2,5 (Barra 4m)",OK,2026-09-29T06:38:04,
PR000000647060,PR000001595870,Manguito prensar latón Ø20mm HH gas Conex Bänninger Flex Gas,OK,2026-09-29T06:38:11,
PR000000647209,PR000001595871,"Te H PG7130G diámetro 20-1/2"" latón",OK,2026-09-29T06:38:18,
PR000000647255,PR000001595872,"Codo 90º rosca M BM8092G diámetro 22x3/4"" latón",OK,2026-09-29T06:38:26,
PR000000647353,PR000001595873,Tubo PEX/AL/PEX 1050 diámetro 20x2 para interior (Barra 4m),OK,2026-09-29T06:38:33,
PR000000647355,PR000001595874,"Racor móvil precintable con junta plana PG7359G diámetro 25-3/4"" latón",OK,2026-09-29T06:38:40,
PR000000647408,PR000001595875,Codo compresión latón 20mm HH 90° gas Conex Bänninger Flex Gas,OK,2026-09-29T06:38:48,
PR000000647410,PR000001595876,"Tubo PEX/AL/PEX 1050 diámetro 25x2,5 para interior (Barra 4m)",OK,2026-09-29T06:38:56,
PR000000647419,PR000001595877,Te reducida H-H-H PG7130R diámetro 25-20-20mm latón,OK,2026-09-29T06:39:04,
PR000000647508,PR000001595878,"Manguito doble M-M 3280 diámetro 3/4"" bronce roscado",OK,2026-09-29T06:39:12,
PR000000647515,PR000001595879,"Racor móvil precintable con junta plana PG7359G diámetro 20-3/4"" latón",OK,2026-09-29T06:39:20,
PR000000647523,PR000001595880,"Racor móvil recto P7359G diámetro 25x3/4"" latón",OK,2026-09-29T06:39:28,
PR000000647534,PR000001595881,"Codo 90º rosca H C403 diámetro 32x1"" latón",OK,2026-09-29T06:39:37,
PR000000647558,PR000001595882,"Codo 90º M 7092G diámetro 25-3/4"" latón",OK,2026-09-29T06:39:45,
PR000000647566,PR000001595883,Codo 90º 7090 diámetro 25-25mm latón,FAIL_VERIFY,2026-09-29T09:49:58,no existe en Ferros (¿sync 50013?)
PR000000647698,PR000001595884,"Manguito de reducción M-H 3241 diámetro 1.1/4-1"" bronce roscado",FAIL_VERIFY,2026-09-29T09:50:02,no existe en Ferros (¿sync 50013?)
PR000000647752,PR000001595885,"Válvula de esfera 1280 H-H PN16 diámetro 4"" con palanca",FAIL_VERIFY,2026-09-29T09:50:06,no existe en Ferros (¿sync 50013?)
PR000000647786,PR000001595886,"Manguito de reducción M-H 3241 diámetro 3/8-1/4"" bronce roscado",FAIL_VERIFY,2026-09-29T09:50:10,no existe en Ferros (¿sync 50013?)
PR000000647790,PR000001595887,Soldadura estaño-cobre 3% 250g,FAIL_VERIFY,2026-09-29T09:50:14,no existe en Ferros (¿sync 50013?)
PR000000647879,PR000001595888,"Racor Marsella 246 diámetro 3/4M-1/2""H bronce roscado",FAIL_VERIFY,2026-09-29T09:50:18,no existe en Ferros (¿sync 50013?)
PR000000647887,PR000001595889,"Manguito de reducción M-H 3245 diámetro 1/2-3/8"" bronce roscado",FAIL_VERIFY,2026-09-29T09:50:22,no existe en Ferros (¿sync 50013?)
PR000000647915,PR000001595890,"Válvula de compuerta 1122 PN20 diámetro 2"" estándar latón",FAIL_VERIFY,2026-09-29T09:50:31,no existe en Ferros (¿sync 50013?)
PR000000647962,PR000001595891,"Manguito doble M-M 3280 diámetro 1.1/4"" bronce roscado",FAIL_VERIFY,2026-09-29T09:50:35,no existe en Ferros (¿sync 50013?)
PR000000647986,PR000001595892,"Codo placa H-H 8472GP diámetro 32-1"" latón",FAIL_VERIFY,2026-09-29T09:50:39,no existe en Ferros (¿sync 50013?)
PR000000648008,PR000001595893,Manguito recto H-H 8270P diámetro 50mm latón,FAIL_VERIFY,2026-09-29T09:50:43,no existe en Ferros (¿sync 50013?)
PR000000648019,PR000001595894,Te igual H-H-H 8130P diámetro 50mm latón,FAIL_VERIFY,2026-09-29T09:50:47,no existe en Ferros (¿sync 50013?)
PR000000648021,PR000001595895,Te igual H-H-H 8130P diámetro 25mm latón,FAIL_VERIFY,2026-09-29T09:50:51,no existe en Ferros (¿sync 50013?)
PR000000648025,PR000001595896,"Codo 90º rosca M 8092GP diámetro 50-1.1/2"" latón",FAIL_VERIFY,2026-09-29T09:50:55,no existe en Ferros (¿sync 50013?)
PR000000648026,PR000001595897,"Codo 90º rosca M 8092GP diámetro 25-3/4"" latón",FAIL_BLOCK,2026-09-29T06:43:39,"HTTPSConnectionPool(host='login.microsoftonline.com', port=443): Max retries exceeded with url: /2070af18-f15b-4bea-9971-530cdd74f64e/oauth2/v2.0/token (Caused by NameResolutionError(""HTTPSConnection(host='login.microsoftonline.com', port=443): Failed to resolve 'login.microsoftonline.com' ([Errno 11001] getaddrinfo failed)""))"
PR000000648049,PR000001595901,Codo 90º H-H S090 diámetro 12mm cobre,OK,2026-09-29T08:37:11,
PR000000648086,PR000001595902,Codo 90º H-H S090 diámetro 18mm cobre,OK,2026-09-29T08:37:19,
PR000000648110,PR000001595903,Manguito recto H-H 8270P diámetro 63mm latón,OK,2026-09-29T08:37:26,
PR000000648120,PR000001595904,"Te con rosca H 8130GP diámetro 50-1.1/2""-50 latón",OK,2026-09-29T08:37:34,
PR000000648121,PR000001595905,"Te con rosca H 8130GP diámetro 25-3/4""-25 latón",OK,2026-09-29T08:37:42,
PR000000648142,PR000001595906,Tubo flexible TAQ-SUPER-ACB HG-1212-500,OK,2026-09-29T08:37:49,
PR000000648145,PR000001595907,"Arandela de goma plana 1.1/4"" 36x70x2 blanca",OK,2026-09-29T08:37:57,
PR000000648164,PR000001595908,"Arandela de goma cónica 1"" 27x56x8 blanca",OK,2026-09-29T08:38:05,
PR000000648202,PR000001595909,Flexible TAQ HG-3838-300-F agua,OK,2026-09-29T08:38:12,
PR000000648208,PR000001595910,Flexible TAQ MG-3838-300-F agua,OK,2026-09-29T08:38:20,
PR000000648230,PR000001595911,Flexible TAQ-SUPER MG-1212-300-F agua,OK,2026-09-29T08:38:27,
PR000000648240,PR000001595912,Flexible TAQ-SUPER MG-1212-400-F agua,OK,2026-09-29T08:38:35,
PR000000648259,PR000001595913,Aireador estándar ST.M24 (Blister 1u),OK,2026-09-29T08:38:43,
PR000000648298,PR000001595914,Flexible TAQ-GRIF H3/8-M10x1-L17-300-F agua,OK,2026-09-29T08:38:51,
PR000000648418,PR000001595915,"Arandela de goma plana 1"" 30x70x2 blanca",OK,2026-09-29T08:38:58,
PR000000648435,PR000001595916,"Arandela de goma semi-cónica 1.1/2"" 41x67x5 blanca",OK,2026-09-29T08:39:05,
PR000000648436,PR000001595917,"Arandela de goma plana 1.1/2"" 40x77x22 blanca",OK,2026-09-29T08:39:13,
PR000000648451,PR000001595918,"Junta goma NBR 1"" 24x29x2,5mm estrecha",OK,2026-09-29T08:39:21,
PR000000648456,PR000001595919,"Junta goma NBR 1"" 20x30x2mm ancha",OK,2026-09-29T08:39:29,
PR000000648457,PR000001595920,"Junta goma NBR 2"" 44x54x3mm ancha",OK,2026-09-29T08:46:37,
PR000000648460,PR000001595921,"Junta goma 7/8"" 20x27x2mm",OK,2026-09-29T08:46:45,
PR000000648510,PR000001595922,Flexible PRESINOX-EXT-PR HH-1212-300/510 gas,OK,2026-09-29T08:46:54,
PR000000648578,PR000001595923,"Lira GLP HG 21,8I/21,8I-720 gas",OK,2026-09-29T08:47:02,
PR000000648596,PR000001595924,"Junta goma NBR 3/4"" 18,5x23,5x2,5mm estrecha",OK,2026-09-29T08:47:10,
PR000000648607,PR000001595925,Flexo ducha inox extensible CON-1750,OK,2026-09-29T08:47:18,
PR000000648621,PR000001595926,"Junta goma NBR 3/4"" 16,75x24x2mm ancha",OK,2026-09-29T08:47:26,
PR000000648637,PR000001595927,"Junta goma NBR 1.1/2"" 30x44x2,5mm ancha",OK,2026-09-29T08:47:35,
PR000000648734,PR000001595928,Flexible TAQ MG-3838-250 agua,OK,2026-09-29T08:47:43,
PR000000648741,PR000001595929,"Reducción hexagonal 3/4""-1/2""",OK,2026-09-29T08:47:51,
PR000000648755,PR000001595930,"Lira GLP HG 21,8I/20x1,5D-720 gas",OK,2026-09-29T08:48:00,
PR000000648830,PR000001595931,Flexible EXTRA TWIST-O2B-ACB-DN25 HG-1-600,OK,2026-09-29T08:48:08,
PR000000649296,PR000001595932,"Junta goma 3/8"" EPDM 9x14x2mm ancha",OK,2026-09-29T08:48:16,
PR000000649299,PR000001595933,Flexible EXTRA TWIST MG-1 1/4-400 (Bolsa 1u),OK,2026-09-29T08:48:25,
PR000000649328,PR000001595934,Flexible TAQ-GRIF ACB H3/8-M10x1-L50-300,OK,2026-09-29T08:48:33,
PR000000649636,PR000001595935,Te reducida H-H-H diámetro 18-15-18 PRES-COBRE UNIKO cobre-bronce,OK,2026-09-29T08:48:41,
PR000000649643,PR000001595936,"Unión M diámetro 28-3/4"" inoxidable AISI-316L gas",OK,2026-09-29T08:48:49,
PR000000649653,PR000001595937,"Unión H diámetro 18-1/2"" inoxidable AISI-316L gas",OK,2026-09-29T08:48:58,
PR000000649683,PR000001595938,Reducción M-H diámetro 35-28 inoxidable AISI-316L gas,OK,2026-09-29T08:49:06,
PR000000649740,PR000001595940,"Te H roscada diámetro 28-1/2""-28 inoxidable AISI-316L gas",OK,2026-09-29T08:55:37,
PR000000649954,PR000001595941,Tubo Prensar diámetro 28 inoxidable AISI-316L,OK,2026-09-29T08:55:45,
PR000000650130,PR000001595942,Te reducida H-H-H 76-28-76 inoxidable AISI-316L,OK,2026-09-29T08:55:54,
PR000000650138,PR000001595943,Te igual H-H-H diámetro 76 inoxidable AISI-316L,OK,2026-09-29T08:56:03,
PR000000650147,PR000001595944,Curva 90º H-H diámetro 76 inoxidable AISI-316L,OK,2026-09-29T08:56:12,
PR000000650150,PR000001595945,Curva 45º H-H diámetro 76 inoxidable AISI-316L,OK,2026-09-29T08:56:20,
PR000000650171,PR000001595946,Brida adaptador PN16 diámetro 22 inoxidable AISI-316L,OK,2026-09-29T08:56:28,
PR000000650172,PR000001595947,"Te H roscada diámetro 54-1/2""-54 inoxidable AISI-316L",OK,2026-09-29T08:56:37,
PR000000650186,PR000001595948,"Unión H 15-1/2"" inoxidable AISI-316L",OK,2026-09-29T08:56:46,
PR000000650202,PR000001595949,"Racor 3 piezas rosca H diámetro 18-1/2"" acero inoxidable AISI-316L INOXPRES STEAM",OK,2026-09-29T08:56:54,
PR000000650271,PR000001595950,"Unión M diámetro 76-2. 1/2"" inoxidable AISI-316L",OK,2026-09-29T08:57:03,
PR000000650274,PR000001595951,Tubo aire diámetro 18 inoxidable AISI-316L,OK,2026-09-29T08:57:10,
PR000000650285,PR000001595952,Manguito sin tope diámetro 76 inoxidable AISI-316L,OK,2026-09-29T08:57:18,
PR000000650318,PR000001595953,"Unión M diámetro 18-1/2"" inoxidable AISI-316L",OK,2026-09-29T08:57:25,
PR000000650321,PR000001595955,"Unión H 22-3/4"" inoxidable AISI-316L",OK,2026-09-29T08:57:32,
PR000000650322,PR000001595956,"Unión H 18-3/4"" inoxidable AISI-316L",OK,2026-09-29T08:57:39,
PR000000650334,PR000001595957,"Racor 2 piezas diámetro 18-1/2"" INOXPRES STEAM acero inoxidable AISI-316L",OK,2026-09-29T08:57:47,
PR000000650413,PR000001595958,Manguito sin tope diámetro 54 inoxidable AISI-316L,OK,2026-09-29T08:57:54,
PR000000650498,PR000001595959,Manguito H-H diámetro 54 INOXPRES STEAM acero inoxidable AISI-316L,OK,2026-09-29T08:58:01,
PR000000650898,PR000001595960,Te reducida H-H-H 35-22-35 inoxidable AISI-316L,OK,2026-09-29T09:51:04,
PR000000650943,PR000001595961,Curva 90º H-H diámetro 18 INOXPRES STEAM acero inoxidable AISI-316L,OK,2026-09-29T09:51:13,
PR000000650944,PR000001595962,"Unión M diámetro 18-1/2"" INOXPRES STEAM acero inoxidable AISI-316L",OK,2026-09-29T09:51:21,
PR000000651050,PR000001595963,Curva 45º H-H diámetro 18 inoxidable AISI-316L,OK,2026-09-29T09:51:30,
PR000000651084,PR000001595964,Manguito H-H diámetro 54 inoxidable AISI-316L,OK,2026-09-29T09:51:38,
PR000000651087,PR000001595965,Curva 45º H-H diámetro 18 INOXPRES STEAM acero inoxidable AISI-316L,OK,2026-09-29T09:51:47,
PR000000651221,PR000001595966,"Fig.340 Enlace 3 piezas HH 1/2"" inoxidable AISI-316L",OK,2026-09-29T09:51:56,
PR000000651248,PR000001595967,Curva 90º H-H diámetro 35 inoxidable AISI-316L,OK,2026-09-29T09:52:04,
PR000000651256,PR000001595968,Curva 90º H-H diámetro 28 inoxidable AISI-316L,OK,2026-09-29T09:52:13,
PR000000651262,PR000001595969,Curva 90º H-H diámetro 22 inoxidable AISI-316L,OK,2026-09-29T09:52:20,
PR000000651300,PR000001595970,"Cutter 25x0,7mm",OK,2026-09-29T09:52:28,
PR000000651547,PR000001595971,Manguito electrosoldable diámetro 50 SDR11,OK,2026-09-29T09:52:36,
PR000000651725,PR000001595972,"Codo 90º rosca M-18x1/2"" PressALB",OK,2026-09-29T09:52:43,
PR000000651882,PR000001595973,"Codo placa 18x1/2""H",OK,2026-09-29T09:52:50,
PR000000651945,PR000001595974,Tubo multicapa diámetro 32 (En barra),OK,2026-09-29T09:52:57,
PR000000651946,PR000001595975,Tubo multicapa diámetro 26 (En barra),OK,2026-09-29T09:53:05,
PR000000651947,PR000001595976,Tubo multicapa diámetro 20x2 (En barra),OK,2026-09-29T09:53:13,
PR000000651948,PR000001595977,Tubo multicapa diámetro 16 (En barra),OK,2026-09-29T09:53:20,
PR000000651954,PR000001595978,Tubo multicapa diámetro 16 (En rollo),OK,2026-09-29T09:53:28,
PR000000652246,PR000001595981,Manguito electrosoldable PE-RT diámetro 40,OK,2026-09-29T10:03:11,
PR000000652247,PR000001595982,Manguito electrosoldable PE-RT diámetro 32,OK,2026-09-29T10:03:20,
PR000000652705,PR000001595983,Tubo multicapa PE-RT/AI/PE-RT para gas 20x2 (En barra),OK,2026-09-29T10:03:29,
PR000000652851,PR000001595985,"Tubería preaislada polietileno 1-125x11,4/200 ALB",OK,2026-09-29T10:03:38,
PR000000655320,PR000001595986,Rejilla retorno aletas fijas 45 400x400 horizontal,OK,2026-09-29T10:03:46,
PR000000655498,PR000001595987,Rejilla retorno aletas fijas 45 300x400 horizontal,OK,2026-09-29T10:03:55,
PR000000655547,PR000001595988,Rejilla retorno aletas curvadas fijas 45 200x200,OK,2026-09-29T10:04:04,
PR000000683173,PR000001595989,Filtro Aire AE40644,OK,2026-09-29T10:04:12,
PR000000683370,PR000001595990,Filtro aceite HC5733,OK,2026-09-29T10:04:21,
PR000000683613,PR000001595991,Filtro Combustible CC6880,OK,2026-09-29T10:04:30,
PR000000683716,PR000001595993,Filtro Aceite HC6888,OK,2026-09-29T10:04:38,
PR000000684035,PR000001595994,Filtro Aire SA16755,OK,2026-09-29T10:04:46,
PR000000684977,PR000001595995,FILTRO ACEITE HC6016,OK,2026-09-29T10:04:54,
PR000000686163,PR000001595996,Adhesivo PVC G-10 tubo 125ml,OK,2026-09-29T10:05:02,
PR000000686168,PR000001595997,Cinta adhesiva 30 micras rollo 50x75mm aluminio,OK,2026-09-29T10:05:09,
PR000000686173,PR000001595998,Adhesivo PVC UNEPLAS bote 500ml plástico,OK,2026-09-29T10:05:16,
PR000000686176,PR000001595999,Adhesivo PVC UNEPLAS bote 1l plástico,OK,2026-09-29T10:05:24,
PR000000686177,PR000001596000,Adhesivo PVC UNEPLAS bote 250ml plástico,OK,2026-09-29T10:05:31,
PR000000686180,PR000001596001,Pistola espuma poliuretano HITE GUN,OK,2026-09-29T10:05:38,
PR000000686181,PR000001596002,Espuma poliuretano spray para pistola 750ml SINEX,OK_SIN_BLOQUEO,2026-09-29T10:13:06,Ferros OK; block diferido (compra abierta)
PR000000686191,PR000001596003,"Cinta teflón calidad rollo 12mx12mmx0,01mm",OK,2026-09-29T10:13:15,
PR000000686192,PR000001596004,Cinta autovulcanizable rollo 9mx19mm,OK,2026-09-29T10:13:24,
PR000000686193,PR000001596005,"Cinta teflón calidad rollo 50mx25mmx0,1mm",OK,2026-09-29T10:13:32,
PR000000686196,PR000001596006,Superdesbloqueante multiusos spray 400ml,OK,2026-09-29T10:13:41,
PR000000686210,PR000001596007,Adhesivo súper rápido PVC rígido pincel 500ml,OK,2026-09-29T10:13:48,
PR000000686213,PR000001596008,Adhesivo tubo PVC rígido bote con pincel 500ml,OK,2026-09-29T10:13:55,
PR000000686215,PR000001596009,Adhesivo tubo PVC rígido bote con pincel 250ml,OK_SIN_BLOQUEO,2026-09-29T10:14:03,Ferros OK; block diferido (compra abierta)
PR000000686217,PR000001596010,Desatascador profesional botella 1l,OK,2026-09-29T10:14:10,
PR000000686219,PR000001596011,Disolvente tubo PVC rígido botella plástico 500ml,OK,2026-09-29T10:14:17,
PR000000686228,PR000001596012,Disolvente tubo PVC rígido bote 500ml,OK,2026-09-29T10:14:25,
PR000000686230,PR000001596013,Cinta silicona autovulcanizable transparente blíster 3mx25mm,OK,2026-09-29T10:14:32,
PR000000686243,PR000001596014,Silicona antimoho fontanería transparente cartucho 300ml,OK,2026-09-29T10:14:39,
PR000000686263,PR000001596015,Adhesivo cianoacrilato 50g,OK,2026-09-29T10:14:47,
PR000000686275,PR000001596016,Adhesivo tubo PVC rígido tubo 125ml,OK,2026-09-29T10:14:54,
PR000000686278,PR000001596017,Disolvente tubo PVC rígido botella plástico 250ml,OK,2026-09-29T10:15:01,
PR000000686281,PR000001596018,Cinta doble cara rollo 5mx19mm estuche,OK,2026-09-29T10:15:08,
PR000000686287,PR000001596019,Adhesivo PVC G-10 bote pincel 250ml,OK,2026-09-29T10:15:16,
PR000000686289,PR000001596020,Limpiador polietileno bote 1/2l,OK,2026-09-29T10:15:23,
PR000000686307,PR000001596021,"Cinta teflón calidad rollo 25mx25mmx0,2mm",OK,2026-09-29T10:22:34,
PR000000686308,PR000001596022,Precinto embalaje transparente rollo 66mx50mm,OK,2026-09-29T10:22:43,
PR000000686312,PR000001596023,Cinta adhesiva aluminio rollo 50x50mm 50 micras,OK,2026-09-29T10:22:51,
PR000000686318,PR000001596024,Adhesivo tubo Unesol PVC UNEPLAS 1l,OK,2026-09-29T10:22:59,
PR000000686319,PR000001596025,Adhesivo gel tubo flexible bote con pincel 250ml,OK,2026-09-29T10:23:07,
PR000000686335,PR000001596026,Disolvente tubo PVC rígido bote 1l,OK,2026-09-29T10:23:16,
PR000000686344,PR000001596027,Pasta para cáñamo tubo 100gr,OK,2026-09-29T10:23:24,
PR000000686345,PR000001596028,Limpiador PVC botella de plástico 1l,OK,2026-09-29T10:23:33,
PR000000686442,PR000001596029,Botella gas refrigerante R32 1l 40bar,OK,2026-09-29T10:23:42,
PR000000686510,PR000001596030,Bateria Ro BP18/4 4.0 ah 18V lihd,OK,2026-09-29T10:23:49,
PR000000686574,PR000001596031,Soplete Super-Fire 2 para MAPPGAS,OK,2026-09-29T10:23:56,
PR000000686606,PR000001596032,Botella gas refrigerante R32 2l 40bar,OK,2026-09-29T10:24:03,
PR000000686620,PR000001596033,Cúter 50 Cross-blade 20mm,OK,2026-09-29T10:24:11,
PR000000686684,PR000001596034,Manguera de suministro de agua (parar FF35026),OK,2026-09-29T10:24:18,
PR000000686846,PR000001596035,Botella acetileno llena 5l,OK,2026-09-29T10:24:25,
PR000000686970,PR000001596036,"Juego 10 discos INOX FINE CUT 115x0,8x22mm",OK,2026-09-29T10:24:33,
PR000000686972,PR000001596037,Cincel plano SDS-plus 250mm,OK,2026-09-29T10:24:40,
PR000000686983,PR000001596038,Botella oxígeno llena 5l,OK_SIN_BLOQUEO,2026-09-29T10:24:47,Ferros OK; block diferido (compra abierta)
PR000000686992,PR000001596039,"Máquina prensar ROMAX COMMTT MAXIPRO 1/4""-1.1/8, 1x2AH EU",OK,2026-09-29T10:24:55,
PR000000687052,PR000001596040,"Tenaza ROGRIP M7"" con manetas 2K",OK,2026-09-29T10:31:31,
PR000000687077,PR000001596041,Cúter,OK,2026-09-29T10:31:39,
PR000000687255,PR000001596042,Soplete Rofire Piezo Multi Gas 300 7/16'',OK,2026-09-29T10:31:48,
PR000000687286,PR000001596043,Tijeras cortatubos PVC Rocut 63TC,OK,2026-09-29T10:31:55,
PR000000687447,PR000001596044,Gas refrigerante botella R410A 1Kg,OK,2026-09-29T10:32:02,
PR000000687574,PR000001596045,Gas refrigerante 1Kg R410A,OK,2026-09-29T10:32:10,
PR000000687747,PR000001596046,Tijeras cortatubo ROCUT-PS-26/42S ajustable,OK,2026-09-29T10:32:22,
PR000000687765,PR000001596047,Pasta Rosol 1S para soldar,OK,2026-09-29T10:32:30,
PR000000687901,PR000001596048,Desincrustante Rocal Acid-Multi (5Kg),OK,2026-09-29T10:32:41,
PR000000688057,PR000001596049,Muelle Curvatubos CU 1/2'',OK,2026-09-29T10:32:52,
PR000000688151,PR000001596050,Kit Boquillas soldar PVC,OK,2026-09-29T10:33:01,
PR000000688429,PR000001596051,Desincrustante concentrado 10Kg,OK,2026-09-29T10:33:10,
PR000000689373,PR000001596052,Fuente alimentación PRO ECO 72W 24V 3A,OK,2026-09-29T10:33:19,
PR000000689433,PR000001596053,Prensa terminal preaislado CRIMPER 6 I,OK,2026-09-29T10:33:29,
PR000000691357,PR000001596054,Borne de paso WDU 2.5 HV,OK,2026-09-29T10:33:39,
PR000000692152,PR000001596055,Fuente ali  Weid Muller PRO ECO 120W 24V 5A 1469480000,OK,2026-09-29T10:33:48,
PR000000692348,PR000001596056,Borne de paso A2C 10 DL PUSH IN 10mm2 1000V beige oscuro,OK,2026-09-29T10:33:57,
PR000000693788,PR000001596057,Terminal WS 12/5 MM WS,OK_SIN_BLOQUEO,2026-09-29T10:34:05,Ferros OK; block diferido (compra abierta)
PR000000693796,PR000001596058,"Señalizador SM 27/12,5 MM GE",OK,2026-09-29T10:34:14,
PR000000693825,PR000001596059,Señalizador SFX 9/24 MM GE,OK,2026-09-29T10:41:12,
PR000000693995,PR000001596060,"Borne WDU 2,5 GE/SW",OK,2026-09-29T10:41:20,
PR000000694584,PR000001596061,"Borne WDK 2,5",OK,2026-09-29T10:41:27,
PR000000694777,PR000001596062,"Borne WPE 2,5",OK,2026-09-29T10:41:35,
PR000000694840,PR000001596063,Borne WPE 10,OK,2026-09-29T10:41:43,
PR000000694987,PR000001596064,"Borne WDU 2,5",OK,2026-09-29T10:41:52,
PR000000695059,PR000001596065,"Borne WDU 2,5 rojo",OK,2026-09-29T10:42:00,
PR000000695060,PR000001596066,"Borne WDU 2,5 negro",OK,2026-09-29T10:42:08,
PR000000695310,PR000001596067,"Terminal TWIN aislante H 2x0,5D blanco",OK,2026-09-29T10:42:17,
PR000000695381,PR000001596068,"Borne WDL 2,5/S/NT/L/PE",OK,2026-09-29T10:42:26,
PR000000695400,PR000001596069,Borne WPE 35,OK,2026-09-29T10:42:36,
PR000000695567,PR000001596070,Borne WDUL 4/50K,OK,2026-09-29T10:42:44,
PR000000696506,PR000001596071,Borne WDU 6 gris,OK,2026-09-29T10:42:52,
PR000000696759,PR000001596072,Borne WDU 6 SL,OK,2026-09-29T10:43:00,
PR000000697233,PR000001596073,"Borne MAK 2,5 DB [Ref. 7917030000]",OK,2026-09-29T10:43:09,
PR000000697569,PR000001596074,Tuerca M63 poliamida gris,OK,2026-09-29T10:43:17,
PR000000697571,PR000001596075,Tuerca M20 PA gris,OK,2026-09-29T10:43:26,
PR000000697572,PR000001596076,Tuerca M16 PA gris,OK,2026-09-29T10:43:34,
PR000000697789,PR000001596077,Prensaestopas M16 IP68 RAL7035,OK,2026-09-29T10:43:42,
PR000000697871,PR000001596078,Prensaestopas M25 IP67 RAL7035,OK,2026-09-29T10:50:09,
PR000000697876,PR000001596079,Tapa WAP WDU/WTR 4/ZZ,OK,2026-09-29T10:50:17,
PR000000697943,PR000001596080,Borne WDU 4/10,OK,2026-09-29T10:50:25,
PR000000698223,PR000001596081,Señalizador cable Weidmuller HSS 1.6-4.8 EL Y30M,OK,2026-09-29T10:50:32,
PR000000698246,PR000001596082,Herramienta para prensar terminales EPG 45,OK,2026-09-29T10:50:40,
PR000000698567,PR000001596083,Anillo juntas KSWN M25,OK,2026-09-29T10:50:47,
PR000000698581,PR000001596084,Guía TS 35x15x1.5 perforada Metro,OK,2026-09-29T10:50:54,
PR000000698912,PR000001596085,Señalizador cable HSS 1.6-4.8 EL Y13M,OK,2026-09-29T10:51:03,
PR000000699046,PR000001596086,Portaetiquetas SCHT5 S,OK,2026-09-29T10:51:10,
PR000000699132,PR000001596087,"Tapa WAP DK 2,5",OK,2026-09-29T10:51:18,
PR000000699173,PR000001596088,Borne WPE 6,OK,2026-09-29T10:51:25,
PR000000699675,PR000001596089,Tapa WAP WDK10,OK,2026-09-29T10:51:33,
PR000000699755,PR000001596090,"Terminal H 2,5/21T ZH gris",OK,2026-09-29T10:51:40,
PR000000699964,PR000001596091,Borne WDU 35,OK,2026-09-29T10:51:48,
PR000000699982,PR000001596092,Borne WDU 10,OK,2026-09-29T10:51:56,
PR000000699996,PR000001596093,Soporte TSTW (M5),OK,2026-09-29T10:52:03,
PR000000700103,PR000001596094,"Borne doble piso ZDK 2,5V",OK,2026-09-29T10:52:10,
PR000000700128,PR000001596095,"Borne WDK 2,5 PE",OK,2026-09-29T10:52:18,
PR000000700179,PR000001596096,Borne WDU 16,OK,2026-09-29T10:52:25,
PR000000700190,PR000001596097,Borne WPE 16,OK,2026-09-29T10:59:15,
PR000000700206,PR000001596098,Borne WDU 35,OK,2026-09-29T10:59:23,
PR000000700615,PR000001596099,Pelamangueras numero 28 TOP RED-LIN,OK,2026-09-29T10:59:31,
PR000000700616,PR000001596100,Pelamangueras SLICER número 27,OK,2026-09-29T10:59:39,
PR000000700796,PR000001596101,Prensaestopas M32 IP68 RAL7035,OK,2026-09-29T10:59:48,
PR000000700920,PR000001596102,Puntera Doble preaislado AI 2X1.5/16 Twin negro,OK,2026-09-29T10:59:57,
PR000000701434,PR000001596103,Borne WDU 4 azul,OK,2026-09-29T11:00:05,
PR000000701512,PR000001596104,Puente WQV 50N/2,OK,2026-09-29T11:00:14,
PR000000701860,PR000001596105,Borne WDU 50N,OK,2026-09-29T11:00:23,
PR000000701864,PR000001596106,Terminal tubo 1mm2/14 rojo rollo,OK,2026-09-29T11:00:31,
PR000000701988,PR000001596107,Prensaestopas VG M50 K68,OK,2026-09-29T11:00:40,
PR000000702920,PR000001596108,Guía TS 15 perforada Metro,OK,2026-09-29T11:00:49,
PR000000702921,PR000001596109,Borne WDU 4,OK,2026-09-29T11:00:57,
PR000000703096,PR000001596110,Cartucho tinta PJ ADV TNTK INK K negro,OK,2026-09-29T11:01:06,
PR000000703097,PR000001596111,Cartucho tinta PJ ADV TNTK INK magenta,OK,2026-09-29T11:01:14,
PR000000703140,PR000001596112,Cartucho tinta PJ ADV TNTK INK C cian,OK,2026-09-29T11:01:22,
PR000000703141,PR000001596113,Cartucho tinta PJ ADV TNTK INK Y amarillo,OK,2026-09-29T11:01:29,
PR000000703441,PR000001596114,Kit HDC-HA 16.120,OK,2026-09-29T11:01:37,
PR000000710925,PR000001596115,Contratuerca SKMU M20-W,OK,2026-09-29T11:01:45,
PR000000727762,PR000001596116,Adaptador ADAP M20-G1/2-W,OK,2026-09-29T11:08:35,
PR000000729253,PR000001596117,Fusible fotovoltaico FUSE 10X38 16A 1000 VDC GPV,OK,2026-09-29T11:08:43,
PR000000730072,PR000001596118,Borne con componentes Serie W WDK 2.5/D/7,OK,2026-09-29T11:08:52,
PR000000730260,PR000001596119,Juego de prensado FLEXICRIMPER SET 5,OK,2026-09-29T11:09:01,
PR000000730550,PR000001596120,Kit conectores industriales HDC-KIT-HA 10.110,OK,2026-09-29T11:09:10,
PR000000731087,PR000001596121,Contratuerca CABTITE LNS M50 BK,OK,2026-09-29T11:09:19,
PR000000731629,PR000001596122,Cable USB IE-USB-A-A-3.0M,OK,2026-09-29T11:09:27,
PR000000732260,PR000001596123,Terminal KP-M10/50,OK,2026-09-29T11:09:36,
PR000000732401,PR000001596124,Manguito empalme VSTN/6,OK,2026-09-29T11:09:44,
PR000000732474,PR000001596125,Terminal KP-M10/35,OK,2026-09-29T11:09:53,
PR000000732619,PR000001596126,Terminal redondo con aislante KQI-M8/16,OK,2026-09-29T11:10:01,
PR000000732741,PR000001596127,Terminal KSN/35,OK,2026-09-29T11:10:10,
PR000000732937,PR000001596128,Terminal bimetálico preaislado CPTAU 70 70mm2,OK,2026-09-29T11:10:18,
PR000000732941,PR000001596129,Terminal bimetálico preaislado CPTAU 150 150mm2,OK,2026-09-29T11:10:27,
PR000000767345,PR000001596130,Downlight de superficie HOLP DOWN blanco Switch 2700/3000/4000K CRI80 100º 2950lm 21W corte de fase,OK,2026-09-29T11:10:35,
PR000000852556,PR000001596131,Soporte armario para 15653,OK,2026-09-29T11:10:44,
PR000000866277,PR000001596132,Fotocélula reflexión modelo PMT NPT 1/2 temporizador,OK,2026-09-29T11:10:53,
PR000000866412,PR000001596133,Fotocélula reflexión M18 axial conector PNP,OK,2026-09-29T11:11:02,
PR000000866528,PR000001596134,Fotocélula barrera conector PNP,OK,2026-09-29T11:11:11,
PR000000866985,PR000001596135,Pasta térmica 5g para relés estáticos,OK,2026-09-29T11:18:07,
PR000000867112,PR000001596136,Fotocélula espejo polarizada PMP12RG1311 relé 12m Reflex Multitensión,OK,2026-09-29T11:18:15,
PR000000868085,PR000001596137,"Reflector 51,0x17,5x6,0mm adhesivo",OK,2026-09-29T11:18:23,
PR000000872019,PR000001596138,Base fijación Platinum,OK,2026-09-29T11:18:31,
PR000000872033,PR000001596139,Piloto indicador Platinum luminoso rojo,OK,2026-09-29T11:18:38,
PR000000872088,PR000001596140,Selector Platinum maneta con 2 posiciones fija,OK,2026-09-29T11:18:46,
PR000000872140,PR000001596141,Botonera blanca para 1 operador,OK,2026-09-29T11:18:53,
PR000000872159,PR000001596142,Contacto auxiliar Platinum 1 NA verde montaje fondo,OK,2026-09-29T11:19:01,
PR000000872200,PR000001596143,Contacto auxiliar Platinum 1 NA verde,OK,2026-09-29T11:19:08,
PR000000872202,PR000001596144,Contacto auxiliar Platinum 1 NC rojo,OK,2026-09-29T11:19:16,
PR000000872220,PR000001596145,Disco plástico para pulsador seta Paro Emergencia Ø60mm,OK,2026-09-29T11:19:23,
PR000000872280,PR000001596146,Selector Platinum 2 posiciones 0-1 extraíble 0-1,OK,2026-09-29T11:19:30,
PR000000872387,PR000001596147,Fusible para aplicación fotovoltaico 10x38 1000V DC 12A,OK,2026-09-29T11:19:37,
PR000000872621,PR000001596148,"Fuente alimentación BIFASICO 90-264V AC 4,2A 24V 100W",OK,2026-09-29T11:19:45,
PR000000873756,PR000001596149,Temporizador 24-240V AC estrella / triángulo,OK,2026-09-29T11:19:54,
PR000000874830,PR000001596150,Interruptor rotativo 2P GX91 20A-U 48x48,OK,2026-09-29T11:20:03,
PR000000875896,PR000001596151,Conmutador (1-0-2) 2P GN52 20A-U 48x48,OK,2026-09-29T11:20:12,
PR000000877295,PR000001596152,Piloto LED NEON Cable 220V amarillo,OK,2026-09-29T11:20:21,
PR000000877373,PR000001596153,Piloto LED NEON Cable 220V verde,OK,2026-09-29T11:20:29,
PR000000877378,PR000001596154,Piloto LED NEON Cable 220V rojo,OK,2026-09-29T11:27:34,
PR000000881783,PR000001596155,Circulador SB-10YA monofásico 230V ACS,OK,2026-09-29T11:27:43,
PR000000881794,PR000001596156,"Reducción cincado 1 1/4""-1/2"" izquierda para radiador",OK,2026-09-29T11:27:52,
PR000000881795,PR000001596157,Reducción cincado 1 1/4''a 1/2'' derecha para radiador,OK,2026-09-29T11:28:01,
PR000000881866,PR000001596158,Termostato de inmersión,OK,2026-09-29T11:28:09,
PR000000881872,PR000001596159,Termostato de contacto,OK,2026-09-29T11:28:18,
PR000000882006,PR000001596160,"Deposito expansión Vasoflex 12l 0,5bar",OK,2026-09-29T11:28:26,
PR000000882019,PR000001596161,"Conjunto 50 tapones 1"" cincado con rosca izquierda para radiador hierro fundido",OK,2026-09-29T11:28:35,
PR000000882029,PR000001596162,Tapón purgador orientable 1/2'' para panel y rosca ADRA,OK,2026-09-29T11:28:44,
PR000000882147,PR000001596163,"Detentor 1/2"" escuadra soldar 13-15",OK,2026-09-29T11:28:53,
PR000000882226,PR000001596164,"Conjunto 50 juntas 1"" 42x32x1",OK,2026-09-29T11:29:02,
PR000000882273,PR000001596165,"Detentor H 1/2"" escuadra",OK,2026-09-29T11:29:10,
PR000000882275,PR000001596166,"Llave Serie 200 1/2"""" escuadra soldar 13-15",OK,2026-09-29T11:29:18,
PR000000882336,PR000001596167,"Llave Serie 200 3/8"" H escuadra",OK,2026-09-29T11:29:26,
PR000000882557,PR000001596168,Resistencia calefacción 9kW RC-20/90,OK,2026-09-29T11:29:34,
PR000000882568,PR000001596169,Líquido solar concentrate FAC 10 10l,OK,2026-09-29T11:29:41,
PR000000882711,PR000001596170,Módulo solar monocristalino 365,OK,2026-09-29T11:29:49,
PR000000882719,PR000001596171,Kit de autoconsumo solar Easy PV365 suplemento para cubierta plana,OK,2026-09-29T11:29:57,
PR000000882907,PR000001596172,"Purgador automático 1/2"" 10 bar",OK,2026-09-29T11:30:05,
PR000000883036,PR000001596173,"Circulador Quantum Maxi MYL1025 1"" para calefacción y refrigeración",OK,2026-09-29T11:37:14,
PR000000883190,PR000001596174,"Reducción 1""x1/8"" cincado rosca derecha complemento para radiadores de aluminio",OK,2026-09-29T11:37:22,
PR000000883196,PR000001596175,"Reducción 1""x3/8"" cincado rosca izquierda complemento para radiadores de aluminio",OK,2026-09-29T11:37:30,
PR000000883351,PR000001596176,"Tapón 1"" cincado rosca derecha complemento para radiadores de aluminio",OK,2026-09-29T11:37:37,
PR000000883354,PR000001596177,"Reducción 1""x1/2"" cincado rosca derecha complemento para radiadores de aluminio",OK,2026-09-29T11:37:45,
PR000000883832,PR000001596178,Radiador panel ADRA-11S 600x500mm,OK,2026-09-29T11:37:52,
PR000000917399,PR000001596179,Proyector exterior KENIA 150W 850 RAL 7045 IP65,OK,2026-09-29T11:38:00,
PR000000918370,PR000001596180,Luminaria BRENO CL superficie blanco 18W 830 230V,OK,2026-09-29T11:38:07,
PR000000918489,PR000001596181,"Luminaria víal AVATAR XL 64LED 128W/135,1W 3000K 8N Dalí CMR",OK,2026-09-29T11:38:15,
PR000000918511,PR000001596182,Fuente de alimentación DALI LCA 35W 24V SC PRE,OK,2026-09-29T11:38:22,
PR000000919598,PR000001596183,Pantalla estanca BERLIN ECO LED 2x1500mm 1EXT S/POLAR gris claro,OK,2026-09-29T11:38:30,
PR000000920261,PR000001596184,Correa de amarre con cierre,OK,2026-09-29T11:38:37,
PR000000920404,PR000001596185,Enlace recto URBANGREEN diámetro 16 (En bolsa),OK,2026-09-29T11:38:45,
PR000000920418,PR000001596186,Te línea goteo diámetro 20,OK,2026-09-29T11:38:53,
PR000000920438,PR000001596187,"Contador Woltman  DN50 2""",OK,2026-09-29T11:39:00,
PR000000920478,PR000001596188,"Adaptador mixto rosca M línea goteo 16-1/2""",OK,2026-09-29T11:39:07,
PR000000920480,PR000001596189,Te línea goteo diámetro 16,OK,2026-09-29T11:39:15,
PR000000920919,PR000001596190,"Filtro malla HFL 2"" BSP 130 micra",OK,2026-09-29T11:39:22,
PR000000920940,PR000001596191,Aspersor 10cm sectorial y circular (40-360º),OK,2026-09-29T11:39:29,
PR000000920948,PR000001596192,Manguera diámetro 19mm anti-torsión azul rollo 25m,OK,2026-09-29T11:46:24,
PR000000920982,PR000001596193,Programador grifo ZA84002 1ZEHTMR SPG,OK,2026-09-29T11:46:33,
PR000000920984,PR000001596194,Bomba sumergible achique boya EQS-550,OK,2026-09-29T11:46:41,
PR000000921091,PR000001596195,"Difusor PSU0217A 5cm radio 5,2m",OK,2026-09-29T11:46:48,
PR000000921099,PR000001596196,Manguera diámetro 19mm anti-torsión azul rollo 50m,OK,2026-09-29T11:46:57,
PR000000921264,PR000001596197,Solenoide 606800 24VCA,OK,2026-09-29T11:47:05,
PR000000921295,PR000001596198,"Manguito contra rosca M-M 1"" latón",OK,2026-09-29T11:47:14,
PR000000921415,PR000001596199,Conexión te URBAGREEN diámetro 16 (En bolsa),OK,2026-09-29T11:47:23,
PR000000921437,PR000001596200,"Cartucho para filtro malla plástico 2""",OK,2026-09-29T11:47:31,
PR000000921457,PR000001596201,"Manguito contra rosca M-M 3/4"" latón",OK,2026-09-29T11:47:39,
PR000000921460,PR000001596202,"Aro redondo 1/2"" M-H 1/4"" valona hexagonal",OK,2026-09-29T11:47:46,
PR000000921652,PR000001596203,Unión Gibault tubo PVC diámetro 110,OK,2026-09-29T11:47:55,
PR000000921760,PR000001596204,Depósito polietileno cilíndrico con T 80l,OK,2026-09-29T11:48:04,
PR000000921836,PR000001596205,Unión Gibault tubo PVC diámetro 90,OK,2026-09-29T11:48:11,
PR000000921899,PR000001596206,"Grifo curvo manguera 1/2""",OK,2026-09-29T11:48:19,
PR000000921913,PR000001596207,Manómetro 0-10kg/cm2,OK,2026-09-29T11:48:26,
PR000000921937,PR000001596208,"Relé arranque bomba monofásica PSR-53 230V CA hasta 5,6kW / trifásica 230V CA hasta 7,5kW",OK,2026-09-29T11:48:34,
PR000000922004,PR000001596209,"Collarín de toma polietileno 50x1"" H",OK,2026-09-29T11:48:42,
PR000000922005,PR000001596210,"Collarín de toma polietileno 50x1/2"" H",OK,2026-09-29T11:48:50,
PR000000922113,PR000001596211,"Adaptador mixto rosca M línea goteo 16-3/4""",FAIL_VERIFY,2026-09-29T11:56:05,no existe en Ferros (¿sync 50013?)
PR000000922242,PR000001596212,"Contador chorro múltiple R16 MID DN25-1"" con racores, preequipado para emisor pulsos inductivo K10",FAIL_VERIFY,2026-09-29T11:56:09,no existe en Ferros (¿sync 50013?)
PR000000922379,PR000001596213,Manguitos antivibratorios PN10 DN.65,FAIL_VERIFY,2026-09-29T11:56:13,no existe en Ferros (¿sync 50013?)
PR000000922482,PR000001596214,"Válvula hidráulica metálica DN40 1,5"" H PN10",FAIL_VERIFY,2026-09-29T11:56:16,no existe en Ferros (¿sync 50013?)
PR000000922537,PR000001596215,Tubería PE-BD agrícola diámetro 50 PN-04 (rollo 100m),FAIL_VERIFY,2026-09-29T11:56:20,no existe en Ferros (¿sync 50013?)
PR000000922580,PR000001596216,Tubería PE-100 alimentación diámetro 50 PN-10 (tubo 100m),FAIL_VERIFY,2026-09-29T11:56:24,no existe en Ferros (¿sync 50013?)
PR000000922582,PR000001596217,Tubería PE-40 alimentación diámetro 20 PN-10 (rollo 100m),FAIL_VERIFY,2026-09-29T11:56:27,no existe en Ferros (¿sync 50013?)
PR000000922584,PR000001596218,Tubería PE-40 alimentación diámetro 25 PN-06 (rollo 100m),FAIL_VERIFY,2026-09-29T11:56:31,no existe en Ferros (¿sync 50013?)
PR000000922586,PR000001596219,Tubería PE-BD agrícola diámetro 32 PN-06 (rollo 100m),FAIL_VERIFY,2026-09-29T11:56:34,no existe en Ferros (¿sync 50013?)
PR000000922587,PR000001596220,Tubería PE-BD agrícola diámetro 40 PN-06 (rollo 100m),FAIL_VERIFY,2026-09-29T11:56:39,no existe en Ferros (¿sync 50013?)
PR000000922707,PR000001596221,Tubería PE-40 alimentación diámetro 40 PN-10 (rollo 100m),OK,2026-09-29T11:56:48,
PR000000922711,PR000001596222,Tubería PE-40 alimentación diámetro 20 PN-06 (rollo 100m),OK,2026-09-29T11:56:56,
PR000000922733,PR000001596223,Válvula bola PVC PTFE-FPM Ø 63 encolar,OK,2026-09-29T11:57:04,
PR000000922809,PR000001596224,Casquillo reducción PVC-C encolar diámetro 50x40,OK,2026-09-29T11:57:12,
PR000000922810,PR000001596225,Te 90º PVC-C encolar diámetro 40,OK,2026-09-29T11:57:19,
PR000000922853,PR000001596226,Tapón PVC-C encolar diámetro 75,OK,2026-09-29T11:57:26,
PR000000922861,PR000001596227,Casquillo reducción PVC-C encolar diámetro 63x50,OK,2026-09-29T11:57:34,
PR000000922862,PR000001596228,Casquillo reducción PVC-C encolar diámetro 40x25,OK,2026-09-29T11:57:41,
PR000000922863,PR000001596229,Casquillo reducción PVC-C encolar diámetro 40x32,OK,2026-09-29T11:57:49,
PR000000922865,PR000001596230,Casquillo reducción PVC-C encolar diámetro 32x25,FAIL_VERIFY,2026-09-29T12:04:56,no existe en Ferros (¿sync 50013?)
PR000000922866,PR000001596231,Manguito unión PVC-C encolar diámetro 50,FAIL_VERIFY,2026-09-29T12:05:01,no existe en Ferros (¿sync 50013?)
PR000000922879,PR000001596232,Te 90º PVC-C encolar diámetro 32,FAIL_VERIFY,2026-09-29T12:05:06,no existe en Ferros (¿sync 50013?)
PR000000922882,PR000001596233,Codo 45º PVC-C encolar diámetro 40,FAIL_VERIFY,2026-09-29T12:05:10,no existe en Ferros (¿sync 50013?)
PR000000922887,PR000001596234,Codo 90º PVC-C encolar diámetro 20,FAIL_VERIFY,2026-09-29T12:05:15,no existe en Ferros (¿sync 50013?)
PR000000922923,PR000001596235,Machón mixto PVC-C encolar rosca M 63-50x1. 1/2,FAIL_VERIFY,2026-09-29T12:05:19,no existe en Ferros (¿sync 50013?)
PR000000922928,PR000001596236,Manguito unión PVC-C encolar diámetro 110,FAIL_VERIFY,2026-09-29T12:05:23,no existe en Ferros (¿sync 50013?)
PR000000922929,PR000001596237,Manguito unión PVC-C encolar diámetro 25,FAIL_VERIFY,2026-09-29T12:05:30,no existe en Ferros (¿sync 50013?)
PR000000922937,PR000001596238,Manguito válvula bola PVC-U PE100 diámetro 50,FAIL_VERIFY,2026-09-29T12:05:33,no existe en Ferros (¿sync 50013?)
PR000000922994,PR000001596239,Casquillo reducción PVC-C encolar diámetro 75x63,FAIL_VERIFY,2026-09-29T12:05:37,no existe en Ferros (¿sync 50013?)
PR000000922996,PR000001596240,Casquillo reducción PVC-C encolar diámetro 32x20,FAIL_VERIFY,2026-09-29T12:05:42,no existe en Ferros (¿sync 50013?)
PR000000922999,PR000001596241,Manguito unión PVC-C encolar diámetro 90,FAIL_VERIFY,2026-09-29T12:05:45,no existe en Ferros (¿sync 50013?)
PR000000923002,PR000001596242,Manguito unión PVC-C encolar diámetro 40,FAIL_VERIFY,2026-09-29T12:05:49,no existe en Ferros (¿sync 50013?)
PR000000923019,PR000001596243,Codo 45º PVC-C encolar diámetro 32,FAIL_VERIFY,2026-09-29T12:05:53,no existe en Ferros (¿sync 50013?)
PR000000923021,PR000001596244,Codo 90º PVC-C encolar diámetro 50,FAIL_VERIFY,2026-09-29T12:05:56,no existe en Ferros (¿sync 50013?)
PR000000923101,PR000001596245,Válvula de bola PVC-U PE-EPDM BW11 diámetro 32 PN16,FAIL_VERIFY,2026-09-29T12:06:00,no existe en Ferros (¿sync 50013?)
PR000000923252,PR000001596246,Válvula de bola PVC-U PE-EPDM BW11 diámetro 25 PN16,FAIL_VERIFY,2026-09-29T12:06:04,no existe en Ferros (¿sync 50013?)
PR000000923487,PR000001596247,Tapón reducción simple diámetro 200x160 PVC gris encolar,FAIL_VERIFY,2026-09-29T12:06:08,no existe en Ferros (¿sync 50013?)
PR000000923644,PR000001596249,Derivación simple M-H 45 diámetro 200 PVC gris encolar,FAIL_VERIFY,2026-09-29T12:06:12,no existe en Ferros (¿sync 50013?)
PR000000923650,PR000001596250,Codo H-H 87º 30' diámetro 40 PVC gris encolar,OK,2026-09-29T12:13:27,
PR000000923665,PR000001596251,Tapón de registro roscado diámetro 40 PVC gris encolar,OK,2026-09-29T12:13:36,
PR000000923666,PR000001596252,Tapón reducción simple diámetro 110x40 PVC gris encolar,OK,2026-09-29T12:13:46,
PR000000923670,PR000001596253,Tapón ciego diámetro 110 PVC encolar,OK,2026-09-29T12:13:54,
PR000000923672,PR000001596254,Manguito unión H-H diámetro 32 PVC encolar,OK,2026-09-29T12:14:03,
PR000000923691,PR000001596255,Codo M-H diámetro 110 PVC teja junta elástica,OK,2026-09-29T12:14:12,
PR000000923703,PR000001596256,Tapón de registro roscado diámetro 110 PVC gris encolar,OK,2026-09-29T12:14:20,
PR000000923713,PR000001596257,Derivación simple M-H 67º 30' diámetro 110 PVC gris encolar,OK,2026-09-29T12:14:29,
PR000000923730,PR000001596258,Derivación simple M-H 45 diámetro 110 PVC gris encolar,OK,2026-09-29T12:14:38,
PR000000923732,PR000001596259,Derivación simple M-H 45 diámetro 90 PVC gris encolar,OK,2026-09-29T12:14:47,
PR000000923733,PR000001596260,Derivación simple M-H 87º 30' diámetro 250 PVC gris encolar,OK,2026-09-29T12:14:56,
PR000000923734,PR000001596261,Derivación simple M-H 87º 30' diámetro 160 PVC gris encolar,OK,2026-09-29T12:15:04,
PR000000923735,PR000001596262,Derivación simple M-H 87º 30' diámetro 110 PVC gris encolar,OK,2026-09-29T12:15:12,
PR000000923736,PR000001596263,Derivación simple M-H 87º 30' diámetro 75 PVC gris encolar,OK,2026-09-29T12:15:19,
PR000000923742,PR000001596264,Codo M-H 87º 30' diámetro 110 PVC gris encolar,OK,2026-09-29T12:15:26,
PR000000923744,PR000001596265,Codo M-H 87º 30' diámetro 90 PVC gris encolar,OK,2026-09-29T12:15:34,
PR000000923746,PR000001596266,Tapón ciego diámetro 40 PVC encolar,OK,2026-09-29T12:15:42,
PR000000923747,PR000001596267,Manguito unión H-H diámetro 50 PVC encolar,OK,2026-09-29T12:15:49,
PR000000923748,PR000001596268,Tapón ciego diámetro 50 PVC encolar,OK,2026-09-29T12:15:57,
PR000000923749,PR000001596269,Derivación H-H 87º 30' diámetro 50 PVC encolar,OK,2026-09-29T12:22:32,
PR000000923751,PR000001596270,Codo H-H 87º 30' diámetro 50 PVC gris encolar,OK,2026-09-29T12:22:42,
PR000000923752,PR000001596271,Codo H-H 87º 30' diámetro 32 PVC gris encolar,OK,2026-09-29T12:22:50,
PR000000923801,PR000001596272,Codo M-H 45º diámetro 90 PVC gris encolar,OK,2026-09-29T12:22:57,
PR000000923826,PR000001596273,Tapón reducción simple diámetro 160x110 PVC gris encolar,OK,2026-09-29T12:23:06,
PR000000923830,PR000001596274,Tapón reducción simple diámetro 125x40 PVC gris encolar,OK,2026-09-29T12:23:15,
PR000000923843,PR000001596275,Codo M-H 87º 30' diámetro 40 PVC gris encolar,OK,2026-09-29T12:23:25,
PR000000923844,PR000001596276,Codo M-H 87º 30' diámetro 32 PVC gris encolar,OK,2026-09-29T12:23:33,
PR000000923846,PR000001596277,Codo M-H 45º diámetro 32 PVC gris encolar,OK,2026-09-29T12:23:42,
PR000000923864,PR000001596278,Tapón reducción doble diámetro 110x40-40 PVC gris encolar,OK,2026-09-29T12:23:50,
PR000000923866,PR000001596279,Derivación M-H 45 diámetro 125 PVC gris encolar,OK,2026-09-29T12:23:57,
PR000000923873,PR000001596280,Codo M-H 45 diámetro 125 PVC gris encolar,OK,2026-09-29T12:24:05,
PR000000923877,PR000001596281,Codo M-H 67º 30' diámetro 125 PVC gris encolar,OK,2026-09-29T12:24:14,
PR000000923878,PR000001596282,Codo M-H 67º 30' diámetro 110 PVC gris encolar,OK,2026-09-29T12:24:21,
PR000000923882,PR000001596283,Tapón ciego diámetro 200 PVC encolar,OK,2026-09-29T12:24:29,
PR000000923889,PR000001596284,Manguito unión H-H diámetro 75 PVC encolar,OK,2026-09-29T12:24:36,
PR000000923897,PR000001596285,Derivación simple M-H 45 diámetro 250 PVC gris encolar,OK,2026-09-29T12:24:43,
PR000000923902,PR000001596286,Codo M-H 87º 30' diámetro 200 PVC gris encolar,OK,2026-09-29T12:24:51,
PR000000923905,PR000001596287,Codo M-H 45 diámetro 125 PVC gris encolar,OK,2026-09-29T12:24:58,
PR000000923906,PR000001596288,Codo M-H 45 diámetro 110 PVC gris encolar,OK,2026-09-29T12:31:39,
PR000000923907,PR000001596289,Codo M-H 87º 30' diámetro 125 PVC gris encolar,OK,2026-09-29T12:31:48,
PR000000923908,PR000001596290,Codo M-H 87º 30' diámetro 75 PVC gris encolar,OK,2026-09-29T12:31:56,
PR000000923911,PR000001596291,Derivación H-H 45 diámetro 50 PVC encolar,OK,2026-09-29T12:32:03,
PR000000923912,PR000001596292,Derivación H-H 45 diámetro 40 PVC encolar,OK,2026-09-29T12:32:11,
PR000000923914,PR000001596293,Codo H-H 45 diámetro 50 PVC gris encolar,OK,2026-09-29T12:32:20,
PR000000923940,PR000001596294,Te 45º encolar PVC diámetro 75,OK,2026-09-29T12:32:28,
PR000000924016,PR000001596295,Tubo PVC flexible diámetro 40 25m,OK,2026-09-29T12:32:37,
PR000000924018,PR000001596296,Tubo PVC flexible diámetro 20 25m,OK,2026-09-29T12:32:44,
PR000000924192,PR000001596297,Tubo PVC flexible diámetro 32 25m,OK,2026-09-29T12:32:52,
PR000000924197,PR000001596298,Electroválvula actuación neumático 24VDC,OK,2026-09-29T12:32:59,
PR000000924261,PR000001596299,Tubo PVC flexible diámetro 40 50m,OK,2026-09-29T12:33:07,
PR000000924262,PR000001596300,Tubo PVC flexible diámetro 50 50m,OK,2026-09-29T12:33:14,
PR000000924370,PR000001596301,Tubo PVC flexible diámetro 25 50m,OK,2026-09-29T12:33:21,
PR000000924371,PR000001596302,Tubo PVC flexible diámetro 20 50m,OK,2026-09-29T12:33:30,
PR000000924515,PR000001596303,Tubo PVC flexible diámetro 32 50m,OK,2026-09-29T12:33:38,
PR000000924533,PR000001596304,"Te 90º Standard H-50x1. 1/2""",OK,2026-09-29T12:33:46,
PR000000924542,PR000001596305,Manguito polietileno PVC-U diámetro 40,OK,2026-09-29T12:33:53,
PR000000924601,PR000001596306,"Enlace Standard M-25x3/4""",OK,2026-09-29T12:34:00,
PR000000924631,PR000001596307,"Te 90º Standard M-25x3/4""",OK,2026-09-29T12:40:56,
PR000000924710,PR000001596308,Manguito polietileno PVC-U diámetro 32,OK,2026-09-29T12:41:03,
PR000000924806,PR000001596309,Te 45º encolar PVC diámetro 25,OK,2026-09-29T12:41:11,
PR000000924807,PR000001596310,Te 45º encolar PVC diámetro 32,OK,2026-09-29T12:41:19,
PR000000924855,PR000001596311,Te 45º encolar PVC diámetro 63,OK,2026-09-29T12:41:28,
PR000000924873,PR000001596312,Brida con manguito PVC diámetro 40,OK,2026-09-29T12:41:35,
PR000000924927,PR000001596313,Válvula bola encolar diámetro 40 CPVC,OK,2026-09-29T12:41:43,
PR000000924999,PR000001596314,"Codo mixto 90º PVC diámetro 75x2.1/2""",OK,2026-09-29T12:41:51,
PR000000925002,PR000001596315,Te 45º encolar PVC diámetro 40,OK,2026-09-29T12:41:58,
PR000000925111,PR000001596316,"Válvula bola roscar diámetro 2"" EPDM",OK,2026-09-29T12:42:05,
PR000000925133,PR000001596317,Manguito polietileno diámetro 90,OK,2026-09-29T12:42:13,
PR000000925195,PR000001596318,"Espiga conexión polietileno roscada PVC 1""",OK,2026-09-29T12:42:20,
PR000000925199,PR000001596319,"Válvula anti-retorno roscar PVC diámetro 2""",OK,2026-09-29T12:42:28,
PR000000925206,PR000001596320,Válvula anti-retorno encolar PVC diámetro 40,OK,2026-09-29T12:42:35,
PR000000925209,PR000001596321,"Válvula bola roscar diámetro 1.1/2"" EPDM",OK,2026-09-29T12:42:43,
PR000000925224,PR000001596322,"Collarín de toma 110x2""",OK,2026-09-29T12:42:51,
PR000000925243,PR000001596323,Casquillo reducción encolar PVC diámetro 125x90,OK,2026-09-29T12:42:59,
PR000000925264,PR000001596324,Válvula bola encolar diámetro 63 EPDM,OK,2026-09-29T12:43:07,
PR000000925324,PR000001596325,Casquillo reducción encolar PVC diámetro 160x110,OK,2026-09-29T12:43:14,
PR000000925333,PR000001596326,Válvula bola encolar diámetro 32 EPDM,OK,2026-09-29T12:49:45,
PR000000925334,PR000001596327,"Enlace rosca M polietileno diámetro 90x3""",OK,2026-09-29T12:49:54,
PR000000925796,PR000001596328,Conjunto tornillo M16x90+tuerca+arandela,OK,2026-09-29T12:50:02,
PR000000925798,PR000001596329,Bote disolvente-limpiador 1000cc,OK,2026-09-29T12:50:11,
PR000000925799,PR000001596330,Bote disolvente-limpiador 500cc,OK,2026-09-29T12:50:20,
PR000000925819,PR000001596331,"Enlace mixto M-H 3 piezas PVC 75x2.1/2""",OK,2026-09-29T12:50:28,
PR000000925855,PR000001596332,"Enlace mixto M-H 3 piezas PVC 63x2""",OK,2026-09-29T12:50:37,
PR000000925970,PR000001596333,"Enlace espiga rosca M PVC 3/8x16""",OK,2026-09-29T12:50:45,
PR000000925973,PR000001596334,"Enlace mixto 3 piezas PVC diámetro 63x2""",OK,2026-09-29T12:50:53,
PR000000925974,PR000001596335,"Enlace mixto 3 piezas PVC diámetro 32x1""",OK,2026-09-29T12:51:01,
PR000000925988,PR000001596336,"Reducción roscada M-M PVC 3/4x1/2""",OK,2026-09-29T12:51:10,
PR000000925994,PR000001596344,"Reducción roscada M-H PVC 2.1/2x2""",OK,2026-09-29T12:59:11,
PR000000926028,PR000001596337,"Manguito enlace mixto PVC 63x2.3/4""",OK,2026-09-29T12:51:19,
PR000000926039,PR000001596338,"Tapón rosca M PVC 2""",OK,2026-09-29T12:51:27,
PR000000926050,PR000001596339,"Terminal rosca M PVC 32x1""",OK,2026-09-29T12:51:35,
PR000000926056,PR000001596340,"Machón mixto M PVC 63x50x1.1/2""",OK,2026-09-29T12:51:45,
PR000000926066,PR000001596341,"Codo 90º M PVC 63x2""",OK,2026-09-29T12:51:54,
PR000000926082,PR000001596342,Manguito enlace encolar PVC diámetro 40,OK,2026-09-29T12:52:03,
PR000000926091,PR000001596343,"Terminal rosca M PVC 63x2""",OK,2026-09-29T12:52:11,
PR000000926092,PR000001596345,"Terminal rosca M PVC 50x1.1/2""",OK_SIN_BLOQUEO,2026-09-29T12:59:20,Ferros OK; block diferido (compra abierta)
PR000000926109,PR000001596346,Enlace M-H 3 piezas encolar PVC 63,OK,2026-09-29T12:59:30,
PR000000926110,PR000001596347,"Enlace mixto M-H 3 piezas PVC 20x1/2""",OK,2026-09-29T12:59:39,
PR000000926118,PR000001596348,Enlace 3 piezas encolar PVC diámetro 63,OK,2026-09-29T12:59:47,
PR000000926120,PR000001596349,Enlace 3 piezas encolar PVC diámetro 50,OK,2026-09-29T12:59:56,
PR000000926197,PR000001596350,"Machón mixto M PVC 50x40x1.1/4""",OK,2026-09-29T13:00:05,
PR000000926203,PR000001596351,"Machón mixto M PVC 32x25x1""",OK,2026-09-29T13:00:15,
PR000000926432,PR000001596352,Junta plana diámetro 125,OK,2026-09-29T13:00:25,
PR000000926667,PR000001596353,Manguito portabridas encolar PVC diámetro 50,OK,2026-09-29T13:00:34,
PR000000927023,PR000001596354,Reducción cónica encolar PVC 50-40-32,OK,2026-09-29T13:00:42,
PR000000927083,PR000001596355,Reducción cónica encolar PVC 40-32-25,OK,2026-09-29T13:00:51,
PR000000927529,PR000001596356,Tapón encolar PVC diámetro 50,OK,2026-09-29T13:00:59,
PR000000927625,PR000001596357,Casquillo reducción encolar PVC diámetro 63-50,OK,2026-09-29T13:01:08,
PR000000927655,PR000001596358,Casquillo reducción encolar PVC diámetro 40-32,OK,2026-09-29T13:01:16,
PR000000927656,PR000001596359,Casquillo reducción encolar PVC diámetro 32-25,OK,2026-09-29T13:01:25,
PR000000927700,PR000001596360,Casquillo reducción encolar PVC diámetro 50-25,OK,2026-09-29T13:01:35,
PR000000927761,PR000001596361,Casquillo reducción encolar PVC diámetro 75-63,OK,2026-09-29T13:01:45,
PR000000927789,PR000001596362,Casquillo reducción encolar PVC diámetro 50-32,OK,2026-09-29T13:01:54,
PR000000927803,PR000001596363,Casquillo reducción encolar PVC diámetro 32-20,OK,2026-09-29T13:09:02,
PR000000927814,PR000001596364,Manguito unión mixto reforzado PVC 50x1.1/2,OK,2026-09-29T13:09:12,
PR000000927912,PR000001596365,"Manguito unión mixto PVC 32x1""",OK,2026-09-29T13:09:20,
PR000000927927,PR000001596366,Manguito unión encolar PVC diámetro 160,OK,2026-09-29T13:09:29,
PR000000927961,PR000001596367,Manguito unión encolar PVC diámetro 50,OK,2026-09-29T13:09:37,
PR000000927980,PR000001596368,"Manguito unión mixto PVC 63x2""",OK,2026-09-29T13:09:46,
PR000000927982,PR000001596369,"Manguito unión mixto PVC 25x3/4""",OK,2026-09-29T13:09:56,
PR000000927997,PR000001596370,"Manguito doble rosca PVC 3/4""",OK,2026-09-29T13:10:04,
PR000000928053,PR000001596371,"Manguito unión mixto PVC 75x2.1/2""",OK,2026-09-29T13:10:13,
PR000000928105,PR000001596372,Válvula bola PVC-U (FPM) roscar DN25,OK,2026-09-29T13:10:21,
PR000000928111,PR000001596373,Manguito unión encolar PVC diámetro 63,OK,2026-09-29T13:10:30,
PR000000928118,PR000001596374,Manguito unión encolar PVC diámetro 40,OK,2026-09-29T13:10:38,
PR000000928182,PR000001596375,"Te mixta 90º reducida PVC 50x1""",OK,2026-09-29T13:10:47,
PR000000928253,PR000001596376,Manguito unión encolar PVC diámetro 20,OK,2026-09-29T13:10:55,
PR000000928778,PR000001596377,Te 90º igual encolar PVC diámetro 25,OK,2026-09-29T13:11:03,
PR000000928846,PR000001596378,"Te mixta 90º PVC diámetro 40x1.1/4""",OK,2026-09-29T13:11:12,
PR000000928847,PR000001596379,"Te mixta 90º PVC diámetro 32x1""",OK,2026-09-29T13:11:21,
PR000000928919,PR000001596380,Te 90º igual encolar PVC diámetro 20,OK,2026-09-29T13:11:30,
PR000000929002,PR000001596381,Codo 45º encolar PVC diámetro 125,OK,2026-09-29T13:11:38,
PR000000929014,PR000001596382,Codo 45º encolar PVC diámetro 75,OK_SIN_BLOQUEO,2026-09-29T13:18:38,Ferros OK; block diferido (compra abierta)
PR000000929060,PR000001596383,Codo 45º encolar PVC diámetro 250,OK,2026-09-29T13:18:46,
PR000000929071,PR000001596384,Codo 45º encolar PVC diámetro 63,OK,2026-09-29T13:18:55,
PR000000929081,PR000001596385,Codo 45º encolar PVC diámetro 32,OK,2026-09-29T13:19:03,
PR000000929082,PR000001596386,Codo 45º encolar PVC diámetro 25,OK,2026-09-29T13:19:12,
PR000000929173,PR000001596387,Codo 45º encolar PVC diámetro 90,OK,2026-09-29T13:19:21,
PR000000929202,PR000001596388,"Codo 90º roscar PVC 2""",OK,2026-09-29T13:19:29,
PR000000929282,PR000001596389,Codo 90º encolar PVC diámetro 125,OK,2026-09-29T13:19:38,
PR000000929299,PR000001596390,Codo 90º encolar PVC diámetro 75,OK,2026-09-29T13:19:46,
PR000000929348,PR000001596391,Codo 90º encolar PVC diámetro 63,OK,2026-09-29T13:19:55,
PR000000929349,PR000001596392,Codo 90º encolar PVC diámetro 50,OK,2026-09-29T13:20:04,
PR000000929350,PR000001596393,Codo 90º encolar PVC diámetro 40,OK,2026-09-29T13:20:12,
PR000000929351,PR000001596394,Codo 90º encolar PVC diámetro 32,OK,2026-09-29T13:20:21,
PR000000929371,PR000001596395,"Codo mixto 90º PVC diámetro 63x2""",OK,2026-09-29T13:20:30,
PR000000929421,PR000001596396,Codo 90º encolar PVC diámetro 160,OK,2026-09-29T13:20:38,
PR000000929436,PR000001596397,Codo 90º encolar PVC diámetro 110,OK,2026-09-29T13:20:46,
PR000000929451,PR000001596398,Codo 90º encolar PVC diámetro 25,OK,2026-09-29T13:20:53,
PR000000929720,PR000001596399,Codo 90º encolar PVC diámetro 20,OK,2026-09-29T13:21:00,
PR000000929768,PR000001596400,"Entronque rosca H polietileno 40x1.1/4""",OK,2026-09-29T13:21:08,
PR000000929808,PR000001596401,Tapón polietileno diámetro 63,OK,2026-09-29T13:28:13,
PR000000929809,PR000001596402,Tapón polietileno diámetro 40,OK,2026-09-29T13:28:23,
PR000000929827,PR000001596403,"Enlace rosca H polietileno diámetro 32x1""",OK,2026-09-29T13:28:32,
PR000000929877,PR000001596404,Tapón polietileno diámetro 32,OK,2026-09-29T13:28:41,
PR000000929878,PR000001596405,Tapón polietileno diámetro 25,OK,2026-09-29T13:28:49,
PR000000929885,PR000001596406,"Enlace rosca M polietileno diámetro 32x1""",OK,2026-09-29T13:28:59,
PR000000929910,PR000001596407,"Entronque rosca H polietileno 45x1.1/4""",OK,2026-09-29T13:29:08,
PR000000929946,PR000001596408,Tapón polietileno diámetro 50,OK,2026-09-29T13:29:17,
PR000000929956,PR000001596409,"Enlace rosca M polietileno diámetro 20x1/2""",OK,2026-09-29T13:29:26,
PR000000929982,PR000001596410,"Entronque rosca M polietileno 40x1.1/4""",OK,2026-09-29T13:29:34,
PR000000930013,PR000001596411,"Enlace rosca H polietileno diámetro 50x1.1/2""",OK,2026-09-29T13:29:43,
PR000000930027,PR000001596412,Manguito polietileno diámetro 25,OK,2026-09-29T13:29:50,
PR000000930028,PR000001596413,"Te rosca H polietileno diámetro 63x2""",OK,2026-09-29T13:29:58,
PR000000930039,PR000001596414,Kit enlace bridas locas PVC encolar EVA diámetro 110,OK,2026-09-29T13:30:07,
PR000000930062,PR000001596415,Manguito polietileno diámetro 63,OK,2026-09-29T13:30:17,
PR000000930065,PR000001596416,Manguito polietileno diámetro 32,OK,2026-09-29T13:30:26,
PR000000930098,PR000001596417,Te polietileno diámetro 32,OK,2026-09-29T13:30:35,
PR000000930099,PR000001596418,Te polietileno diámetro 25,OK,2026-09-29T13:30:43,
PR000000930133,PR000001596419,"Codo 90º polietileno H diámetro 63x2""",OK,2026-09-29T13:30:52,
PR000000930147,PR000001596420,Manguito reducido polietileno diámetro 40x32,OK,2026-09-29T13:38:31,
PR000000930178,PR000001596421,"Te rosca H polietileno diámetro 25x3/4""",OK,2026-09-29T13:38:39,
PR000000930182,PR000001596422,Te polietileno diámetro 40,OK,2026-09-29T13:38:47,
PR000000930263,PR000001596423,Tubo PVC diámetro 63 PN-16 barra,OK,2026-09-29T13:38:56,
PR000000930283,PR000001596424,"Codo 90º polietileno H diámetro 20x3/4""",OK,2026-09-29T13:39:05,
PR000000930286,PR000001596425,Codo 90º polietileno diámetro 63,OK,2026-09-29T13:39:13,
PR000000930474,PR000001596426,Protector contra sobretensiones combinadas V-CHECK 4MPT mini-20 230/400V 3P+N Curva C IGA 20A Tipo 2,OK,2026-09-29T13:39:22,
PR000000930481,PR000001596427,Protector contra sobretensiones combinadas V-CHECK 2MPT mini-25 230/400V 1P+N Curva C IGA 25A Tipo 2,OK,2026-09-29T13:39:30,
PR000000930506,PR000001596428,Contador descarga rayo CDR-401,OK,2026-09-29T13:39:38,
PR000000930561,PR000001596429,Pararrayos NIMBUS 30 CABEZAL PDC electrónico AISI316,OK,2026-09-29T13:39:46,
PR000000930630,PR000001596430,Soporte M-8 bronce con tirafondo para cable 50/70mm2,OK,2026-09-29T13:39:54,
PR000000930632,PR000001596431,Mástil 6m hierro galvanizado(2x3m),OK,2026-09-29T13:40:02,
PR000000930633,PR000001596432,"Adaptador nimbus a mástil diámetro 36,5mm",OK,2026-09-29T13:40:09,
PR000000930684,PR000001596433,Compuesto liquido activador para tomas tierra,OK,2026-09-29T13:40:17,
PR000000930732,PR000001596434,Protector sobretensión permanente V-CHECK 4RP,OK,2026-09-29T13:40:24,
PR000000930742,PR000001596435,Jabalina cobre 300 micras L2mm diámetro 14mm,OK,2026-09-29T13:40:32,
PR000000930743,PR000001596436,Grapa abarcon latón conexión jabalina,OK,2026-09-29T13:40:39,
PR000000930745,PR000001596437,Arqueta registro polipropileno 300x300mm con regleta equipotencial incluída y 3 terminales brida,OK,2026-09-29T13:40:46,
PR000000930783,PR000001596438,Manguito unión cable hasta 70mm2,OK,2026-09-29T13:40:58,
PR000000930785,PR000001596440,Juego anclajes placa tornillo metálicos 15cm,OK,2026-09-29T13:47:41,
PR000000930809,PR000001596442,Placa de señalización de toma de tierra,OK,2026-09-29T13:47:48,
PR000000930960,PR000001596443,Sustainer TM25,OK,2026-09-29T13:47:56,
PR000000931707,PR000001596444,Manguera flexible ESPIROPRES RUBBER 20B 6x12mm (50m),OK,2026-09-29T13:48:03,
PR000000931708,PR000001596445,Manguera flotante TRANSFLOT SECCIONABLE diámetro 38mm apta para limpiafondos (Rollo 50m),OK,2026-09-29T13:48:10,
PR000000931732,PR000001596446,Tubo flexible HIDROTUBO diámetro 34x40mm gris (25m),OK,2026-09-29T13:48:18,
PR000000931733,PR000001596448,Tubo flexible HIDROTUBO diámetro 27x32mm gris (25m),OK,2026-09-29T13:48:26,
PR000000931734,PR000001596449,Tubo flexible HIDROTUBO diámetro 16x20mm gris (25m),OK,2026-09-29T13:48:33,
PR000000931736,PR000001596451,Tubo flexible HIDROTUBO diámetro 20x25mm blanco (25m),OK,2026-09-29T13:48:41,
PR000000931836,PR000001596452,Manguera flexible AGRIPRES 20 BAR diámetro 19x26mm PVC (50m),OK,2026-09-29T13:48:48,
PR000000931853,PR000001596453,Tubo flexible HIDROTUBO diámetro 65x75mm gris (25m),OK,2026-09-29T13:48:55,
PR000000931854,PR000001596455,Tubo flexible HIDROTUBO diámetro 43x50mm gris (25m),OK,2026-09-29T13:49:02,
PR000000931855,PR000001596456,Tubo flexible HIDROTUBO diámetro 35x40mm gris (25m),OK,2026-09-29T13:49:09,
PR000000931857,PR000001596457,Tubo flexible HIDROTUBO diámetro 20x25mm gris (25m),OK,2026-09-29T13:49:17,
PR000000931860,PR000001596458,Tubo flexible HIDROTUBO diámetro 43x50mm blanco (25m),OK,2026-09-29T13:49:24,
PR000000931861,PR000001596459,Tubo flexible HIDROTUBO diámetro 35x40mm blanco (25m),OK,2026-09-29T13:49:31,
PR000000931863,PR000001596460,Tubo flexible HIDROTUBO diámetro 27x32mm blanco (25m),OK,2026-09-29T13:49:38,
PR000000931864,PR000001596461,Tubo flexible HIDROTUBO diámetro 26x32mm blanco (25m),OK,2026-09-29T13:49:46,
PR000000931871,PR000001596462,Manguera SKYHOSE diámetro 25mm PVC azul (50m),OK,2026-09-29T13:49:53,
PR000000932038,PR000001596464,Tubo flexible TRANSLIQUID ANTIESTÁTICO diámetro 63mm poliuretano (30m),OK,2026-09-29T13:56:47,
PR000000932052,PR000001596465,Tubo flexible TRANSLIQUID S Ø35x42mm amarillo PVC (50m),OK,2026-09-29T13:56:56,
PR000000932077,PR000001596466,Tubo flexible ESPIROCRISTAL diámetro 25x31mm,OK,2026-09-29T13:57:04,
PR000000932080,PR000001596467,Tubo flexible ESPIROCRISTAL diámetro 18x23mm (50m),OK,2026-09-29T13:57:13,
PR000000932198,PR000001596468,Tubo flexible ESPIROCRISTAL diámetro 40x49mm,OK,2026-09-29T13:57:22,
PR000000932202,PR000001596469,Tubo flexible ESPIROCRISTAL diámetro 14x18mm (50m),OK,2026-09-29T13:57:30,
PR000000932206,PR000001596470,Tubo flexible ESPIROCRISTAL diámetro 10x12mm (50m),OK,2026-09-29T13:57:39,
PR000000932216,PR000001596471,Tubo flexible ESPIROCRISTAL diámetro 6x8mm (50m),OK,2026-09-29T13:57:48,
PR000000932246,PR000001596472,Tubo flexible HIDROTUBO diámetro 35x40mm gris (50m),OK,2026-09-29T13:57:56,
PR000000932354,PR000001596473,Tubo flexible HIDROTUBO diámetro 34x40mm blanco (50m),OK,2026-09-29T13:58:05,
PR000000932355,PR000001596474,Tubo flexible HIDROTUBO diámetro 35x40mm blanco,OK,2026-09-29T13:58:13,
PR000000932471,PR000001596475,Abrazadera de acero al carbono M8 diámetro 98-103mm con banda y tornillo acero inoxidable,OK,2026-09-29T13:58:20,
PR000000932623,PR000001596476,Manguera PULVEFLEX 80bar diámetro 12x20mm PVC negro (100m),OK,2026-09-29T13:58:27,
PR000000932805,PR000001596477,Manguera LISFLEX diámetro 32mm para evacuaciones PVC negro opaco (30m),OK,2026-09-29T13:58:35,
PR000000932821,PR000001596478,Manguera ESPIROLIQUID PU diámetro 60mm poliuretano con espiral de PVC (50m),OK,2026-09-29T13:58:42,
PR000000932946,PR000001596479,Tubería flexible GAS PROTECT diámetro 27x32mm (25m),OK,2026-09-29T13:58:49,
PR000000933002,PR000001596480,Abrazadera sin fin de acero al carbono diámetro 25-40mm 12mm acero inoxidable con tornillo de acero,OK,2026-09-29T13:58:57,
PR000000933010,PR000001596481,Abrazadera sin fin de acero al carbono diámetro 25-40mm 9mm con tornillo de acero,OK,2026-09-29T13:59:04,
PR000000933030,PR000001596482,Abrazadera sin fin de acero al carbono diámetro 80-100mm 12mm acero inoxidable con tornillo de acer,OK,2026-09-29T13:59:11,
PR000000933064,PR000001596483,Manguera METALPRESS OIL diámetro 45mm líquidos PVC (30m),PENDIENTE,2026-09-29T14:00:52,pendiente sync manual Ferros (report 50013: codigo_nuevo ..)
PR000000933233,PR000001596485,Tubo ESPIROFLEX aluminio compacto diámetro 125mm (100m),PENDIENTE,2026-09-29T14:01:08,pendiente sync manual Ferros (report 50013: codigo_nuevo ..)
PR000000933272,PR000001596486,Tubo ESPIROFLEX aluminio compacto diámetro 110mm (80m),PENDIENTE,2026-09-29T14:01:28,pendiente sync manual Ferros (report 50013: codigo_nuevo ..)
PR000000933276,PR000001596487,Tubo ESPIROFLEX aluminio compacto diámetro 90mm (125m),PENDIENTE,2026-09-29T14:01:43,pendiente sync manual Ferros (report 50013: codigo_nuevo ..)
PR000000933277,PR000001596488,Tubo ESPIROFLEX aluminio compacto diámetro 80mm (150m),PENDIENTE,2026-09-29T14:01:57,pendiente sync manual Ferros (report 50013: codigo_nuevo ..)
PR000000933377,PR000001596490,Kit caja pared de superficie / empotrar para 2 elementos dobles con 1 enchufe doble y 2 placas 1 RJ4,PENDIENTE,2026-09-29T14:02:22,pendiente sync manual Ferros (report 50013: codigo_nuevo ..)
PR000000934044,PR000001596491,Caja de superficie SIMON 270 - EMPOTRAR 1 elemento,PENDIENTE,2026-09-29T14:02:36,pendiente sync manual Ferros (report 50013: codigo_nuevo ..)
PR000000934273,PR000001596492,Base enchufe Simon K45 doble Schuko embornado rápido rojo,PENDIENTE,2026-09-29T14:02:50,pendiente sync manual Ferros (report 50013: codigo_nuevo ..)
PR000000934761,PR000001596493,Caja de superficie compacta SIMON 270 - EMPOTRAR 2 elementos,PENDIENTE,2026-09-29T14:03:03,pendiente sync manual Ferros (report 50013: codigo_nuevo ..)
PR000000935003,PR000001596494,Marco SIMON 270 - EMPOTRAR 3 elementos,PENDIENTE,2026-09-29T14:03:17,pendiente sync manual Ferros (report 50013: codigo_nuevo ..)
PR000000935400,PR000001596495,Conector RJ45 CAT6 FTP,PENDIENTE,2026-09-29T14:03:32,pendiente sync manual Ferros (report 50013: codigo_nuevo ..)
PR000000935530,PR000001596496,Base caja superficie SIMON 500 CIMA para kit 2 módulos blanco,PENDIENTE,2026-09-29T14:03:46,pendiente sync manual Ferros (report 50013: codigo_nuevo ..)
PR000000935585,PR000001596497,Cajetín empotrar SIMON 500 CIMA con 4 módulos,PENDIENTE,2026-09-29T14:03:58,pendiente sync manual Ferros (report 50013: codigo_nuevo ..)
PR000000935586,PR000001596498,Cajetín empotrar SIMON 500 CIMA con 3 módulos,PENDIENTE,2026-09-29T14:04:10,pendiente sync manual Ferros (report 50013: codigo_nuevo ..)
PR000000935587,PR000001596499,Cajetín empotrar SIMON 500 CIMA con 2 módulos,PENDIENTE,2026-09-29T14:04:22,pendiente sync manual Ferros (report 50013: codigo_nuevo ..)
PR000000935588,PR000001596500,Cajetín empotrar SIMON 500 CIMA con 1 módulo,PENDIENTE,2026-09-29T14:04:36,pendiente sync manual Ferros (report 50013: codigo_nuevo ..)
PR000000935635,PR000001596501,Caja superficie SIMON 500 CIMA con 2 módulos blanco,PENDIENTE,2026-09-29T14:04:48,pendiente sync manual Ferros (report 50013: codigo_nuevo ..)
PR000000935709,PR000001596502,Base enchufe SIMON 500 CIMA doble schuko por corte con LED rojo,PENDIENTE,2026-09-29T14:05:02,pendiente sync manual Ferros (report 50013: codigo_nuevo ..)
PR000000935721,PR000001596503,Placa ciega individual SIMON 500 CIMA blanco,PENDIENTE,2026-09-29T14:05:15,pendiente sync manual Ferros (report 50013: codigo_nuevo ..)
PR000000935808,PR000001596509,Base enchufe SIMON 500 CIMA doble schuko por corte sin LED blanco,PENDIENTE,2026-09-30T09:11:59,pendiente sync manual Ferros (report 50013: codigo_nuevo ..)
PR000000935821,PR000001596510,Placa V&D plana CG SIMON 500 CIMA con 2 conectores AMP/BR/SY/KR/BE blanco,PENDIENTE,2026-09-30T09:12:12,pendiente sync manual Ferros (report 50013: codigo_nuevo ..)
PR000000935826,PR000001596511,Placa V&D plana CG SIMON 500 CIMA con 1 conector AMP/BR/SY/KR/BE blanco,PENDIENTE,2026-09-30T09:12:25,pendiente sync manual Ferros (report 50013: codigo_nuevo ..)
PR000000935969,PR000001596512,Conmutador SIMON 77 10AX,PENDIENTE,2026-09-30T09:12:39,pendiente sync manual Ferros (report 50013: codigo_nuevo ..)
PR000000935972,PR000001596513,Interruptor SIMON 77 unipolar 10AX,PENDIENTE,2026-09-30T09:12:53,pendiente sync manual Ferros (report 50013: codigo_nuevo ..)
PR000000936700,PR000001596514,Tapa informática SIMON 27 RJ45 ORTONICS blanco nieve,PENDIENTE,2026-09-30T09:13:06,pendiente sync manual Ferros (report 50013: codigo_nuevo ..)
PR000000936749,PR000001596516,Base SIMON 27 2P TT lateral schuko con obturador de seguridad blanco nieve,PENDIENTE,2026-09-30T09:13:18,pendiente sync manual Ferros (report 50013: codigo_nuevo ..)
PR000000936772,PR000001596517,Tapa informática universal SIMON 27 con 2 conectores blanco nieve,PENDIENTE,2026-09-30T09:13:31,pendiente sync manual Ferros (report 50013: codigo_nuevo ..)
PR000000936774,PR000001596518,Base SIMON 27 2P TT lateral schuko con obturador de seguridad rojo,PENDIENTE,2026-09-30T09:13:45,pendiente sync manual Ferros (report 50013: codigo_nuevo ..)
PR000000936775,PR000001596519,Base SIMON 27 2P TT lateral schuko con obturador de seguridad blanco nieve,PENDIENTE,2026-09-30T09:13:57,pendiente sync manual Ferros (report 50013: codigo_nuevo ..)
PR000000936805,PR000001596520,Tapa informática universal SIMON 27 módulo ancho blanco nieve,PENDIENTE,2026-09-30T09:14:10,pendiente sync manual Ferros (report 50013: codigo_nuevo ..)
PR000000936835,PR000001596521,Marco SIMON 27 PLAY con 3 elementos blanco,PENDIENTE,2026-09-30T09:14:23,pendiente sync manual Ferros (report 50013: codigo_nuevo ..)
PR000000936862,PR000001596522,Marco SIMON 27 PLAY con 2 elementos blanco,PENDIENTE,2026-09-30T09:14:42,pendiente sync manual Ferros (report 50013: codigo_nuevo ..)
PR000000936872,PR000001596523,Marco SIMON 27 PLAY con 1 elemento blanco,PENDIENTE,2026-09-30T09:14:57,pendiente sync manual Ferros (report 50013: codigo_nuevo ..)
PR000000936886,PR000001596524,Tapa base SIMON 27 PLAY 2P TT schuko+seguridad antibacteria,PENDIENTE,2026-09-30T09:15:10,pendiente sync manual Ferros (report 50013: codigo_nuevo ..)
PR000000936959,PR000001596525,Tecla SIMON 27 SCUDO doble blanco,PENDIENTE,2026-09-30T09:15:25,pendiente sync manual Ferros (report 50013: codigo_nuevo ..)
PR000000936989,PR000001596526,Base enchufe SIMON 73 LOFT bipolar TT lateral blanco,PENDIENTE,2026-09-30T09:15:40,pendiente sync manual Ferros (report 50013: codigo_nuevo ..)
PR000000937008,PR000001596527,Conmutador SIMON 73 LOFT blanco,PENDIENTE,2026-09-30T09:15:55,pendiente sync manual Ferros (report 50013: codigo_nuevo ..)
PR000000937064,PR000001596528,Marco SIMON 82 con 3 elementos nature cristal plata,PENDIENTE,2026-09-30T09:16:11,pendiente sync manual Ferros (report 50013: codigo_nuevo ..)
PR000000937068,PR000001596545,Marco SIMON 82 con 1 elemento nature cristal azul plata,PENDIENTE,2026-10-01T10:24:45,pendiente sync manual Ferros (report 50013: codigo_nuevo ..)
PR000000937113,PR000001596546,Juego garras SIMON 27 para 10 bastidores,PENDIENTE,2026-10-01T10:24:58,pendiente sync manual Ferros (report 50013: codigo_nuevo ..)
PR000000937147,PR000001596547,Tapa enchufe SIMON 75 2P+TT lateral schuko+seguridad blanco nieve,PENDIENTE,2026-10-01T10:25:11,pendiente sync manual Ferros (report 50013: codigo_nuevo ..)
PR000000937262,PR000001596548,Marco SIMON 82 con 1 elemento blanco nieve,PENDIENTE,2026-10-01T10:25:23,pendiente sync manual Ferros (report 50013: codigo_nuevo ..)
PR000000937302,PR000001596549,Tapa zumbador SIMON 82 blanco nieve,PENDIENTE,2026-10-01T10:25:37,pendiente sync manual Ferros (report 50013: codigo_nuevo ..)
PR000000937323,PR000001596550,Tapa enchufe SIMON 82 2P+TT lateral+seguridad aluminio,PENDIENTE,2026-10-01T10:25:52,pendiente sync manual Ferros (report 50013: codigo_nuevo ..)
PR000000937480,PR000001596551,Conmutador de cruce SIMON 27 ancho blanco nieve,PENDIENTE,2026-10-01T10:26:09,pendiente sync manual Ferros (report 50013: codigo_nuevo ..)
PR000000937494,PR000001596552,Conmutador SIMON 27 ancho blanco nieve,PENDIENTE,2026-10-01T10:26:24,pendiente sync manual Ferros (report 50013: codigo_nuevo ..)
PR000000937503,PR000001596553,Pulsador SIMON 27 con grabado campana y módulo estrecho blanco nieve,PENDIENTE,2026-10-01T10:26:40,pendiente sync manual Ferros (report 50013: codigo_nuevo ..)
PR000000937504,PR000001596554,Interruptor SIMON 27 bipolar ancho con piloto 16A blanco nieve,PENDIENTE,2026-10-01T10:26:55,pendiente sync manual Ferros (report 50013: codigo_nuevo ..)
PR000000937505,PR000001596555,Interruptor SIMON 27 bipolar ancho 16A blanco nieve,PENDIENTE,2026-10-01T10:27:11,pendiente sync manual Ferros (report 50013: codigo_nuevo ..)
PR000000937513,PR000001596556,Pulsador SIMON 27 con luz luminoso y módulo estrecho blanco nieve,PENDIENTE,2026-10-01T10:27:26,pendiente sync manual Ferros (report 50013: codigo_nuevo ..)
PR000000937527,PR000001596557,Interruptor SIMON 27 Play unipolar ancho blanco nieve,PENDIENTE,2026-10-01T10:27:39,pendiente sync manual Ferros (report 50013: codigo_nuevo ..)
PR000000937528,PR000001596558,Interruptor SIMON 27 Play unipolar estrecho blanco nieve,PENDIENTE,2026-10-01T10:27:52,pendiente sync manual Ferros (report 50013: codigo_nuevo ..)
PR000000937554,PR000001596559,Tecla SIMON 75 para interruptor diferencial bipolar 16A marfil,PENDIENTE,2026-10-01T10:28:06,pendiente sync manual Ferros (report 50013: codigo_nuevo ..)
PR000000937569,PR000001596560,Caja de superficie Simon 27 para 1 elemento blanco nieve,PENDIENTE,2026-10-01T10:28:22,pendiente sync manual Ferros (report 50013: codigo_nuevo ..)
PR000000937571,PR000001596561,Base enchufe SIMON 75 2P con TT lateral,PENDIENTE,2026-10-01T10:28:39,pendiente sync manual Ferros (report 50013: codigo_nuevo ..)
